citing_cluster,citing_court_id,citing_level,citing_case_name,citing_char_count,citation_string,cited_case_name,year,court_hint,parenthetical,cited_tier,lookup_status,in_cl,lookup_confidence,lookup_matched_name,lookup_matched_url,lookup_diagnostics
10850875,txsd,federal_trial,,16613,456 U.S. at 485,Kremer v. Chem. Const. Corp.,,U.S. Supreme Court,"a litigant's ""fail[ure] to avail himself of the full procedures provided by state law does not constitute a sign of their inadequacy""",SCOTUS,VERIFIED,yes,1.000,Kremer v. Chemical Construction Corp.,https://www.courtlistener.com/opinion/110706/kremer-v-chemical-construction-corp/,
10856698,mad,federal_trial,,24720,594 U.S. at 442,TransUnion LLC v. Ramirez,,U.S. Supreme Court,quotation omitted,SCOTUS,NOT_FOUND,no,0.000,,,Quick search only: not in citation lookup API
10839087,ilnd,federal_trial,,11890,392 U.S. 481,"Hanover Shoe, Inc. v. United Shoe Machinery Corp.",1968,U.S. Supreme Court,,SCOTUS,VERIFIED,yes,1.000,"Hanover Shoe, Inc. v. United Shoe MacHinery Corp.",https://www.courtlistener.com/opinion/107749/hanover-shoe-inc-v-united-shoe-machinery-corp/,
10809924,ny,state_colr,People v. Bender,12159,500 US 145,Michigan v Lucas,1991,U.S. Supreme Court,,SCOTUS,VERIFIED,yes,1.000,Michigan v. Lucas,https://www.courtlistener.com/opinion/112590/michigan-v-lucas/,
10844072,dcd,federal_trial,Dusenbery v. Trump,3914,"415 U.S. 528, 536–37",Hagans v. Lavine,1974,U.S. Supreme Court,"""Over the years, this Court has repeatedly held that the federal courts are without power to entertain claims otherwise within their jurisdiction if they are 'so attenuated and unsubstantial as to be absolutely devoid of merit.'"" (quoting Newburyport Water Co. v. Newburyport, 193 U.S. 561, 579 (1904))",SCOTUS,VERIFIED,yes,1.000,Hagans v. Lavine,https://www.courtlistener.com/opinion/108987/hagans-v-lavine/,
10832493,dcd,federal_trial,Gardner v. Haaland,20261,"599 U.S. 555, 566",Arizona v. Navajo Nation,2023,U.S. Supreme Court,,SCOTUS,VERIFIED,yes,1.000,Arizona v. Navajo Nation,https://www.courtlistener.com/opinion/10049670/arizona-v-navajo-nation/,
10782555,ilnd,federal_trial,,21207,"490 U.S. 386, 396",Graham v. Connor,1989,U.S. Supreme Court,"[""T]he right to make an arrest . . . carries with it the right to use some degree of physical coercion or threat thereof to effect it.",SCOTUS,VERIFIED,yes,1.000,Graham v. Connor,https://www.courtlistener.com/opinion/112257/graham-v-connor/,
10779126,cand,federal_trial,,16966,556 U.S. 662,Ashcroft v. Iqbal,2009,U.S. Supreme Court,,SCOTUS,VERIFIED,yes,1.000,Ashcroft v. Iqbal,https://www.courtlistener.com/opinion/145875/ashcroft-v-iqbal/,
10789794,mad,federal_trial,,10411,"556 U.S. 662, 676–77",Ashcroft v. Iqbal,2009,U.S. Supreme Court,,SCOTUS,VERIFIED,yes,1.000,Ashcroft v. Iqbal,https://www.courtlistener.com/opinion/145875/ashcroft-v-iqbal/,
10848034,mad,federal_trial,,12465,551 U.S. 89,Erickson v. Pardus,2007,U.S. Supreme Court,per curiam,SCOTUS,VERIFIED,yes,1.000,Erickson v. Pardus,https://www.courtlistener.com/opinion/145722/erickson-v-pardus/,
10844072,dcd,federal_trial,Dusenbery v. Trump,3914,550 U.S. at 555,Bell Atl. Corp. v. Twombly,,U.S. Supreme Court,cleaned up,SCOTUS,VERIFIED,yes,1.000,Bell Atlantic Corp. v. Twombly,https://www.courtlistener.com/opinion/145730/bell-atlantic-corp-v-twombly/,
10853090,ilnd,federal_trial,,13113,556 U.S. 662,Ashcroft v. Iqbal,2009,U.S. Supreme Court,,SCOTUS,VERIFIED,yes,1.000,Ashcroft v. Iqbal,https://www.courtlistener.com/opinion/145875/ashcroft-v-iqbal/,
10807315,dcd,federal_trial,Shafique v. United States Marshal Service,24704,110 U.S. 276,Krippendorf v. Hyde,1884,U.S. Supreme Court,,SCOTUS,VERIFIED,yes,1.000,Krippendorf v. Hyde,https://www.courtlistener.com/opinion/91029/krippendorf-v-hyde/,
10789794,mad,federal_trial,,10411,"490 U.S. 319, 324",Neitzke v. Williams,1989,U.S. Supreme Court,,SCOTUS,VERIFIED,yes,1.000,Neitzke v. Williams,https://www.courtlistener.com/opinion/112254/neitzke-v-williams/,
10844072,dcd,federal_trial,Dusenbery v. Trump,3914,"550 U.S. 544, 555",Bell Atl. Corp. v. Twombly,2007,U.S. Supreme Court,,SCOTUS,VERIFIED,yes,1.000,Bell Atlantic Corp. v. Twombly,https://www.courtlistener.com/opinion/145730/bell-atlantic-corp-v-twombly/,
10795160,dcd,federal_trial,Brutus v. Trump,4170,"542 U.S. 426, 435",Rumsfeld v. Padilla,2004,U.S. Supreme Court,,SCOTUS,VERIFIED,yes,1.000,Rumsfeld v. Padilla,https://www.courtlistener.com/opinion/136999/rumsfeld-v-padilla/,
10768378,mad,federal_trial,,5698,"519 U.S. 61, 68",Caterpillar Inc. v. Lewis,1996,U.S. Supreme Court,,SCOTUS,VERIFIED,yes,1.000,Caterpillar Inc. v. Lewis,https://www.courtlistener.com/opinion/118069/caterpillar-inc-v-lewis/,
10850875,txsd,federal_trial,,16613,"452 U.S. 394, 401","Federated Dept. Stores, Inc. v. Moitie",1981,U.S. Supreme Court,,SCOTUS,VERIFIED,yes,1.000,"Federated Department Stores, Inc. v. Moitie",https://www.courtlistener.com/opinion/110520/federated-department-stores-inc-v-moitie/,
10806682,dcd,federal_trial,United States v. Iesajaco,6082,604 U.S. 423,Delligatti v. United States,2025,U.S. Supreme Court,holding that knowingly or intentionally causing death necessarily involves the use of physical force,SCOTUS,VERIFIED,yes,1.000,Delligatti v. United States,https://www.courtlistener.com/opinion/10776864/delligatti-v-united-states/,
10782386,txsd,federal_trial,,24509,584 U.S. 414,McCoy v. Louisiana,2018,U.S. Supreme Court,,SCOTUS,VERIFIED,yes,1.000,McCoy v. Louisiana,https://www.courtlistener.com/opinion/4497656/mccoy-v-louisiana/,
10782386,txsd,federal_trial,,24509,566 U.S. 1,Martinez v. Ryan,2012,U.S. Supreme Court,,SCOTUS,VERIFIED,yes,1.000,Martinez v. Ryan,https://www.courtlistener.com/opinion/625711/martinez-v-ryan/,
10797421,txsd,federal_trial,,10797,551 U.S. 89,Erickson v. Paradus,2007,U.S. Supreme Court,,SCOTUS,VERIFIED,yes,1.000,Erickson v. Pardus,https://www.courtlistener.com/opinion/145722/erickson-v-pardus/,
10844968,ilnd,federal_trial,,20151,139 S. Ct. 1148,Biestek v. Berryhill,2019,U.S. Supreme Court,citations omitted,SCOTUS,VERIFIED,yes,1.000,Biestek v. Berryhill,https://www.courtlistener.com/opinion/4605634/biestek-v-berryhill/,
10768445,cand,federal_trial,,12644,545 U.S. 308,"Grable & Sons Metal Prods., Inc. v. Darue Eng'g & Mfg.",2005,U.S. Supreme Court,,SCOTUS,VERIFIED,yes,1.000,"Grable & Sons Metal Products, Inc. v. Darue Engineering & Manufacturing",https://www.courtlistener.com/opinion/799977/grable-sons-metal-products-inc-v-darue-engineering-manufacturing/,
10810840,mad,federal_trial,,23675,550 U.S. 544,Bell Atl. Corp. v. Twombly,2007,U.S. Supreme Court,,SCOTUS,VERIFIED,yes,1.000,Bell Atlantic Corp. v. Twombly,https://www.courtlistener.com/opinion/145730/bell-atlantic-corp-v-twombly/,
10848034,mad,federal_trial,,12465,491 U.S. 58,Will v. Michigan Dep't of State Police,1989,U.S. Supreme Court,,SCOTUS,VERIFIED,yes,1.000,Will v. Michigan Department of State Police,https://www.courtlistener.com/opinion/112293/will-v-michigan-department-of-state-police/,
10796076,dcd,federal_trial,Powell v. United States Department of Treasury,22965,556 U.S. 662,Ashcroft v. Iqbal,2009,U.S. Supreme Court,"quoting Bell Atl. Corp. v. Twombly, 550 U.S. 544, 555, 570 (2007)",SCOTUS,VERIFIED,yes,1.000,Ashcroft v. Iqbal,https://www.courtlistener.com/opinion/145875/ashcroft-v-iqbal/,
10841844,ilnd,federal_trial,,16122,587 U.S. 97,Biestek v. Berryhill,2019,U.S. Supreme Court,,SCOTUS,VERIFIED,yes,1.000,Biestek v. Berryhill,https://www.courtlistener.com/opinion/4605634/biestek-v-berryhill/,
10814726,fladistctapp,state_iac,Miami-Dade County v. Dr. David Fintan Garavan,17548,"532 U.S. 105, 114–15","Circuit City Stores, Inc. v. Adams",2001,U.S. Supreme Court,,SCOTUS,VERIFIED,yes,1.000,"Circuit City Stores, Inc. v. Adams",https://www.courtlistener.com/opinion/118415/circuit-city-stores-inc-v-adams/,
10778972,mad,federal_trial,,11011,"523 U.S. 410, 412",Beach v. Ocwen Fed. Bank,1998,U.S. Supreme Court,,SCOTUS,VERIFIED,yes,1.000,Beach v. Ocwen Federal Bank,https://www.courtlistener.com/opinion/118197/beach-v-ocwen-federal-bank/,
10850700,mad,federal_trial,,7117,"394 U.S. 823, 824 n.2","Kramer v. Caribbean Mills, Inc.",1969,U.S. Supreme Court,,SCOTUS,VERIFIED,yes,1.000,"Kramer v. Caribbean Mills, Inc.",https://www.courtlistener.com/opinion/107920/kramer-v-caribbean-mills-inc/,
10786945,cand,federal_trial,,3562,Jd. at 741,"Coinbase, Inc. v. Bielski",2023,U.S. Supreme Court,,SCOTUS,NOT_FOUND,no,0.000,,,Quick search only: not in citation lookup API
10845114,mad,federal_trial,,19916,443 U.S. 137,Baker v. McCollan,1979,U.S. Supreme Court,,SCOTUS,VERIFIED,yes,1.000,Baker v. McCollan,https://www.courtlistener.com/opinion/110132/baker-v-mccollan/,
10796076,dcd,federal_trial,Powell v. United States Department of Treasury,22965,550 U.S. 544,Bell Atl. Corp. v. Twombly,2007,U.S. Supreme Court,,SCOTUS,VERIFIED,yes,1.000,Bell Atlantic Corp. v. Twombly,https://www.courtlistener.com/opinion/145730/bell-atlantic-corp-v-twombly/,
10786075,dcd,federal_trial,Hughes v. Superior Court for the District of Columbia,18440,556 U.S. 662,Ashcroft v. Iqbal,2009,U.S. Supreme Court,"quoting Bell Atl. Corp. v. Twombly, 550 U.S. 544, 570 (2007)",SCOTUS,VERIFIED,yes,1.000,Ashcroft v. Iqbal,https://www.courtlistener.com/opinion/145875/ashcroft-v-iqbal/,
10794026,mad,federal_trial,,10182,"404 U.S. 519, 520",Haines v. Kerner,1972,U.S. Supreme Court,,SCOTUS,VERIFIED,yes,1.000,Haines v. Kerner,https://www.courtlistener.com/opinion/108432/haines-v-kerner/,
10778972,mad,federal_trial,,11011,"550 U.S. 544, 570",Bell Atl. Corp. v. Twombly,2007,U.S. Supreme Court,,SCOTUS,VERIFIED,yes,1.000,Bell Atlantic Corp. v. Twombly,https://www.courtlistener.com/opinion/145730/bell-atlantic-corp-v-twombly/,
10805616,txsd,federal_trial,,23376,511 U.S. 825,Farmer v. Brennan,1994,U.S. Supreme Court,,SCOTUS,VERIFIED,yes,1.000,Farmer v. Brennan,https://www.courtlistener.com/opinion/1087956/farmer-v-brennan/,
10850875,txsd,federal_trial,,16613,"456 U.S. 461, 481 n.22",Kremer v. Chem. Const. Corp.,1982,U.S. Supreme Court,,SCOTUS,VERIFIED,yes,1.000,Kremer v. Chemical Construction Corp.,https://www.courtlistener.com/opinion/110706/kremer-v-chemical-construction-corp/,
10845114,mad,federal_trial,,19916,490 U.S. at 396,Graham v. Connor,,,,SCOTUS,VERIFIED,yes,1.000,Graham v. Connor,https://www.courtlistener.com/opinion/112257/graham-v-connor/,
10804727,txsd,federal_trial,,22749,"477 U.S. 317, 323",Celotex Corp. v. Catrett,1986,U.S. Supreme Court,,SCOTUS,VERIFIED,yes,1.000,"Celotex Corp. v. Catrett, Administratrix of the Estate of Catrett",https://www.courtlistener.com/opinion/111722/celotex-corp-v-catrett-administratrix-of-the-estate-of-catrett/,
10786075,dcd,federal_trial,Hughes v. Superior Court for the District of Columbia,18440,523 U.S.,Cnty. of Sacramento v. Lewis,,U.S. Supreme Court,,SCOTUS,NOT_FOUND,no,0.000,,,Quick search only: not in citation lookup API
10833791,dcd,federal_trial,American Oversight v. U.S. Department of Justice,21213,"556 U.S. 418, 435",Nken v. Holder,2009,U.S. Supreme Court,,SCOTUS,VERIFIED,yes,1.000,Nken v. Holder,https://www.courtlistener.com/opinion/145884/nken-v-holder/,
10785894,ilnd,federal_trial,,18043,129 S. Ct. 1937,Ashcroft v. Iqbal,2009,U.S. Supreme Court,,SCOTUS,VERIFIED,yes,1.000,Ashcroft v. Iqbal,https://www.courtlistener.com/opinion/145875/ashcroft-v-iqbal/,
10785269,dcd,federal_trial,"United States v. Approximately 1,467,761.163191 Usdt",18842,"547 U.S. 220, 226",Jones v. Flowers,2006,U.S. Supreme Court,,SCOTUS,VERIFIED,yes,1.000,Jones v. Flowers,https://www.courtlistener.com/opinion/145663/jones-v-flowers/,
10778972,mad,federal_trial,,11011,556 U.S. at 679,Ashcroft v. Iqbal,,U.S. Supreme Court,"While legal conclusions can provide the framework of a complaint, they must be supported by factual allegations.",SCOTUS,VERIFIED,yes,1.000,Ashcroft v. Iqbal,https://www.courtlistener.com/opinion/145875/ashcroft-v-iqbal/,
10782555,ilnd,federal_trial,,21207,"583 U.S. 48, 61",District of Columbia v. Wesby,2018,U.S. Supreme Court,,SCOTUS,VERIFIED,yes,1.000,District of Columbia v. Wesby,https://www.courtlistener.com/opinion/4460854/district-of-columbia-v-wesby/,
10805616,txsd,federal_trial,,23376,556 U.S. 662,Ashcroft v. Iqbal,2009,U.S. Supreme Court,,SCOTUS,VERIFIED,yes,1.000,Ashcroft v. Iqbal,https://www.courtlistener.com/opinion/145875/ashcroft-v-iqbal/,
10850700,mad,federal_trial,,7117,"490 U.S. 826, 828","Newman-Green, Inc. v. Alfonzo-Larrain",1989,U.S. Supreme Court,,SCOTUS,VERIFIED,yes,1.000,"Newman-Green, Inc. v. Alfonzo-Larrain",https://www.courtlistener.com/opinion/112278/newman-green-inc-v-alfonzo-larrain/,
10844072,dcd,federal_trial,Dusenbery v. Trump,3914,"193 U.S. 561, 579",Newburyport Water Co. v. Newburyport,1904,U.S. Supreme Court,,SCOTUS,VERIFIED,yes,1.000,Newburyport Water Co. v. Newburyport,https://www.courtlistener.com/opinion/96050/newburyport-water-co-v-newburyport/,
10814121,mad,federal_trial,,8006,"383 F.3d 7, 12",Steir v. Girl Scouts of the USA,2004,1st Cir.,,Circuit,VERIFIED,yes,1.000,Steir v. Girl Scouts of the U,https://www.courtlistener.com/opinion/201318/steir-v-girl-scouts-of-the-u/,
10848034,mad,federal_trial,,12465,956 F.3d 36,Cortés-Ramos v. Martin-Morales,2020,1st Cir.,quotation marks omitted,Circuit,VERIFIED,yes,1.000,Cortes-Ramos v. Martin-Morales,https://www.courtlistener.com/opinion/4744466/cortes-ramos-v-martin-morales/,
10848034,mad,federal_trial,,12465,126 F.4th 76,"Thornton v. Ipsen Biopharmaceuticals, Inc.",2025,1st Cir.,,Circuit,VERIFIED,yes,1.000,"Thornton v. Ipsen Biopharmaceuticals, Inc.",https://www.courtlistener.com/opinion/10315228/thornton-v-ipsen-biopharmaceuticals-inc/,
10805616,txsd,federal_trial,,23376,276 F.3d 736,Oliver v. Scott,2002,5th Cir.,,Circuit,VERIFIED,yes,1.000,Oliver v. Scott,https://www.courtlistener.com/opinion/26433/oliver-v-scott/,
10778711,ill,state_colr,"Griffith Foods International Inc. v. National Union Fire Insurance Company of Pittsburgh, PA",24260,134 F.4th 483,Griffith Foods International Inc. v. National Union Fire Insurance Co. of Pittsburgh,2025,7th Cir.,,Circuit,VERIFIED,yes,1.000,Griffith Foods International Inc. v. National Union Fire Insurance Company of Pittsburg,https://www.courtlistener.com/opinion/10376860/griffith-foods-international-inc-v-national-union-fire-insurance-company/,
10850875,txsd,federal_trial,,16613,"913 F.3d 464, 470",Thompson v. Dall. City Attorney's Off.,2019,5th Cir.,quotation omitted,Circuit,VERIFIED,yes,1.000,Petrina Thompson v. Dallas City Attorney's Office,https://www.courtlistener.com/opinion/4581025/petrina-thompson-v-dallas-city-attorneys-office/,
10804727,txsd,federal_trial,,22749,"22 F.4th 450, 459","Terry Black's Barbecue, L.L.C. v. State Auto. Mut. Ins. Co.",2022,5th Cir.,,Circuit,NOT_FOUND,no,0.000,,,Quick search only: not in citation lookup API
10797421,txsd,federal_trial,,10797,50 F 4th 432,"Frankling Incorporated v. BA CE Services, Incorporated",2022,5th Cir.,,Circuit,NOT_FOUND,no,0.000,,,Quick search only: not in citation lookup API
10833791,dcd,federal_trial,American Oversight v. U.S. Department of Justice,21213,"414 F.2d 1168, 1174",Dorfmann v. Boozer,1969,D.C. Cir.,,Circuit,VERIFIED,yes,1.000,"Richard Dorfmann, T/a Tenth Street Limited Partnership v. Russell B. Boozer",https://www.courtlistener.com/opinion/286148/richard-dorfmann-ta-tenth-street-limited-partnership-v-russell-b-boozer/,
10807648,txsd,federal_trial,,2520,"434 F.3d 303, 308","Guillory v. PPG Indus., Inc.",2005,5th Cir.,,Circuit,VERIFIED,yes,1.000,"Guillory v. PPG Industries, Inc.",https://www.courtlistener.com/opinion/40360/guillory-v-ppg-industries-inc/,
10778972,mad,federal_trial,,11011,"412 F.3d 17, 19","Belini v. Washington Mut. Bank, FA",2005,1st Cir.,,Circuit,VERIFIED,yes,1.000,"Belini v. Washington Mutual Bank, FA",https://www.courtlistener.com/opinion/201649/belini-v-washington-mutual-bank-fa/,
10807315,dcd,federal_trial,Shafique v. United States Marshal Service,24704,760 F.3d 1,Sissel v. HHS,2014,D.C. Cir.,,Circuit,VERIFIED,yes,1.000,Sissel v. United States Department of Health & Human Services,https://www.courtlistener.com/opinion/2686138/sissel-v-united-states-department-of-health-human-services/,
10782555,ilnd,federal_trial,,21207,"574 F.3d 361, 366",Catlin v. City of Wheaton,2009,7th Cir.,"Because the arrest was valid, the defendants were allowed to use some force in the course of effecting the arrest.",Circuit,VERIFIED,yes,1.000,Catlin v. City of Wheaton,https://www.courtlistener.com/opinion/1359461/catlin-v-city-of-wheaton/,
10839629,ilnd,federal_trial,,11061,"102 F.4th 438, 440","Thermoflex Waukegan, LLC v. Mitsui Sumitomo Ins. USA, Inc.",2024,7th Cir.,,Circuit,VERIFIED,yes,1.000,"Thermoflex Waukegan, LLC v. Mitsui Sumitomo Insurance USA, Inc.",https://www.courtlistener.com/opinion/9505090/thermoflex-waukegan-llc-v-mitsui-sumitomo-insurance-usa-inc/,
10796076,dcd,federal_trial,Powell v. United States Department of Treasury,22965,726 F.3d 208,"Jud. Watch, Inc. v. U.S. Secret Serv.",2013,D.C. Cir.,citation omitted,Circuit,VERIFIED,yes,1.000,"Judicial Watch, Inc. v. United States Secret Service",https://www.courtlistener.com/opinion/1039433/judicial-watch-inc-v-united-states-secret-service/,
10768445,cand,federal_trial,,12644,425 F.3d at 694,Harris v. Bankers Life & Cas. Co.,,,,Circuit,VERIFIED,yes,1.000,Robert H. Harris v. Bankers Life and Casualty Company Kenneth L. Brown,https://www.courtlistener.com/opinion/792136/robert-h-harris-v-bankers-life-and-casualty-company-kenneth-l-brown/,
10779126,cand,federal_trial,,16966,862 F.2d 1381,"Toth v. Trans World Airlines, Inc.",1988,9th Cir.,,Circuit,VERIFIED,yes,1.000,"Rita A. Toth, and Sondra J. Thornally, Esq., Claimant-Appellant v. Trans World Airlines, Inc.",https://www.courtlistener.com/opinion/515509/rita-a-toth-and-sondra-j-thornally-esq-claimant-appellant-v-trans/,
10778972,mad,federal_trial,,11011,"137 F.3d 666, 672",Camelio v. Am. Fed'n,1998,1st Cir.,[T]he balance of competing factors ordinarily will weigh strongly in favor of declining jurisdiction over state law claims where the foundational federal claims have been dismissed at an early stage in the litigation.,Circuit,VERIFIED,yes,1.000,"Augustus John Camelio v. American Federation, Etc.",https://www.courtlistener.com/opinion/751836/augustus-john-camelio-v-american-federation-etc/,
10850875,txsd,federal_trial,,16613,"660 F.3d 900, 908",Weaver v. Tex. Cap. Bank N.A.,2011,5th Cir.,,Circuit,VERIFIED,yes,1.000,Weaver v. Texas Capital Bank N.A.,https://www.courtlistener.com/opinion/615476/weaver-v-texas-capital-bank-na/,
10832493,dcd,federal_trial,Gardner v. Haaland,20261,"291 F.3d 1334, 1340",Conti v. United States,2002,Fed. Cir.,,Circuit,VERIFIED,yes,1.000,Paul Conti and Conti Corporation (As Owner of F/v Providenza) v. United States,https://www.courtlistener.com/opinion/777849/paul-conti-and-conti-corporation-as-owner-of-fv-providenza-v-united/,
10832493,dcd,federal_trial,Gardner v. Haaland,20261,"684 F.2d 12, 13",Goble v. Marsh,1982,D.C. Cir.,,Circuit,VERIFIED,yes,1.000,"Bobby Goble v. John O. Marsh, Jr., Individually and in His Capacity as Secretary of the Army Frank J. Preston v. John O. Marsh, Jr.",https://www.courtlistener.com/opinion/406594/bobby-goble-v-john-o-marsh-jr-individually-and-in-his-capacity-as/,
10770725,mad,federal_trial,,11894,"183 F.3d 71, 73",In re Grand Jury Proceedings (Gregory P. Violette),1999,1st Cir.,federal common law recognizes the psychotherapist-patient privilege,Circuit,VERIFIED,yes,1.000,In Re Grand Jury Proceedings (Violette),https://www.courtlistener.com/opinion/198604/in-re-grand-jury-proceedings-violette/,
10833791,dcd,federal_trial,American Oversight v. U.S. Department of Justice,21213,"837 F.2d 486, 494","Payne Enters., Inc. v. United States",1988,D.C. Cir.,FOIA imposes no limits on courts' equitable powers in enforcing its terms.,Circuit,VERIFIED,yes,1.000,"Payne Enterprises, Inc. v. United States of America",https://www.courtlistener.com/opinion/500338/payne-enterprises-inc-v-united-states-of-america/,
10804727,txsd,federal_trial,,22749,574 F.3d at 258,Lee v. Kansas City S. Ry. Co.,2009,5th Cir.,,Circuit,VERIFIED,yes,1.000,Lee v. Kansas City Southern Railway Co.,https://www.courtlistener.com/opinion/67090/lee-v-kansas-city-southern-railway-co/,
10769495,cand,federal_trial,,5916,"673 F.2d 1020, 1026",In re Cement Antitrust Litig.,1981,9th Cir.,,Circuit,POSSIBLE_MATCH,yes,0.300,Arizona v. Ideal Basic Industries,https://www.courtlistener.com/opinion/8925360/arizona-v-ideal-basic-industries/,"Name mismatch: citation exists at this reporter location but belongs to ""Arizona v. Ideal Basic Industries"""
10814121,mad,federal_trial,,8006,"357 F.3d 152, 154",O'Connell v. Hyatt Hotels of P.R.,2004,1st Cir.,,Circuit,VERIFIED,yes,1.000,O'Connell v. Hyatt Hotels,https://www.courtlistener.com/opinion/200849/oconnell-v-hyatt-hotels/,
10830306,dcd,federal_trial,Doe v. American University,22763,650 F.2d at 321,Hubbard,,D.C. Cir.,,Circuit,NOT_FOUND,no,0.000,,,Quick search only: not in citation lookup API
10807315,dcd,federal_trial,Shafique v. United States Marshal Service,24704,848 F.3d 1034,Bowman v. Iddon,2017,D.C. Cir.,citation omitted,Circuit,VERIFIED,yes,1.000,"John Bowman, Jr. v. Kimberly Iddon",https://www.courtlistener.com/opinion/4369360/john-bowman-jr-v-kimberly-iddon/,
10785026,ilnd,federal_trial,,21757,579 F.3d,F.T.C. v. Trudeau,,7th Cir.,,Circuit,NOT_FOUND,no,0.000,,,Quick search only: not in citation lookup API
10802819,txsd,federal_trial,"THE YE DARM PRESBYTERIAN CHURCH v. MOUNT VERNON FIRE INSURANCE COMPANY, et al.",6299,385 F.3d 568,Smallwood v. Illinois Cent. R. Co.,2004,5th Cir.,en banc,Circuit,VERIFIED,yes,1.000,Kelli Smallwood v. Illinois Central Railroad Company Mississippi Department of Transportation,https://www.courtlistener.com/opinion/787969/kelli-smallwood-v-illinois-central-railroad-company-mississippi-department/,
10841844,ilnd,federal_trial,,16122,981 F.3d 597,Zoch v. Saul,2020,7th Cir.,The ALJ permissibly discounted Zoch's testimony of incapacitating pain because it conflicted with the objective medical evidence and most of the record.,Circuit,VERIFIED,yes,1.000,Chic Zoch v. Andrew Saul,https://www.courtlistener.com/opinion/4832164/chic-zoch-v-andrew-saul/,
10789794,mad,federal_trial,,10411,"943 F.3d 514, 529",O'Brien v. Town of Bellingham,2019,1st Cir.,Whether Heck bars § 1983 claims is a jurisdictional question that can be raised at any time during the pendency of litigation,Circuit,VERIFIED,yes,1.000,O'Brien v. Town of Bellingham,https://www.courtlistener.com/opinion/4681219/obrien-v-town-of-bellingham/,
10839629,ilnd,federal_trial,,11061,"892 F.3d 926, 929 n.2",McMahan v. Deutsche Bank AG,2018,7th Cir.,We have consistently held that a failure to respond by the nonmovant as mandated by the local rules results in an admission.,Circuit,VERIFIED,yes,1.000,John McMahan v. Deutsche Bank AG,https://www.courtlistener.com/opinion/4506982/john-mcmahan-v-deutsche-bank-ag/,
10799526,cand,federal_trial,,7351,"626 F.2d 82, 83-84",Carden v. Montana,1980,9th Cir.,pre-sentence habeas action,Circuit,VERIFIED,yes,1.000,"John J. Carden, A/K/A James J. Carden, and Gloria (Eusek) Carden v. State of Montana",https://www.courtlistener.com/opinion/380385/john-j-carden-aka-james-j-carden-and-gloria-eusek-carden-v-state/,
10782555,ilnd,federal_trial,,21207,"705 F.3d 237, 246",Thayer v. Chiczewski,2012,7th Cir.,,Circuit,VERIFIED,yes,1.000,Andy Thayer v. Ralph Chiczewski,https://www.courtlistener.com/opinion/808703/andy-thayer-v-ralph-chiczewski/,
10785269,dcd,federal_trial,"United States v. Approximately 1,467,761.163191 Usdt",18842,"737 F.3d 1121, 1129",United States v. White,2013,7th Cir.,,Circuit,VERIFIED,yes,1.000,United States v. Charles White,https://www.courtlistener.com/opinion/2709086/united-states-v-charles-white/,
10832493,dcd,federal_trial,Gardner v. Haaland,20261,"848 F.3d 1034, 1039",Bowman v. Iddon,2017,D.C. Cir.,citation modified,Circuit,VERIFIED,yes,1.000,"John Bowman, Jr. v. Kimberly Iddon",https://www.courtlistener.com/opinion/4369360/john-bowman-jr-v-kimberly-iddon/,
10778711,ill,state_colr,"Griffith Foods International Inc. v. National Union Fire Insurance Company of Pittsburgh, PA",24260,134 F.4th at 492,Griffith Foods International Inc. v. National Union Fire Insurance Co. of Pittsburgh,,,,Circuit,NOT_FOUND,no,0.000,,,Quick search only: not in citation lookup API
10805616,txsd,federal_trial,,23376,239 F.3d 752,Domino v. Tex. Dep't of Criminal Justice,2001,5th Cir.,,Circuit,VERIFIED,yes,1.000,Domino v. Texas Department of Criminal Justice,https://www.courtlistener.com/opinion/22997/domino-v-texas-department-of-criminal-justice/,
10850875,txsd,federal_trial,,16613,"428 F.3d 559, 571","Test Masters Educ. Servs., Inc. v. Singh",2005,5th Cir.,,Circuit,VERIFIED,yes,1.000,,https://www.courtlistener.com/opinion/792378/test-masters-educational-services-inc-vivek-israni-v-robin-singh-doing/,
10844968,ilnd,federal_trial,,20151,97 F.4th 1050,Warnell v. O'Malley,2024,7th Cir.,citations omitted,Circuit,VERIFIED,yes,1.000,Brenda Warnell v. Martin J. O'Malley,https://www.courtlistener.com/opinion/9491634/brenda-warnell-v-martin-j-omalley/,
10838932,dcd,federal_trial,Coalition for Humane Immigrant Rights v. Mullin,10825,"535 F.3d 243, 253",Anim v. Mukasey,2008,4th Cir.,,Circuit,VERIFIED,yes,1.000,Anim v. Mukasey,https://www.courtlistener.com/opinion/1026438/anim-v-mukasey/,
10848865,ilnd,federal_trial,,22624,20 F.4th at 1181,Lax v. Mayorkas,,7th Cir.,,Circuit,NOT_FOUND,no,0.000,,,Quick search only: not in citation lookup API
10768445,cand,federal_trial,,12644,"704 F.2d 1088, 1090","Kantor v. Wellesley Galleries, Ltd.",1983,9th Cir.,,Circuit,VERIFIED,yes,1.000,"Kantor v. Wellesley Galleries, Ltd.",https://www.courtlistener.com/opinion/8926931/kantor-v-wellesley-galleries-ltd/,
10794026,mad,federal_trial,,10182,"45 F.3d 520, 522",Murphy v. United States,1995,1st Cir.,internal quotation marks omitted,Circuit,VERIFIED,yes,1.000,Murphy v. United States,https://www.courtlistener.com/opinion/195855/murphy-v-united-states/,
10833791,dcd,federal_trial,American Oversight v. U.S. Department of Justice,21213,"644 F.3d 388, 392",Sherley v. Sebelius,2011,D.C. Cir.,"quoting Winter, 555 U.S. at 20",Circuit,VERIFIED,yes,1.000,Sherley v. Sebelius,https://www.courtlistener.com/opinion/215714/sherley-v-sebelius/,
10850700,mad,federal_trial,,7117,"856 F.3d 1, 2-3","Hearts With Haiti, Inc. v. Kendrick",2017,1st Cir.,,Circuit,VERIFIED,yes,1.000,"Hearts With Haiti, Inc. v. Kendrick",https://www.courtlistener.com/opinion/4387430/hearts-with-haiti-inc-v-kendrick/,
10841844,ilnd,federal_trial,,16122,62 F.4th 1061,Bakke v. Kijakazi,2023,7th Cir.,citation modified,Circuit,VERIFIED,yes,1.000,Dennis Bakke v. Kilolo Kijakazi,https://www.courtlistener.com/opinion/9383389/dennis-bakke-v-kilolo-kijakazi/,
10800861,dcd,federal_trial,Simmons v. United States Government,9925,"729 F.2d 831, 834",Georgiades v. Martin-Trigona,1984,D.C. Cir.,,Circuit,VERIFIED,yes,1.000,"Peter N. Georgiades v. Helen Martin-Trigona, Anthony R. Martin-Trigona, Peter N. Georgiades v. Helen Martin-Trigona",https://www.courtlistener.com/opinion/432212/peter-n-georgiades-v-helen-martin-trigona-anthony-r-martin-trigona/,
10850700,mad,federal_trial,,7117,"165 F.4th 102, 107",United States ex rel. Sargent v. Collins,2026,1st Cir.,quotation marks omitted,Circuit,NOT_FOUND,no,0.000,,,Quick search only: not in citation lookup API
10800996,illappct,state_iac,People v. Block,9961,"178 Ill. 2d 1, 32",People v. Howery,1997,Ill. Supreme Court,,State_COLR,VERIFIED,yes,1.000,People v. Howery,https://www.courtlistener.com/opinion/2229858/people-v-howery/,
10782076,illappct,state_iac,People v. McCall,20439,189 Ill. 2d 48,People v. Fern,1999,Ill. Supreme Court,,State_COLR,VERIFIED,yes,1.000,People v. Fern,https://www.courtlistener.com/opinion/2197150/people-v-fern/,
10808396,tex,state_colr,"Equinor Energy Lp v. Lindale Pipeline, LLC",17497,"689 S.W.3d 899, 905","Occidental Permian, Ltd. v. Citation 2002 Inv. LLC",2024,Tex. Supreme Court,,State_COLR,NOT_FOUND,no,0.000,,,Quick search only: not in citation lookup API
10808396,tex,state_colr,"Equinor Energy Lp v. Lindale Pipeline, LLC",17497,"622 S.W.3d 884, 889","Sundown Energy LP v. HJSA No. 3, L.P.",2021,Tex. Supreme Court,per curiam,State_COLR,NOT_FOUND,no,0.000,,,Quick search only: not in citation lookup API
10789451,nyappdiv,state_iac,Rogers v. DS Restoration & Residential Servs. Co.,13786,10 NY3d 706,Azad v 270 5th Realty Corp.,2008,NY Court of Appeals,,State_COLR,NOT_FOUND,no,0.000,,,Quick search only: not in citation lookup API
10778711,ill,state_colr,"Griffith Foods International Inc. v. National Union Fire Insurance Company of Pittsburgh, PA",24260,674 A.2d 975,Weaver v. Royal Insurance Co. of America,1996,N.H. Supreme Court,,State_COLR,VERIFIED,yes,1.000,Weaver v. Royal Insurance Co. of America,https://www.courtlistener.com/opinion/8091617/weaver-v-royal-insurance-co-of-america/,
10845605,calctapp,state_iac,People v. Montenegro CA6,5158,40 Cal.4th 106,People v. Kelly,2006,Cal. Supreme Court,,State_COLR,VERIFIED,yes,1.000,People v. Kelly,https://www.courtlistener.com/opinion/2588350/people-v-kelly/,
10808644,calctapp,state_iac,People v. Martinez CA2/1,17487,15 Cal.5th 1015,People v. McDavid,2024,Cal. Supreme Court,trial court has discretion to strike enhancement and impose lesser included § 12022.53 enhancement or other lesser included enhancement,State_COLR,NOT_FOUND,no,0.000,,,Quick search only: not in citation lookup API
10782386,txsd,federal_trial,,24509,686 S.W.2d 157,Almanza v. State,1985,Tex. Crim. App.,op. on reh'g,State_COLR,VERIFIED,yes,1.000,Almanza v. State,https://www.courtlistener.com/opinion/2373973/almanza-v-state/,
10811018,ill,state_colr,"Johnson v. Amazon.com Services, LLC",18199,2025 IL 130033,Lavery v. Department of Financial & Professional Regulation,2025,Ill. Supreme Court,,State_COLR,VERIFIED,yes,1.000,Lavery v. Department of Financial and Professional Regulation,https://www.courtlistener.com/opinion/10673679/lavery-v-department-of-financial-and-professional-regulation/,
10794944,ny,state_colr,People v. Dondorfer,12291,"8 NY3d 692, 694, 697-707",People v Litto,2007,N.Y.,,State_COLR,VERIFIED,yes,1.000,People v. Litto,https://www.courtlistener.com/opinion/2072861/people-v-litto/,
10794944,ny,state_colr,People v. Dondorfer,12291,"48 NY2d at 427, 428",People v Cruz,,,,State_COLR,VERIFIED,yes,1.000,People v. Cruz,https://www.courtlistener.com/opinion/5683762/people-v-cruz/,
10838331,calctapp,state_iac,Rockwell v. Dept. of Motor Vehicles CA5,12068,"57 Cal.4th 197, 215","Today's Fresh Start, Inc. v. Los Angeles County Office of Education",2013,Cal. Supreme Court,,State_COLR,VERIFIED,yes,1.000,"Today's Fresh Start, Inc. v. Los Angeles County Office of Education",https://www.courtlistener.com/opinion/1033521/todays-fresh-start-inc-v-los-angeles-county-office-of-education/,
10789451,nyappdiv,state_iac,Rogers v. DS Restoration & Residential Servs. Co.,13786,"82 NY2d 876, 877",Comes v New York State Elec. & Gas Corp.,1993,NY Court of Appeals,,State_COLR,VERIFIED,yes,1.000,Comes v. New York State Electric & Gas Corp.,https://www.courtlistener.com/opinion/1981887/comes-v-new-york-state-electric-gas-corp/,
10800996,illappct,state_iac,People v. Block,9961,"2023 IL 127538, ¶ 16",People v. Davidson,2023,Ill. Supreme Court,,State_COLR,VERIFIED,yes,1.000,People v. Davidson,https://www.courtlistener.com/opinion/9372467/people-v-davidson/,
10809985,calctapp,state_iac,People v. Baul CA2/2,12840,26 Cal.4th 181,People v. Mitchell,2001,Cal. Supreme Court,,State_COLR,VERIFIED,yes,1.000,People v. Mitchell,https://www.courtlistener.com/opinion/2621213/people-v-mitchell/,
10782386,txsd,federal_trial,,24509,922 S.W.2d 166,Hutch vy. State,1996,Tex. Crim. App.,,State_COLR,VERIFIED,yes,1.000,Hutch v. State,https://www.courtlistener.com/opinion/2462773/hutch-v-state/,
10778711,ill,state_colr,"Griffith Foods International Inc. v. National Union Fire Insurance Company of Pittsburgh, PA",24260,957 N.E.2d 1214,Erie Insurance Exchange v. Imperial Marble Corp.,2011,,,State_COLR,VERIFIED,yes,1.000,Erie Ins. Exchange v. Imperial Marble Corp.,https://www.courtlistener.com/opinion/2530016/erie-ins-exchange-v-imperial-marble-corp/,
10800996,illappct,state_iac,People v. Block,9961,"185 Ill. 2d 532, 541",People v. Smith,1999,Ill. Supreme Court,,State_COLR,VERIFIED,yes,1.000,People v. Smith,https://www.courtlistener.com/opinion/2098487/people-v-smith/,
10811018,ill,state_colr,"Johnson v. Amazon.com Services, LLC",18199,2013 IL 115035,Prazen v. Shoop,2013,Ill. Supreme Court,,State_COLR,VERIFIED,yes,1.000,Prazen v. Shoop,https://www.courtlistener.com/opinion/2644001/prazen-v-shoop/,
10782076,illappct,state_iac,People v. McCall,20439,2023 IL 127666,People v. Wilson,2023,Ill. Supreme Court,,State_COLR,VERIFIED,yes,1.000,People v. Wilson,https://www.courtlistener.com/opinion/9400125/people-v-wilson/,
10782386,txsd,federal_trial,,24509,457 S.W.3d 437,Price v. State,2015,Tex. Crim. App.,,State_COLR,VERIFIED,yes,1.000,"Price, Eric Ray",https://www.courtlistener.com/opinion/2950605/price-eric-ray/,
10811018,ill,state_colr,"Johnson v. Amazon.com Services, LLC",18199,2023 IL 128871,People v. Grayer,2023,Ill. Supreme Court,,State_COLR,VERIFIED,yes,1.000,People v. Grayer,https://www.courtlistener.com/opinion/9456219/people-v-grayer/,
10789514,nyappdiv,state_iac,People v. Brinson,6453,9 NY3d 342,People v Danielson,2007,N.Y. Ct. App.,,State_COLR,VERIFIED,yes,1.000,People v. Danielson,https://www.courtlistener.com/opinion/2040509/people-v-danielson/,
10800996,illappct,state_iac,People v. Block,9961,"235 Ill. 2d 213, 228",People v. Siguenza-Brito,2009,Ill. Supreme Court,,State_COLR,VERIFIED,yes,1.000,People v. Siguenza-Brito,https://www.courtlistener.com/opinion/2100263/people-v-siguenza-brito/,
10814726,fladistctapp,state_iac,Miami-Dade County v. Dr. David Fintan Garavan,17548,"199 So. 3d 1107, 1109","State, Dep't of Elder Affs. v. Caldwell",2016,Fla. 1st DCA,,State_COLR,VERIFIED,yes,1.000,"State of Florida, Department of Elder Affairs v. Clare Caldwell",https://www.courtlistener.com/opinion/4254850/state-of-florida-department-of-elder-affairs-v-clare-caldwell/,
10794944,ny,state_colr,People v. Dondorfer,12291,"31 NY3d 406, 418",People v Roberts,2018,N.Y.,,State_COLR,VERIFIED,yes,1.000,People v. Roberts,https://www.courtlistener.com/opinion/10688460/people-v-roberts/,
10789451,nyappdiv,state_iac,Rogers v. DS Restoration & Residential Servs. Co.,13786,1 NY3d at 528,Esposito v New York City Indus. Dev. Agency,2003,NY Court of Appeals,,State_COLR,VERIFIED,yes,1.000,Esposito v. New York City Industrial Development Agency,https://www.courtlistener.com/opinion/2207843/esposito-v-new-york-city-industrial-development-agency/,
10808396,tex,state_colr,"Equinor Energy Lp v. Lindale Pipeline, LLC",17497,"165 S.W.3d 310, 312","Frost National Bank v. L&F Distributors, Ltd.",2005,Tex. Supreme Court,per curiam) (internal quotation marks omitted,State_COLR,VERIFIED,yes,1.000,"Frost National Bank v. L & F Distributors, Ltd.",https://www.courtlistener.com/opinion/894678/frost-national-bank-v-l-f-distributors-ltd/,
10778711,ill,state_colr,"Griffith Foods International Inc. v. National Union Fire Insurance Company of Pittsburgh, PA",24260,214 Ill. 2d 11,Hobbs v. Hartford Insurance Co. of the Midwest,2005,Ill. Supreme Court,,State_COLR,VERIFIED,yes,1.000,Hobbs v. Hartford Ins. Co. of the Midwest,https://www.courtlistener.com/opinion/2041709/hobbs-v-hartford-ins-co-of-the-midwest/,
10785894,ilnd,federal_trial,,18043,224 Ill.2d 247,Calles v. Scripto–Tokai Corp.,2007,Ill. Supreme Court,,State_COLR,VERIFIED,yes,1.000,Calles v. Scripto-Tokai Corp.,https://www.courtlistener.com/opinion/2093927/calles-v-scripto-tokai-corp/,
10794944,ny,state_colr,People v. Dondorfer,12291,8 NY3d at 706-707,People v Litto,,,,State_COLR,VERIFIED,yes,1.000,People v. Litto,https://www.courtlistener.com/opinion/2072861/people-v-litto/,
10809924,ny,state_colr,People v. Bender,12159,88 NY2d at 266,People v Berk,,N.Y. Ct. App.,,State_COLR,VERIFIED,yes,1.000,People v. Berk,https://www.courtlistener.com/opinion/2036286/people-v-berk/,
10838331,calctapp,state_iac,Rockwell v. Dept. of Motor Vehicles CA5,12068,57 Cal.4th at p. 221,"Today's Fresh Start, Inc. v. Los Angeles County Office of Education",2013,Cal. Supreme Court,,State_COLR,VERIFIED,yes,1.000,"Today's Fresh Start, Inc. v. Los Angeles County Office of Education",https://www.courtlistener.com/opinion/1033521/todays-fresh-start-inc-v-los-angeles-county-office-of-education/,
10782076,illappct,state_iac,People v. McCall,20439,239 Ill. 2d 205,People v. Alexander,2010,Ill. Supreme Court,,State_COLR,VERIFIED,yes,1.000,People v. Alexander,https://www.courtlistener.com/opinion/2481840/people-v-alexander/,
10814726,fladistctapp,state_iac,Miami-Dade County v. Dr. David Fintan Garavan,17548,305 So. 3d 20,Iglesias v. City of Hialeah,2019,Fla. 3d DCA,,State_COLR,NOT_FOUND,no,0.000,,,Quick search only: not in citation lookup API
10809924,ny,state_colr,People v. Bender,12159,9 NY3d 342,People v Danielson,2007,N.Y. Ct. App.,,State_COLR,VERIFIED,yes,1.000,People v. Danielson,https://www.courtlistener.com/opinion/2040509/people-v-danielson/,
10809924,ny,state_colr,People v. Bender,12159,88 NY2d 257,People v Berk,1996,N.Y. Ct. App.,,State_COLR,VERIFIED,yes,1.000,People v. Berk,https://www.courtlistener.com/opinion/2036286/people-v-berk/,
10845605,calctapp,state_iac,People v. Montenegro CA6,5158,25 Cal.3d 436,People v. Wende,1979,Cal. Supreme Court,,State_COLR,VERIFIED,yes,1.000,People v. Wende,https://www.courtlistener.com/opinion/1180855/people-v-wende/,
10778972,mad,federal_trial,,11011,"432 Mass. 474, 477",Schaer v. Brandeis Univ.,2000,Mass. Supreme Court,,State_COLR,VERIFIED,yes,1.000,Schaer v. Brandeis University,https://www.courtlistener.com/opinion/6578155/schaer-v-brandeis-university/,
10839758,fla,state_colr,In Re: Amendments to Florida Rules of Appellate Procedure,12362,416 So. 3d 242,In re Amendments to Florida Rules of General Practice & Judicial Administration,2025,Fla. Supreme Court,,State_COLR,NOT_FOUND,no,0.000,,,Quick search only: not in citation lookup API
10809924,ny,state_colr,People v. Bender,12159,42 NY3d at 508,People v Sidbury,,N.Y. Ct. App.,,State_COLR,NOT_FOUND,no,0.000,,,Quick search only: not in citation lookup API
10789514,nyappdiv,state_iac,People v. Brinson,6453,69 NY2d 490,People v Bleakley,1987,N.Y. Ct. App.,,State_COLR,VERIFIED,yes,1.000,People v. Bleakley,https://www.courtlistener.com/opinion/5688657/people-v-bleakley/,
10848865,ilnd,federal_trial,,22624,"581 N.E.2d 664, 667",Farm Credit Bank of St. Louis v. Whitlock,1991,Ill. Supreme Court,,State_COLR,VERIFIED,yes,1.000,Farm Credit Bank of St. Louis v. Whitlock,https://www.courtlistener.com/opinion/2170766/farm-credit-bank-of-st-louis-v-whitlock/,
10794944,ny,state_colr,People v. Dondorfer,12291,48 NY2d at 427-428,People v Cruz,,,,State_COLR,VERIFIED,yes,1.000,People v. Cruz,https://www.courtlistener.com/opinion/5683762/people-v-cruz/,
10849442,nyappdiv,state_iac,People v. Corinaldi,6025,23 NY3d,People v Gillotti,,N.Y. Ct. App.,,State_COLR,NOT_FOUND,no,0.000,,,Quick search only: not in citation lookup API
10808396,tex,state_colr,"Equinor Energy Lp v. Lindale Pipeline, LLC",17497,"341 S.W.3d 323, 333","Italian Cowboy Partners, Ltd. v. Prudential Ins. Co. of Am.",2011,Tex. Supreme Court,,State_COLR,VERIFIED,yes,1.000,"Italian Cowboy Partners, Ltd. v. Prudential Insurance Co. of America",https://www.courtlistener.com/opinion/895311/italian-cowboy-partners-ltd-v-prudential-insurance-co-of-america/,
10786075,dcd,federal_trial,Hughes v. Superior Court for the District of Columbia,18440,805 A.2d 930,Phelan v. City of Mount Rainier,2002,D.C.,,State_COLR,VERIFIED,yes,1.000,Phelan v. City of Mount Rainier,https://www.courtlistener.com/opinion/1435285/phelan-v-city-of-mount-rainier/,
10778711,ill,state_colr,"Griffith Foods International Inc. v. National Union Fire Insurance Company of Pittsburgh, PA",24260,177 Ill. 2d at 476,American States Insurance Co. v. Koloms,,,,State_COLR,NOT_FOUND,no,0.000,,,Quick search only: not in citation lookup API
10789451,nyappdiv,state_iac,Rogers v. DS Restoration & Residential Servs. Co.,13786,"91 NY2d 343, 352",Rizzuto v L.A. Wenger Contr. Co.,1998,NY Court of Appeals,,State_COLR,VERIFIED,yes,1.000,Rizzuto v. L.A. Wenger Contracting Co.,https://www.courtlistener.com/opinion/2084770/rizzuto-v-la-wenger-contracting-co/,
10774451,nyappdiv,state_iac,"Metropolitan Partners Group Admin., LLC v. Nerney",3225,148 AD3d 531,"Peerenboom v Marvel Entertainment, LLC",2017,1st Dept,,State_IAC,VERIFIED,yes,1.000,"Peerenboom v. Marvel Entertainment, LLC",https://www.courtlistener.com/opinion/4376072/peerenboom-v-marvel-entertainment-llc/,
10808644,calctapp,state_iac,People v. Martinez CA2/1,17487,111 Cal.App.5th 829,People v. Grajeda,2025,Cal. Ct. App.,,State_IAC,NOT_FOUND,no,0.000,,,Quick search only: not in citation lookup API
10785894,ilnd,federal_trial,,18043,"565 N.E.2d 215, 218","Cherry v. Siemans Medical Systems, Inc.",1990,1st Dist.,,State_IAC,VERIFIED,yes,1.000,"Cherry v. Siemans Medical Systems, Inc.",https://www.courtlistener.com/opinion/2090760/cherry-v-siemans-medical-systems-inc/,
10848865,ilnd,federal_trial,,22624,"686 N.E.2d 61, 65",Countryman v. Indus. Comm'n,1997,Ill. App. Ct.,,State_IAC,VERIFIED,yes,1.000,Countryman v. Industrial Commission,https://www.courtlistener.com/opinion/2022334/countryman-v-industrial-commission/,
10838331,calctapp,state_iac,Rockwell v. Dept. of Motor Vehicles CA5,12068,101 Cal.App.5th at p. 198,Knudsen v. Department of Motor Vehicles,2024,Cal. Ct. App.,,State_IAC,NOT_FOUND,no,0.000,,,Quick search only: not in citation lookup API
10809985,calctapp,state_iac,People v. Baul CA2/2,12840,109 Cal.App.5th 1003,People v. Tang,2025,Cal. Ct. App.,,State_IAC,NOT_FOUND,no,0.000,,,Quick search only: not in citation lookup API
10838331,calctapp,state_iac,Rockwell v. Dept. of Motor Vehicles CA5,12068,101 Cal.App.5th at p. 207,Knudsen v. Department of Motor Vehicles,2024,Cal. Ct. App.,,State_IAC,NOT_FOUND,no,0.000,,,Quick search only: not in citation lookup API
10849442,nyappdiv,state_iac,People v. Corinaldi,6025,89 AD3d 112,People v Wyatt,,N.Y. App. Div.,,State_IAC,VERIFIED,yes,1.000,People v. Wyatt,https://www.courtlistener.com/opinion/5971273/people-v-wyatt/,
10782076,illappct,state_iac,People v. McCall,20439,2017 IL App (3d) 150165,People v. Wilson,2017,"Ill. App. Ct., 3d Dist.",,State_IAC,VERIFIED,yes,1.000,People v. Wilson,https://www.courtlistener.com/opinion/4419373/people-v-wilson/,
10809985,calctapp,state_iac,People v. Baul CA2/2,12840,B225051,People v. Baul,2012,Cal. Ct. App.,,State_IAC,NOT_FOUND,no,0.000,,,Quick search only: not in citation lookup API
10800996,illappct,state_iac,People v. Block,9961,"2011 IL App (2d) 091123, ¶ 23",People v. Green,2011,Ill. App. (2d),"""[t]he domestic battery statute's plain language defines the offense in terms of contact that insults or provoked the victim, and the contact does not need to cause physical injury""",State_IAC,VERIFIED,yes,1.000,People v. Green,https://www.courtlistener.com/opinion/2528638/people-v-green/,
10782076,illappct,state_iac,People v. McCall,20439,2024 IL App (4th) 230931,People v. Thurman,2024,"Ill. App. Ct., 4th Dist.",,State_IAC,NOT_FOUND,no,0.000,,,Quick search only: not in citation lookup API
10849442,nyappdiv,state_iac,People v. Corinaldi,6025,242 AD3d 1231,People v Kumar,,N.Y. App. Div.,,State_IAC,NOT_FOUND,no,0.000,,,Quick search only: not in citation lookup API
10803803,nyappdiv,state_iac,"Wong v. 75 Baxter Owner, LLC",4297,211 AD3d 719,Lancer Ins. Co. v Fishkin,,"Appellate Division, Second Department",,State_IAC,VERIFIED,yes,1.000,Lancer Ins. Co. v. Fishkin,https://www.courtlistener.com/opinion/9328395/lancer-ins-co-v-fishkin/,
10782076,illappct,state_iac,People v. McCall,20439,2024 IL App (4th) 230651-U,People v. McCall,2024,"Ill. App. Ct., 4th Dist.",,State_IAC,VERIFIED,yes,1.000,People v. McCall,https://www.courtlistener.com/opinion/9542077/people-v-mccall/,
10789514,nyappdiv,state_iac,People v. Brinson,6453,243 AD3d 1221,People v Campbell,2025,4th Dept.,,State_IAC,NOT_FOUND,no,0.000,,,Quick search only: not in citation lookup API
10785894,ilnd,federal_trial,,18043,"292 Ill.App.3d 59, 64","Perona v. Volkswagen of America, Inc.",1997,Ill. Ct. App.,,State_IAC,VERIFIED,yes,1.000,"Perona v. Volkswagen of America, Inc.",https://www.courtlistener.com/opinion/2247234/perona-v-volkswagen-of-america-inc/,
10789514,nyappdiv,state_iac,People v. Brinson,6453,104 AD3d 1323,People v Ward,2013,4th Dept.,,State_IAC,VERIFIED,yes,1.000,People v. Ward,https://www.courtlistener.com/opinion/6050561/people-v-ward/,
10789451,nyappdiv,state_iac,Rogers v. DS Restoration & Residential Servs. Co.,13786,"113 AD3d 1097, 1098-1099","Rauls v DirecTV, Inc.",2014,4th Dept,,State_IAC,VERIFIED,yes,1.000,"Rauls v. DirecTV, Inc.",https://www.courtlistener.com/opinion/6102487/rauls-v-directv-inc/,
10784161,nyappdiv,state_iac,Deutsche Bank Natl. Trust Co. v. Contact Holdings Corp.,7368,"201 AD3d 691, 694",Bank of N.Y. Mellon v Mor,,"App. Div., N.Y.",,State_IAC,VERIFIED,yes,1.000,Bank of N.Y. Mellon v. Mor,https://www.courtlistener.com/opinion/5957977/bank-of-ny-mellon-v-mor/,
10784161,nyappdiv,state_iac,Deutsche Bank Natl. Trust Co. v. Contact Holdings Corp.,7368,201 AD3d 783,Deutsche Bank Natl. Trust Co. v Allenstein,,"App. Div., N.Y.",,State_IAC,VERIFIED,yes,1.000,Deutsche Bank Natl. Trust Co. v. Allenstein,https://www.courtlistener.com/opinion/6237869/deutsche-bank-natl-trust-co-v-allenstein/,
10803803,nyappdiv,state_iac,"Wong v. 75 Baxter Owner, LLC",4297,224 AD3d 810,Hersko v Hersko,,"Appellate Division, Second Department",,State_IAC,NOT_FOUND,no,0.000,,,Quick search only: not in citation lookup API
10809985,calctapp,state_iac,People v. Baul CA2/2,12840,109 Cal.App.5th at p. 1007,People v. Tang,,Cal. Ct. App.,"a stricken enhancement cannot be a 'sentence enhancement that was imposed' under section 1172.75, subdivision (a)",State_IAC,NOT_FOUND,no,0.000,,,Quick search only: not in citation lookup API
10785894,ilnd,federal_trial,,18043,"935 N.E.2d 1084, 1092",Brobbey v. Enter. Leasing Co. of Chi.,2010,1st Dist.,,State_IAC,VERIFIED,yes,1.000,Brobbey v. ENTERPRISE LEASING OF CHICAGO,https://www.courtlistener.com/opinion/2479619/brobbey-v-enterprise-leasing-of-chicago/,
10784161,nyappdiv,state_iac,Deutsche Bank Natl. Trust Co. v. Contact Holdings Corp.,7368,"217 AD3d 721, 722-723",U.S. Bank N.A. v Outlaw,,"App. Div., N.Y.",,State_IAC,VERIFIED,yes,1.000,U.S. Bank N.A. v. Outlaw,https://www.courtlistener.com/opinion/9404784/us-bank-na-v-outlaw/,
10794944,ny,state_colr,People v. Dondorfer,12291,189 AD3d at 90-91,People v Caden N.,,,,State_IAC,NOT_FOUND,no,0.000,,,Quick search only: not in citation lookup API
10848865,ilnd,federal_trial,,22624,"393 N.E.2d 1146, 1149",Pate v. City of Sesser,1979,Ill. App. Ct.,A release extinguishes a cause of action whereas a covenant not to sue affects only the right to bring suit and not the cause of action itself.,State_IAC,VERIFIED,yes,1.000,Pate v. City of Sesser,https://www.courtlistener.com/opinion/2082765/pate-v-city-of-sesser/,
10809924,ny,state_colr,People v. Bender,12159,236 AD3d 1184,,2025,3d Dept.,,State_IAC,NOT_FOUND,no,0.000,,,Quick search only: not in citation lookup API
10808644,calctapp,state_iac,People v. Martinez CA2/1,17487,85 Cal.App.5th 393,People v. Monroe,2022,Cal. Ct. App.,,State_IAC,NOT_FOUND,no,0.000,,,Quick search only: not in citation lookup API
10803803,nyappdiv,state_iac,"Wong v. 75 Baxter Owner, LLC",4297,230 AD3d 1113,Gold v Wallace,,"Appellate Division, Second Department",,State_IAC,NOT_FOUND,no,0.000,,,Quick search only: not in citation lookup API
10794944,ny,state_colr,People v. Dondorfer,12291,189 AD3d at 90,People v Caden N.,,,,State_IAC,NOT_FOUND,no,0.000,,,Quick search only: not in citation lookup API
10782076,illappct,state_iac,People v. McCall,20439,2016 IL App (1st) 142941,People v. Busse,2016,"Ill. App. Ct., 1st Dist.",,State_IAC,VERIFIED,yes,1.000,People v. Busse,https://www.courtlistener.com/opinion/4371120/people-v-busse/,
10794944,ny,state_colr,People v. Dondorfer,12291,235 AD3d at 78,People v Dondorfer,,,,State_IAC,NOT_FOUND,no,0.000,,,Quick search only: not in citation lookup API
10789451,nyappdiv,state_iac,Rogers v. DS Restoration & Residential Servs. Co.,13786,"105 AD3d 1384, 1386",Smith v Nestle Purina Petcare Co.,2013,4th Dept,,State_IAC,VERIFIED,yes,1.000,"Caffery v. Time Warner Cable, Inc.",https://www.courtlistener.com/opinion/6056871/caffery-v-time-warner-cable-inc/,
10785894,ilnd,federal_trial,,18043,879 N.E.2d at 502,Bauer v. Memorial Hospital,,5th Dist.,,State_IAC,NOT_FOUND,no,0.000,,,Quick search only: not in citation lookup API
10789514,nyappdiv,state_iac,People v. Brinson,6453,228 AD3d 1318,People v Walker,2024,4th Dept.,,State_IAC,NOT_FOUND,no,0.000,,,Quick search only: not in citation lookup API
10789514,nyappdiv,state_iac,People v. Brinson,6453,128 AD3d 1401,People v Campbell,2015,4th Dept.,,State_IAC,VERIFIED,yes,1.000,People v. Campbell,https://www.courtlistener.com/opinion/6184391/people-v-campbell/,
10809924,ny,state_colr,People v. Bender,12159,236 AD3d at 1189,,,3d Dept.,,State_IAC,NOT_FOUND,no,0.000,,,Quick search only: not in citation lookup API
10789451,nyappdiv,state_iac,Rogers v. DS Restoration & Residential Servs. Co.,13786,"2 AD3d 1345, 1349","Piazza v Frank L. Ciminelli Constr. Co., Inc.",2003,4th Dept,,State_IAC,VERIFIED,yes,1.000,Piazza v. Frank L. Ciminelli Construction Co.,https://www.courtlistener.com/opinion/5815273/piazza-v-frank-l-ciminelli-construction-co/,
10794944,ny,state_colr,People v. Dondorfer,12291,235 AD3d 71,People v Dondorfer,2024,4th Dept.,,State_IAC,NOT_FOUND,no,0.000,,,Quick search only: not in citation lookup API
10809985,calctapp,state_iac,People v. Baul CA2/2,12840,104 Cal.App.5th at p. 371,People v. Green,,Cal. Ct. App.,,State_IAC,NOT_FOUND,no,0.000,,,Quick search only: not in citation lookup API
10838331,calctapp,state_iac,Rockwell v. Dept. of Motor Vehicles CA5,12068,101 Cal.App.5th 186,Knudsen v. Department of Motor Vehicles,2024,Cal. Ct. App.,,State_IAC,NOT_FOUND,no,0.000,,,Quick search only: not in citation lookup API
10785894,ilnd,federal_trial,,18043,"879 N.E.2d 478, 502",Bauer v. Memorial Hospital,2007,5th Dist.,,State_IAC,VERIFIED,yes,1.000,Bauer Ex Rel. Bauer v. Memorial Hosp.,https://www.courtlistener.com/opinion/2050824/bauer-ex-rel-bauer-v-memorial-hosp/,
10784161,nyappdiv,state_iac,Deutsche Bank Natl. Trust Co. v. Contact Holdings Corp.,7368,226 AD3d at 713,"Pryce v U.S. Bank, N.A.",,"App. Div., N.Y.",,State_IAC,NOT_FOUND,no,0.000,,,Quick search only: not in citation lookup API
10838331,calctapp,state_iac,Rockwell v. Dept. of Motor Vehicles CA5,12068,"110 Cal.App.5th 1002, 1018",Romane v. Department of Motor Vehicles,2025,Cal. Ct. App.,,State_IAC,NOT_FOUND,no,0.000,,,Quick search only: not in citation lookup API
10849442,nyappdiv,state_iac,People v. Corinaldi,6025,182 AD3d 613,People v Khan,,N.Y. App. Div.,,State_IAC,VERIFIED,yes,1.000,People v. Khan,https://www.courtlistener.com/opinion/4749594/people-v-khan/,
10803803,nyappdiv,state_iac,"Wong v. 75 Baxter Owner, LLC",4297,186 AD3d 1352,Maldonado v Mosquera,,"Appellate Division, Second Department",,State_IAC,VERIFIED,yes,1.000,Maldonado v. Mosquera,https://www.courtlistener.com/opinion/4785788/maldonado-v-mosquera/,
10789514,nyappdiv,state_iac,People v. Brinson,6453,185 AD3d 1531,People v Hunt,2020,4th Dept.,,State_IAC,VERIFIED,yes,1.000,People v. Hunt,https://www.courtlistener.com/opinion/4770744/people-v-hunt/,
10848865,ilnd,federal_trial,,22624,"736 N.E.2d 1184, 1187","Walker v. Ridgeview Const. Co., Inc.",2000,Ill. App. Ct.,,State_IAC,VERIFIED,yes,1.000,"Walker v. Ridgeview Const. Co., Inc.",https://www.courtlistener.com/opinion/2242823/walker-v-ridgeview-const-co-inc/,
10789451,nyappdiv,state_iac,Rogers v. DS Restoration & Residential Servs. Co.,13786,"307 AD2d 749, 749-750",Petit v Board of Educ. of W. Genesee School Dist.,2003,4th Dept,,State_IAC,VERIFIED,yes,1.000,Petit v. Board of Education,https://www.courtlistener.com/opinion/6231219/petit-v-board-of-education/,
10832493,dcd,federal_trial,Gardner v. Haaland,20261,"59 F. Supp. 3d 1, 7",Janvey v. Proskauer Rose,2014,D.D.C.,,Federal_District,VERIFIED,yes,1.000,"Janvey v. Proskauer Rose, LLP",https://www.courtlistener.com/opinion/2685607/janvey-v-proskauer-rose-llp/,
10832493,dcd,federal_trial,Gardner v. Haaland,20261,"123 F. Supp. 3d 30, 39 n.5",Robinson v. Huerta,2015,D.D.C.,,Federal_District,VERIFIED,yes,1.000,Robinson v. Huerta,https://www.courtlistener.com/opinion/2829950/robinson-v-huerta/,
10785894,ilnd,federal_trial,,18043,2025 WL 3089109,"Bay Valley Foods, LLC v. FFI Grp., LLC",2025,N.D. Ill.,,Federal_District,NOT_FOUND,no,0.000,,,Quick search only: not in citation lookup API
10844968,ilnd,federal_trial,,20151,2018 WL 5839955,Falls v. Berryhill,2018,N.D. Ill.,,Federal_District,NOT_FOUND,no,0.000,,,Quick search only: not in citation lookup API
10807315,dcd,federal_trial,Shafique v. United States Marshal Service,24704,213 F. Supp. 3d 93,Coulibaly v. Kerry,2016,D.D.C.,,Federal_District,VERIFIED,yes,1.000,Coulibaly v. Kerry,https://www.courtlistener.com/opinion/4300107/coulibaly-v-kerry/,
10769495,cand,federal_trial,,5916,2014 WL 122074,In re Wilson,2014,N.D. Cal.,,Federal_District,NOT_FOUND,no,0.000,,,Quick search only: not in citation lookup API
10833791,dcd,federal_trial,American Oversight v. U.S. Department of Justice,21213,"780 F. Supp. 3d 61, 79",Democracy Forward Found. v. Off. of Mgmt. & Budget,2025,D.D.C.,,Federal_District,NOT_FOUND,no,0.000,,,Quick search only: not in citation lookup API
10789794,mad,federal_trial,,10411,"2019 WL 5764661, at *2",Waterman v. White Interior Sols.,2019,D. Me.,,Federal_District,NOT_FOUND,no,0.000,,,Quick search only: not in citation lookup API
10810840,mad,federal_trial,,23675,470 F. Supp. 3d 81,MIT Fed. Credit Union v. Cordisco,2020,D. Mass.,"citing Haley v. City of Bos., 657 F.3d 39, 46 (1st Cir. 2011)",Federal_District,NOT_FOUND,no,0.000,,,Quick search only: not in citation lookup API
10845114,mad,federal_trial,,19916,2024 WL 3446824,ra dias deapocalypse bey v. Clapprood,2024,D. Mass.,"dismissing unlawful arrest claim where ""there was probable cause for the officers to believe [plaintiff] had committed a crime under M.G.L. ch. 90, § 10"" because plaintiff ""admitted that he did not have a driver's license""",Federal_District,NOT_FOUND,no,0.000,,,Quick search only: not in citation lookup API
10802819,txsd,federal_trial,"THE YE DARM PRESBYTERIAN CHURCH v. MOUNT VERNON FIRE INSURANCE COMPANY, et al.",6299,2016 WL 5957681,"Mehar Holdings, LLC v. Evanston Ins. Co.",2016,W.D. Tex.,,Federal_District,NOT_FOUND,no,0.000,,,Quick search only: not in citation lookup API
10786075,dcd,federal_trial,Hughes v. Superior Court for the District of Columbia,18440,360 F. Supp. 2d,United States v. Freeman,,D.D.C.,,Federal_District,NOT_FOUND,no,0.000,,,Quick search only: not in citation lookup API
10802755,ilnd,federal_trial,,2258,2025 WL 2390448,United States v. Williams,2025,N.D. Ill.,,Federal_District,NOT_FOUND,no,0.000,,,Quick search only: not in citation lookup API
10811018,ill,state_colr,"Johnson v. Amazon.com Services, LLC",18199,2023 WL 8475658,"Johnson v. Amazon.com Services, LLC",2023,N.D. Ill.,,Federal_District,NOT_FOUND,no,0.000,,,Quick search only: not in citation lookup API
10838932,dcd,federal_trial,Coalition for Humane Immigrant Rights v. Mullin,10825,"2025 WL 2800807, *2",Molina v. U.S. Dep't of Homeland Sec.,,D.D.C.,"truly exceptional circumstances"" where relief was both programmatic and individual weigh in favor of pseudonymity where there are ""privacy interests, concrete safety risks, and [] sensitive nature of the underlying personal information"" quoting Doe v. Hill, 141 F.4th 291, 300 (D.C. Cir. 2025)",Federal_District,NOT_FOUND,no,0.000,,,Quick search only: not in citation lookup API
10830306,dcd,federal_trial,Doe v. American University,22763,2019 WL 3304707,Gilliard v. McWilliams,2019,D.D.C.,"quoting Durham, 818 F. Supp. 2d at 69",Federal_District,NOT_FOUND,no,0.000,,,Quick search only: not in citation lookup API
10845114,mad,federal_trial,,19916,981 F. Supp. 2d 92,Tyler v. Massachusetts,2013,D. Mass.,,Federal_District,VERIFIED,yes,1.000,Tyler v. Massachusetts,https://www.courtlistener.com/opinion/8729364/tyler-v-massachusetts/,
10802819,txsd,federal_trial,"THE YE DARM PRESBYTERIAN CHURCH v. MOUNT VERNON FIRE INSURANCE COMPANY, et al.",6299,2020 WL 1969530,Hazari LLC v. Everest Indem. Ins. Co.,2020,S.D. Tex.,,Federal_District,NOT_FOUND,no,0.000,,,Quick search only: not in citation lookup API
10853090,ilnd,federal_trial,,13113,87 F. Supp. 3d at 913,Tarpley v. City Colleges of Chicago,,N.D. Ill.,,Federal_District,VERIFIED,yes,1.000,Tarpley v. City Colleges,https://www.courtlistener.com/opinion/7312064/tarpley-v-city-colleges/,
10839087,ilnd,federal_trial,,11890,2023 WL 1863046,In re Loc. TV Advert. Antitrust Litig.,2023,N.D. Ill.,,Federal_District,NOT_FOUND,no,0.000,,,Quick search only: not in citation lookup API
10807315,dcd,federal_trial,Shafique v. United States Marshal Service,24704,83 F. Supp. 3d 315,Lyles v. Hughes,2015,D.D.C.,,Federal_District,VERIFIED,yes,1.000,Lyles v. Hughes,https://www.courtlistener.com/opinion/2787675/lyles-v-hughes/,
10786075,dcd,federal_trial,Hughes v. Superior Court for the District of Columbia,18440,360 F. Supp. 2d 43,United States v. Freeman,2003,D.D.C.,,Federal_District,VERIFIED,yes,1.000,United States v. Freeman,https://www.courtlistener.com/opinion/2572178/united-states-v-freeman/,
10814121,mad,federal_trial,,8006,"834 F. Supp. 46, 54",Palumbo v. Roberti,1993,D. Mass.,"Although technically not itself a pleading, a cross claim must be stated in a pleading . . . .",Federal_District,VERIFIED,yes,1.000,Palumbo v. Roberti,https://www.courtlistener.com/opinion/1646614/palumbo-v-roberti/,
10770725,mad,federal_trial,,11894,"2015 WL 13648107, *1",Cabot v. Lewis,2015,D. Mass.,,Federal_District,NOT_FOUND,no,0.000,,,Quick search only: not in citation lookup API
10796076,dcd,federal_trial,Powell v. United States Department of Treasury,22965,2015 WL 4077756,Kalu v. IRS,2015,D.D.C.,,Federal_District,NOT_FOUND,no,0.000,,,Quick search only: not in citation lookup API
10770795,cand,federal_trial,,8632,2013 WL 6088409,Hunter v. City & Cnty. of San Francisco,2013,N.D. Cal.,"finding a chilling effect on future civil rights litigation where the plaintiff's ""claim of excessive force was significant""",Federal_District,NOT_FOUND,no,0.000,,,Quick search only: not in citation lookup API
10841844,ilnd,federal_trial,,16122,2019 WL 2269962,Michael B. v. Berryhill,2019,N.D. Ill.,,Federal_District,NOT_FOUND,no,0.000,,,Quick search only: not in citation lookup API
10805616,txsd,federal_trial,,23376,2023 WL 5337430,Preston v. Smith,2023,W.D. La.,,Federal_District,NOT_FOUND,no,0.000,,,Quick search only: not in citation lookup API
10850074,cand,federal_trial,,24517,"1990 Bankr. LEXIS 3028, at *9","In re Rose Way, Inc.",1990,Bankr. S.D. Iowa,,Federal_District,NOT_FOUND,no,0.000,,,Quick search only: not in citation lookup API
10848865,ilnd,federal_trial,,22624,"702 F. Supp. 711, 713","Isaacs v. Caterpillar, Inc.",1988,C.D. Ill.,,Federal_District,VERIFIED,yes,1.000,"Isaacs v. Caterpillar, Inc.",https://www.courtlistener.com/opinion/2252696/isaacs-v-caterpillar-inc/,
10785026,ilnd,federal_trial,,21757,794 F. Supp. 261,"In re Oil Spill by the ""Amoco Cadiz""",1992,N.D. Ill.,,Federal_District,VERIFIED,yes,1.000,In Re Oil Spill by Amoco Cadiz,https://www.courtlistener.com/opinion/1477077/in-re-oil-spill-by-amoco-cadiz/,
10810840,mad,federal_trial,,23675,2025 WL 2808055,Doe v. Lawrence Gen. Hosp.,2025,D. Mass.,,Federal_District,NOT_FOUND,no,0.000,,,Quick search only: not in citation lookup API
10770795,cand,federal_trial,,8632,2009 WL 2392094,Darensburg v. Metro. Transp. Comm'n,,N.D. Cal.,"finding that the issues presented in a civil rights issue were close and difficult because ""[r]esolution of [the] issues was not obvious"" and the case was ""vigorously litigated""",Federal_District,NOT_FOUND,no,0.000,,,Quick search only: not in citation lookup API
10809644,txsd,federal_trial,,5305,2021 WL 1165132,"WeInfuse, LLC v. InfuseFlow, LLC",2021,N.D. Tex.,,Federal_District,NOT_FOUND,no,0.000,,,Quick search only: not in citation lookup API
10779126,cand,federal_trial,,16966,2022 WL 1261302,Hendrix v. Garcia,2022,D. Kan.,,Federal_District,NOT_FOUND,no,0.000,,,Quick search only: not in citation lookup API
10805616,txsd,federal_trial,,23376,2022 WL 18276710,Jackson v. Boone,2022,E.D. La.,,Federal_District,NOT_FOUND,no,0.000,,,Quick search only: not in citation lookup API
10850782,cand,federal_trial,,16254,2016 WL 9753979,In re Wilmington Trust Secs. Litig.,2016,D.Del.,,Federal_District,NOT_FOUND,no,0.000,,,Quick search only: not in citation lookup API
10785269,dcd,federal_trial,"United States v. Approximately 1,467,761.163191 Usdt",18842,"330 F. Supp. 3d 150, 156",United States v. All Assets Held in Acct. No. XXXXXXXX,2018,D.D.C.,"Traditionally, when exercising in rem jurisdiction, the defendant property is physically present within the court's territorial jurisdiction.",Federal_District,VERIFIED,yes,1.000,United States v. All Assets Held in Account No. XXXXXXXX,https://www.courtlistener.com/opinion/7331866/united-states-v-all-assets-held-in-account-no-xxxxxxxx/,
10779126,cand,federal_trial,,16966,2022 WL 1541750,Hendrix v. Garcia,2022,D. Kan.,,Federal_District,NOT_FOUND,no,0.000,,,Quick search only: not in citation lookup API
10770725,mad,federal_trial,,11894,"274 F.R.D. 12, 18",St. John v. Napolitano,2011,D.D.C.,,Federal_District,VERIFIED,yes,1.000,St. John v. Napolitano,https://www.courtlistener.com/opinion/2664452/st-john-v-napolitano/,
10841844,ilnd,federal_trial,,16122,2025 WL 1505405,John S. v. Bisignano,2025,N.D. Ill.,"quoting Michael B. v. Berryhill, 2019 WL 2269962, at *6",Federal_District,NOT_FOUND,no,0.000,,,Quick search only: not in citation lookup API
10770725,mad,federal_trial,,11894,174 F.R.D. at 228,Vanderbilt v. Town of Chilmark,,,listing explicit waiver and disclosure as means to waive the privilege,Federal_District,VERIFIED,yes,1.000,Vanderbilt v. Town of Chilmark,https://www.courtlistener.com/opinion/9049331/vanderbilt-v-town-of-chilmark/,
10785269,dcd,federal_trial,"United States v. Approximately 1,467,761.163191 Usdt",18842,324 F. Supp. 3d at 41,"United States v. $1,071,251.44 of Funds Associated with Mingzheng Int'l Trading Ltd.",2018,D.D.C.,"interpreting this rule to require that the complaint ""establish a reasonable belief that the government could prove by a preponderance of the evidence that [Defendant Property is] subject to civil in rem forfeiture""",Federal_District,VERIFIED,yes,1.000,"United States v. $1,071,251.44 of Funds Associated With Mingzheng Int'l Trading Ltd.",https://www.courtlistener.com/opinion/7331415/united-states-v-107125144-of-funds-associated-with-mingzheng-intl/,
10830306,dcd,federal_trial,Doe v. American University,22763,818 F. Supp. 2d at 69,Durham,,D.D.C.,,Federal_District,VERIFIED,yes,1.000,Negley v. Federal Bureau of Investigation,https://www.courtlistener.com/opinion/2174798/negley-v-federal-bureau-of-investigation/,
10838932,dcd,federal_trial,Coalition for Humane Immigrant Rights v. Mullin,10825,"307 F.R.D. 1, 8",Doe v. Cabrera,2014,D.D.C.,,Federal_District,VERIFIED,yes,1.000,Doe v. Cabrera,https://www.courtlistener.com/opinion/2731684/doe-v-cabrera/,
10770725,mad,federal_trial,,11894,274 F.R.D. at 19,St. John v. Napolitano,,,,Federal_District,VERIFIED,yes,1.000,St. John v. Napolitano,https://www.courtlistener.com/opinion/2664452/st-john-v-napolitano/,
10850074,cand,federal_trial,,24517,19 B.R. 125,In re Mansfield Tire & Rubber Co.,1981,Bankr. N.D. Ohio,,Federal_District,VERIFIED,yes,1.000,Matter of Mansfield Tire & Rubber Co.,https://www.courtlistener.com/opinion/1957144/matter-of-mansfield-tire-rubber-co/,
10853104,mad,federal_trial,,11968,2019 WL 5268725,Viken Detection Corp. v. Doe,2019,D. Mass.,"holding that the ""only way the plaintiffs can realistically proceed"" in a lawsuit against a John Doe defendant is to subpoena the ISP for the information connected to the IP address",Federal_District,NOT_FOUND,no,0.000,,,Quick search only: not in citation lookup API
10770262,cand,federal_trial,,8042,2020 WL 7862706,Damner v. Facebook Inc.,2020,N.D. Cal.,"dismissing negligence claim where ""Plaintiff's allegation that Facebook owed him a duty of care to keep his personal information safe is contradicted by the terms of the [Statement of Rights and Responsibility], which expressly disclaim such a duty''""",Federal_District,NOT_FOUND,no,0.000,,,Quick search only: not in citation lookup API
10796076,dcd,federal_trial,Powell v. United States Department of Treasury,22965,317 F. Supp. 3d 266,Powell v. IRS,2018,D.D.C.,subsequent history omitted,Federal_District,VERIFIED,yes,1.000,Powell v. Internal Revenue Serv.,https://www.courtlistener.com/opinion/7330755/powell-v-internal-revenue-serv/,
