cited_tier,cited_case_name,citation_string,cited_year,cited_court_hint,parenthetical,citing_case_name,citing_court_id,citing_level,citing_cluster,FINAL_STATUS,FINAL_REASON,p4_status,p4_in_cl,p4_matched_name,p4_diag,p4c_outcome,p4c_stage_a_status,p4c_stage_a_score,p4c_stage_a_match,p4c_stage_a_url,p4c_stage_b_status,p4c_stage_b_score,p4c_stage_b_match,p4c_stage_b_url,p5_verdict,p5_reason,p5_test_cite_in_cluster,p5_test_parties,p5_test_court_id_match,p5_test_date_close,p5_matched_cluster_citations
SCOTUS,Kremer v. Chem. Const. Corp.,456 U.S. at 485,,U.S. Supreme Court,"a litigant's ""fail[ure] to avail himself of the full procedures provided by state law does not constitute a sign of their inadequacy""",,txsd,federal_trial,10850875,duplicate_of_fuller_sibling,short-form citation; fuller sibling exists in same opinion,VERIFIED,yes,Kremer v. Chemical Construction Corp.,,,,,,,,,,,,,,,,,
SCOTUS,TransUnion LLC v. Ramirez,594 U.S. at 442,,U.S. Supreme Court,quotation omitted,,mad,federal_trial,10856698,excluded_incomplete_citation,short-form citation; no antecedent in extraction — not measurable,NOT_FOUND,no,,Quick search only: not in citation lookup API,still_not_found,NOT_FOUND,0.000,,,NOT_FOUND,0.000,,,,,,,,,
SCOTUS,"Hanover Shoe, Inc. v. United Shoe Machinery Corp.",392 U.S. 481,1968,U.S. Supreme Court,,,ilnd,federal_trial,10839087,in_cl_via_citation_lookup,citation_lookup returned VERIFIED,VERIFIED,yes,"Hanover Shoe, Inc. v. United Shoe MacHinery Corp.",,,,,,,,,,,,,,,,,
SCOTUS,Michigan v Lucas,500 US 145,1991,U.S. Supreme Court,,People v. Bender,ny,state_colr,10809924,in_cl_via_citation_lookup,citation_lookup returned VERIFIED,VERIFIED,yes,Michigan v. Lucas,,,,,,,,,,,,,,,,,
SCOTUS,Hagans v. Lavine,"415 U.S. 528, 536–37",1974,U.S. Supreme Court,"""Over the years, this Court has repeatedly held that the federal courts are without power to entertain claims otherwise within their jurisdiction if they are 'so attenuated and unsubstantial as to be ",Dusenbery v. Trump,dcd,federal_trial,10844072,in_cl_via_citation_lookup,citation_lookup returned VERIFIED,VERIFIED,yes,Hagans v. Lavine,,,,,,,,,,,,,,,,,
SCOTUS,Arizona v. Navajo Nation,"599 U.S. 555, 566",2023,U.S. Supreme Court,,Gardner v. Haaland,dcd,federal_trial,10832493,in_cl_via_citation_lookup,citation_lookup returned VERIFIED,VERIFIED,yes,Arizona v. Navajo Nation,,,,,,,,,,,,,,,,,
SCOTUS,Graham v. Connor,"490 U.S. 386, 396",1989,U.S. Supreme Court,"[""T]he right to make an arrest . . . carries with it the right to use some degree of physical coercion or threat thereof to effect it.",,ilnd,federal_trial,10782555,in_cl_via_citation_lookup,citation_lookup returned VERIFIED,VERIFIED,yes,Graham v. Connor,,,,,,,,,,,,,,,,,
SCOTUS,Ashcroft v. Iqbal,556 U.S. 662,2009,U.S. Supreme Court,,,cand,federal_trial,10779126,in_cl_via_citation_lookup,citation_lookup returned VERIFIED,VERIFIED,yes,Ashcroft v. Iqbal,,,,,,,,,,,,,,,,,
SCOTUS,Ashcroft v. Iqbal,"556 U.S. 662, 676–77",2009,U.S. Supreme Court,,,mad,federal_trial,10789794,in_cl_via_citation_lookup,citation_lookup returned VERIFIED,VERIFIED,yes,Ashcroft v. Iqbal,,,,,,,,,,,,,,,,,
SCOTUS,Erickson v. Pardus,551 U.S. 89,2007,U.S. Supreme Court,per curiam,,mad,federal_trial,10848034,in_cl_via_citation_lookup,citation_lookup returned VERIFIED,VERIFIED,yes,Erickson v. Pardus,,,,,,,,,,,,,,,,,
SCOTUS,Bell Atl. Corp. v. Twombly,550 U.S. at 555,,U.S. Supreme Court,cleaned up,Dusenbery v. Trump,dcd,federal_trial,10844072,duplicate_of_fuller_sibling,short-form citation; fuller sibling exists in same opinion,VERIFIED,yes,Bell Atlantic Corp. v. Twombly,,,,,,,,,,,,,,,,,
SCOTUS,Ashcroft v. Iqbal,556 U.S. 662,2009,U.S. Supreme Court,,,ilnd,federal_trial,10853090,in_cl_via_citation_lookup,citation_lookup returned VERIFIED,VERIFIED,yes,Ashcroft v. Iqbal,,,,,,,,,,,,,,,,,
SCOTUS,Krippendorf v. Hyde,110 U.S. 276,1884,U.S. Supreme Court,,Shafique v. United States Marshal Service,dcd,federal_trial,10807315,in_cl_via_citation_lookup,citation_lookup returned VERIFIED,VERIFIED,yes,Krippendorf v. Hyde,,,,,,,,,,,,,,,,,
SCOTUS,Neitzke v. Williams,"490 U.S. 319, 324",1989,U.S. Supreme Court,,,mad,federal_trial,10789794,in_cl_via_citation_lookup,citation_lookup returned VERIFIED,VERIFIED,yes,Neitzke v. Williams,,,,,,,,,,,,,,,,,
SCOTUS,Bell Atl. Corp. v. Twombly,"550 U.S. 544, 555",2007,U.S. Supreme Court,,Dusenbery v. Trump,dcd,federal_trial,10844072,in_cl_via_citation_lookup,citation_lookup returned VERIFIED,VERIFIED,yes,Bell Atlantic Corp. v. Twombly,,,,,,,,,,,,,,,,,
SCOTUS,Rumsfeld v. Padilla,"542 U.S. 426, 435",2004,U.S. Supreme Court,,Brutus v. Trump,dcd,federal_trial,10795160,in_cl_via_citation_lookup,citation_lookup returned VERIFIED,VERIFIED,yes,Rumsfeld v. Padilla,,,,,,,,,,,,,,,,,
SCOTUS,Caterpillar Inc. v. Lewis,"519 U.S. 61, 68",1996,U.S. Supreme Court,,,mad,federal_trial,10768378,in_cl_via_citation_lookup,citation_lookup returned VERIFIED,VERIFIED,yes,Caterpillar Inc. v. Lewis,,,,,,,,,,,,,,,,,
SCOTUS,"Federated Dept. Stores, Inc. v. Moitie","452 U.S. 394, 401",1981,U.S. Supreme Court,,,txsd,federal_trial,10850875,in_cl_via_citation_lookup,citation_lookup returned VERIFIED,VERIFIED,yes,"Federated Department Stores, Inc. v. Moitie",,,,,,,,,,,,,,,,,
SCOTUS,Delligatti v. United States,604 U.S. 423,2025,U.S. Supreme Court,holding that knowingly or intentionally causing death necessarily involves the use of physical force,United States v. Iesajaco,dcd,federal_trial,10806682,in_cl_via_citation_lookup,citation_lookup returned VERIFIED,VERIFIED,yes,Delligatti v. United States,,,,,,,,,,,,,,,,,
SCOTUS,McCoy v. Louisiana,584 U.S. 414,2018,U.S. Supreme Court,,,txsd,federal_trial,10782386,in_cl_via_citation_lookup,citation_lookup returned VERIFIED,VERIFIED,yes,McCoy v. Louisiana,,,,,,,,,,,,,,,,,
SCOTUS,Martinez v. Ryan,566 U.S. 1,2012,U.S. Supreme Court,,,txsd,federal_trial,10782386,in_cl_via_citation_lookup,citation_lookup returned VERIFIED,VERIFIED,yes,Martinez v. Ryan,,,,,,,,,,,,,,,,,
SCOTUS,Erickson v. Paradus,551 U.S. 89,2007,U.S. Supreme Court,,,txsd,federal_trial,10797421,in_cl_via_citation_lookup,citation_lookup returned VERIFIED,VERIFIED,yes,Erickson v. Pardus,,,,,,,,,,,,,,,,,
SCOTUS,Biestek v. Berryhill,139 S. Ct. 1148,2019,U.S. Supreme Court,citations omitted,,ilnd,federal_trial,10844968,in_cl_via_citation_lookup,citation_lookup returned VERIFIED,VERIFIED,yes,Biestek v. Berryhill,,,,,,,,,,,,,,,,,
SCOTUS,"Grable & Sons Metal Prods., Inc. v. Darue Eng'g & Mfg.",545 U.S. 308,2005,U.S. Supreme Court,,,cand,federal_trial,10768445,in_cl_via_citation_lookup,citation_lookup returned VERIFIED,VERIFIED,yes,"Grable & Sons Metal Products, Inc. v. Darue Engineering & Manufacturing",,,,,,,,,,,,,,,,,
SCOTUS,Bell Atl. Corp. v. Twombly,550 U.S. 544,2007,U.S. Supreme Court,,,mad,federal_trial,10810840,in_cl_via_citation_lookup,citation_lookup returned VERIFIED,VERIFIED,yes,Bell Atlantic Corp. v. Twombly,,,,,,,,,,,,,,,,,
SCOTUS,Will v. Michigan Dep't of State Police,491 U.S. 58,1989,U.S. Supreme Court,,,mad,federal_trial,10848034,in_cl_via_citation_lookup,citation_lookup returned VERIFIED,VERIFIED,yes,Will v. Michigan Department of State Police,,,,,,,,,,,,,,,,,
SCOTUS,Ashcroft v. Iqbal,556 U.S. 662,2009,U.S. Supreme Court,"quoting Bell Atl. Corp. v. Twombly, 550 U.S. 544, 555, 570 (2007)",Powell v. United States Department of Treasury,dcd,federal_trial,10796076,in_cl_via_citation_lookup,citation_lookup returned VERIFIED,VERIFIED,yes,Ashcroft v. Iqbal,,,,,,,,,,,,,,,,,
SCOTUS,Biestek v. Berryhill,587 U.S. 97,2019,U.S. Supreme Court,,,ilnd,federal_trial,10841844,in_cl_via_citation_lookup,citation_lookup returned VERIFIED,VERIFIED,yes,Biestek v. Berryhill,,,,,,,,,,,,,,,,,
SCOTUS,"Circuit City Stores, Inc. v. Adams","532 U.S. 105, 114–15",2001,U.S. Supreme Court,,Miami-Dade County v. Dr. David Fintan Garavan,fladistctapp,state_iac,10814726,in_cl_via_citation_lookup,citation_lookup returned VERIFIED,VERIFIED,yes,"Circuit City Stores, Inc. v. Adams",,,,,,,,,,,,,,,,,
SCOTUS,Beach v. Ocwen Fed. Bank,"523 U.S. 410, 412",1998,U.S. Supreme Court,,,mad,federal_trial,10778972,in_cl_via_citation_lookup,citation_lookup returned VERIFIED,VERIFIED,yes,Beach v. Ocwen Federal Bank,,,,,,,,,,,,,,,,,
SCOTUS,"Kramer v. Caribbean Mills, Inc.","394 U.S. 823, 824 n.2",1969,U.S. Supreme Court,,,mad,federal_trial,10850700,in_cl_via_citation_lookup,citation_lookup returned VERIFIED,VERIFIED,yes,"Kramer v. Caribbean Mills, Inc.",,,,,,,,,,,,,,,,,
SCOTUS,"Coinbase, Inc. v. Bielski",Jd. at 741,2023,U.S. Supreme Court,,,cand,federal_trial,10786945,excluded_incomplete_citation,short-form citation; no antecedent in extraction — not measurable,NOT_FOUND,no,,Quick search only: not in citation lookup API,rescued_by_recap,NOT_FOUND,0.000,,,POSSIBLE_MATCH,0.414,"Bielski v. Coinbase Global, Inc.",https://www.courtlistener.com/docket/60467461/143/bielski-v-coinbase-global-inc/,LIKELY_FALSE,court_id mismatch: cited=scotus matched=cand,,LR,no,yes,
SCOTUS,Baker v. McCollan,443 U.S. 137,1979,U.S. Supreme Court,,,mad,federal_trial,10845114,in_cl_via_citation_lookup,citation_lookup returned VERIFIED,VERIFIED,yes,Baker v. McCollan,,,,,,,,,,,,,,,,,
SCOTUS,Bell Atl. Corp. v. Twombly,550 U.S. 544,2007,U.S. Supreme Court,,Powell v. United States Department of Treasury,dcd,federal_trial,10796076,in_cl_via_citation_lookup,citation_lookup returned VERIFIED,VERIFIED,yes,Bell Atlantic Corp. v. Twombly,,,,,,,,,,,,,,,,,
SCOTUS,Ashcroft v. Iqbal,556 U.S. 662,2009,U.S. Supreme Court,"quoting Bell Atl. Corp. v. Twombly, 550 U.S. 544, 570 (2007)",Hughes v. Superior Court for the District of Columbia,dcd,federal_trial,10786075,in_cl_via_citation_lookup,citation_lookup returned VERIFIED,VERIFIED,yes,Ashcroft v. Iqbal,,,,,,,,,,,,,,,,,
SCOTUS,Haines v. Kerner,"404 U.S. 519, 520",1972,U.S. Supreme Court,,,mad,federal_trial,10794026,in_cl_via_citation_lookup,citation_lookup returned VERIFIED,VERIFIED,yes,Haines v. Kerner,,,,,,,,,,,,,,,,,
SCOTUS,Bell Atl. Corp. v. Twombly,"550 U.S. 544, 570",2007,U.S. Supreme Court,,,mad,federal_trial,10778972,in_cl_via_citation_lookup,citation_lookup returned VERIFIED,VERIFIED,yes,Bell Atlantic Corp. v. Twombly,,,,,,,,,,,,,,,,,
SCOTUS,Farmer v. Brennan,511 U.S. 825,1994,U.S. Supreme Court,,,txsd,federal_trial,10805616,in_cl_via_citation_lookup,citation_lookup returned VERIFIED,VERIFIED,yes,Farmer v. Brennan,,,,,,,,,,,,,,,,,
SCOTUS,Kremer v. Chem. Const. Corp.,"456 U.S. 461, 481 n.22",1982,U.S. Supreme Court,,,txsd,federal_trial,10850875,in_cl_via_citation_lookup,citation_lookup returned VERIFIED,VERIFIED,yes,Kremer v. Chemical Construction Corp.,,,,,,,,,,,,,,,,,
SCOTUS,Graham v. Connor,490 U.S. at 396,,,,,mad,federal_trial,10845114,in_cl_via_citation_lookup,citation_lookup returned VERIFIED,VERIFIED,yes,Graham v. Connor,,,,,,,,,,,,,,,,,
SCOTUS,Celotex Corp. v. Catrett,"477 U.S. 317, 323",1986,U.S. Supreme Court,,,txsd,federal_trial,10804727,in_cl_via_citation_lookup,citation_lookup returned VERIFIED,VERIFIED,yes,"Celotex Corp. v. Catrett, Administratrix of the Estate of Catrett",,,,,,,,,,,,,,,,,
SCOTUS,Cnty. of Sacramento v. Lewis,523 U.S.,,U.S. Supreme Court,,Hughes v. Superior Court for the District of Columbia,dcd,federal_trial,10786075,excluded_incomplete_citation,short-form citation; no antecedent in extraction — not measurable,NOT_FOUND,no,,Quick search only: not in citation lookup API,still_not_found,NOT_FOUND,0.000,,,NOT_FOUND,0.000,,,,,,,,,
SCOTUS,Nken v. Holder,"556 U.S. 418, 435",2009,U.S. Supreme Court,,American Oversight v. U.S. Department of Justice,dcd,federal_trial,10833791,in_cl_via_citation_lookup,citation_lookup returned VERIFIED,VERIFIED,yes,Nken v. Holder,,,,,,,,,,,,,,,,,
SCOTUS,Ashcroft v. Iqbal,129 S. Ct. 1937,2009,U.S. Supreme Court,,,ilnd,federal_trial,10785894,in_cl_via_citation_lookup,citation_lookup returned VERIFIED,VERIFIED,yes,Ashcroft v. Iqbal,,,,,,,,,,,,,,,,,
SCOTUS,Jones v. Flowers,"547 U.S. 220, 226",2006,U.S. Supreme Court,,"United States v. Approximately 1,467,761.163191 Usdt",dcd,federal_trial,10785269,in_cl_via_citation_lookup,citation_lookup returned VERIFIED,VERIFIED,yes,Jones v. Flowers,,,,,,,,,,,,,,,,,
SCOTUS,Ashcroft v. Iqbal,556 U.S. at 679,,U.S. Supreme Court,"While legal conclusions can provide the framework of a complaint, they must be supported by factual allegations.",,mad,federal_trial,10778972,in_cl_via_citation_lookup,citation_lookup returned VERIFIED,VERIFIED,yes,Ashcroft v. Iqbal,,,,,,,,,,,,,,,,,
SCOTUS,District of Columbia v. Wesby,"583 U.S. 48, 61",2018,U.S. Supreme Court,,,ilnd,federal_trial,10782555,in_cl_via_citation_lookup,citation_lookup returned VERIFIED,VERIFIED,yes,District of Columbia v. Wesby,,,,,,,,,,,,,,,,,
SCOTUS,Ashcroft v. Iqbal,556 U.S. 662,2009,U.S. Supreme Court,,,txsd,federal_trial,10805616,in_cl_via_citation_lookup,citation_lookup returned VERIFIED,VERIFIED,yes,Ashcroft v. Iqbal,,,,,,,,,,,,,,,,,
SCOTUS,"Newman-Green, Inc. v. Alfonzo-Larrain","490 U.S. 826, 828",1989,U.S. Supreme Court,,,mad,federal_trial,10850700,in_cl_via_citation_lookup,citation_lookup returned VERIFIED,VERIFIED,yes,"Newman-Green, Inc. v. Alfonzo-Larrain",,,,,,,,,,,,,,,,,
SCOTUS,Newburyport Water Co. v. Newburyport,"193 U.S. 561, 579",1904,U.S. Supreme Court,,Dusenbery v. Trump,dcd,federal_trial,10844072,in_cl_via_citation_lookup,citation_lookup returned VERIFIED,VERIFIED,yes,Newburyport Water Co. v. Newburyport,,,,,,,,,,,,,,,,,
Circuit,Steir v. Girl Scouts of the USA,"383 F.3d 7, 12",2004,1st Cir.,,,mad,federal_trial,10814121,in_cl_via_citation_lookup,citation_lookup returned VERIFIED,VERIFIED,yes,Steir v. Girl Scouts of the U,,,,,,,,,,,,,,,,,
Circuit,Cortés-Ramos v. Martin-Morales,956 F.3d 36,2020,1st Cir.,quotation marks omitted,,mad,federal_trial,10848034,in_cl_via_citation_lookup,citation_lookup returned VERIFIED,VERIFIED,yes,Cortes-Ramos v. Martin-Morales,,,,,,,,,,,,,,,,,
Circuit,"Thornton v. Ipsen Biopharmaceuticals, Inc.",126 F.4th 76,2025,1st Cir.,,,mad,federal_trial,10848034,in_cl_via_citation_lookup,citation_lookup returned VERIFIED,VERIFIED,yes,"Thornton v. Ipsen Biopharmaceuticals, Inc.",,,,,,,,,,,,,,,,,
Circuit,Oliver v. Scott,276 F.3d 736,2002,5th Cir.,,,txsd,federal_trial,10805616,in_cl_via_citation_lookup,citation_lookup returned VERIFIED,VERIFIED,yes,Oliver v. Scott,,,,,,,,,,,,,,,,,
Circuit,Griffith Foods International Inc. v. National Union Fire Insurance Co. of Pittsburgh,134 F.4th 483,2025,7th Cir.,,Griffith Foods International Inc. v. National Union Fire Insurance Company of Pi,ill,state_colr,10778711,in_cl_via_citation_lookup,citation_lookup returned VERIFIED,VERIFIED,yes,Griffith Foods International Inc. v. National Union Fire Insurance Company of Pittsburg,,,,,,,,,,,,,,,,,
Circuit,Thompson v. Dall. City Attorney's Off.,"913 F.3d 464, 470",2019,5th Cir.,quotation omitted,,txsd,federal_trial,10850875,in_cl_via_citation_lookup,citation_lookup returned VERIFIED,VERIFIED,yes,Petrina Thompson v. Dallas City Attorney's Office,,,,,,,,,,,,,,,,,
Circuit,"Terry Black's Barbecue, L.L.C. v. State Auto. Mut. Ins. Co.","22 F.4th 450, 459",2022,5th Cir.,,,txsd,federal_trial,10804727,not_in_cl,rigorous fallback found no credible match,NOT_FOUND,no,,Quick search only: not in citation lookup API,still_not_found,NOT_FOUND,0.392,S Orthopaedic Spclt v. State Farm Fire,https://www.courtlistener.com/opinion/9389319/s-orthopaedic-spclt-v-state-farm-fire/,NOT_FOUND,0.339,Princeton Excess v. AHD Houston,https://www.courtlistener.com/docket/67304558/73/1/princeton-excess-v-ahd-houston/,,,,,,,
Circuit,"Frankling Incorporated v. BA CE Services, Incorporated",50 F 4th 432,2022,5th Cir.,,,txsd,federal_trial,10797421,not_in_cl,rigorous fallback found no credible match,NOT_FOUND,no,,Quick search only: not in citation lookup API,still_not_found,NOT_FOUND,0.000,,,NOT_FOUND,0.000,,,,,,,,,
Circuit,Dorfmann v. Boozer,"414 F.2d 1168, 1174",1969,D.C. Cir.,,American Oversight v. U.S. Department of Justice,dcd,federal_trial,10833791,in_cl_via_citation_lookup,citation_lookup returned VERIFIED,VERIFIED,yes,"Richard Dorfmann, T/a Tenth Street Limited Partnership v. Russell B. Boozer",,,,,,,,,,,,,,,,,
Circuit,"Guillory v. PPG Indus., Inc.","434 F.3d 303, 308",2005,5th Cir.,,,txsd,federal_trial,10807648,in_cl_via_citation_lookup,citation_lookup returned VERIFIED,VERIFIED,yes,"Guillory v. PPG Industries, Inc.",,,,,,,,,,,,,,,,,
Circuit,"Belini v. Washington Mut. Bank, FA","412 F.3d 17, 19",2005,1st Cir.,,,mad,federal_trial,10778972,in_cl_via_citation_lookup,citation_lookup returned VERIFIED,VERIFIED,yes,"Belini v. Washington Mutual Bank, FA",,,,,,,,,,,,,,,,,
Circuit,Sissel v. HHS,760 F.3d 1,2014,D.C. Cir.,,Shafique v. United States Marshal Service,dcd,federal_trial,10807315,in_cl_via_citation_lookup,citation_lookup returned VERIFIED,VERIFIED,yes,Sissel v. United States Department of Health & Human Services,,,,,,,,,,,,,,,,,
Circuit,Catlin v. City of Wheaton,"574 F.3d 361, 366",2009,7th Cir.,"Because the arrest was valid, the defendants were allowed to use some force in the course of effecting the arrest.",,ilnd,federal_trial,10782555,in_cl_via_citation_lookup,citation_lookup returned VERIFIED,VERIFIED,yes,Catlin v. City of Wheaton,,,,,,,,,,,,,,,,,
Circuit,"Thermoflex Waukegan, LLC v. Mitsui Sumitomo Ins. USA, Inc.","102 F.4th 438, 440",2024,7th Cir.,,,ilnd,federal_trial,10839629,in_cl_via_citation_lookup,citation_lookup returned VERIFIED,VERIFIED,yes,"Thermoflex Waukegan, LLC v. Mitsui Sumitomo Insurance USA, Inc.",,,,,,,,,,,,,,,,,
Circuit,"Jud. Watch, Inc. v. U.S. Secret Serv.",726 F.3d 208,2013,D.C. Cir.,citation omitted,Powell v. United States Department of Treasury,dcd,federal_trial,10796076,in_cl_via_citation_lookup,citation_lookup returned VERIFIED,VERIFIED,yes,"Judicial Watch, Inc. v. United States Secret Service",,,,,,,,,,,,,,,,,
Circuit,Harris v. Bankers Life & Cas. Co.,425 F.3d at 694,,,,,cand,federal_trial,10768445,in_cl_via_citation_lookup,citation_lookup returned VERIFIED,VERIFIED,yes,Robert H. Harris v. Bankers Life and Casualty Company Kenneth L. Brown,,,,,,,,,,,,,,,,,
Circuit,"Toth v. Trans World Airlines, Inc.",862 F.2d 1381,1988,9th Cir.,,,cand,federal_trial,10779126,in_cl_via_citation_lookup,citation_lookup returned VERIFIED,VERIFIED,yes,"Rita A. Toth, and Sondra J. Thornally, Esq., Claimant-Appellant v. Trans World Airlines, Inc.",,,,,,,,,,,,,,,,,
Circuit,Camelio v. Am. Fed'n,"137 F.3d 666, 672",1998,1st Cir.,[T]he balance of competing factors ordinarily will weigh strongly in favor of declining jurisdiction over state law claims where the foundational federal claims have been dismissed at an early stage i,,mad,federal_trial,10778972,in_cl_via_citation_lookup,citation_lookup returned VERIFIED,VERIFIED,yes,"Augustus John Camelio v. American Federation, Etc.",,,,,,,,,,,,,,,,,
Circuit,Weaver v. Tex. Cap. Bank N.A.,"660 F.3d 900, 908",2011,5th Cir.,,,txsd,federal_trial,10850875,in_cl_via_citation_lookup,citation_lookup returned VERIFIED,VERIFIED,yes,Weaver v. Texas Capital Bank N.A.,,,,,,,,,,,,,,,,,
Circuit,Conti v. United States,"291 F.3d 1334, 1340",2002,Fed. Cir.,,Gardner v. Haaland,dcd,federal_trial,10832493,in_cl_via_citation_lookup,citation_lookup returned VERIFIED,VERIFIED,yes,Paul Conti and Conti Corporation (As Owner of F/v Providenza) v. United States,,,,,,,,,,,,,,,,,
Circuit,Goble v. Marsh,"684 F.2d 12, 13",1982,D.C. Cir.,,Gardner v. Haaland,dcd,federal_trial,10832493,in_cl_via_citation_lookup,citation_lookup returned VERIFIED,VERIFIED,yes,"Bobby Goble v. John O. Marsh, Jr., Individually and in His Capacity as Secretary of the Army Frank J. Preston v. John O. Marsh, Jr.",,,,,,,,,,,,,,,,,
Circuit,In re Grand Jury Proceedings (Gregory P. Violette),"183 F.3d 71, 73",1999,1st Cir.,federal common law recognizes the psychotherapist-patient privilege,,mad,federal_trial,10770725,in_cl_via_citation_lookup,citation_lookup returned VERIFIED,VERIFIED,yes,In Re Grand Jury Proceedings (Violette),,,,,,,,,,,,,,,,,
Circuit,"Payne Enters., Inc. v. United States","837 F.2d 486, 494",1988,D.C. Cir.,FOIA imposes no limits on courts' equitable powers in enforcing its terms.,American Oversight v. U.S. Department of Justice,dcd,federal_trial,10833791,in_cl_via_citation_lookup,citation_lookup returned VERIFIED,VERIFIED,yes,"Payne Enterprises, Inc. v. United States of America",,,,,,,,,,,,,,,,,
Circuit,Lee v. Kansas City S. Ry. Co.,574 F.3d at 258,2009,5th Cir.,,,txsd,federal_trial,10804727,in_cl_via_citation_lookup,citation_lookup returned VERIFIED,VERIFIED,yes,Lee v. Kansas City Southern Railway Co.,,,,,,,,,,,,,,,,,
Circuit,In re Cement Antitrust Litig.,"673 F.2d 1020, 1026",1981,9th Cir.,,,cand,federal_trial,10769495,in_cl_via_citation_lookup,citation_lookup returned POSSIBLE_MATCH,POSSIBLE_MATCH,yes,Arizona v. Ideal Basic Industries,"Name mismatch: citation exists at this reporter location but belongs to ""Arizona v. Ideal Basic Industries""",,,,,,,,,,,,,,,,
Circuit,O'Connell v. Hyatt Hotels of P.R.,"357 F.3d 152, 154",2004,1st Cir.,,,mad,federal_trial,10814121,in_cl_via_citation_lookup,citation_lookup returned VERIFIED,VERIFIED,yes,O'Connell v. Hyatt Hotels,,,,,,,,,,,,,,,,,
Circuit,Hubbard,650 F.2d at 321,,D.C. Cir.,,Doe v. American University,dcd,federal_trial,10830306,excluded_incomplete_citation,short-form citation; no antecedent in extraction — not measurable,NOT_FOUND,no,,Quick search only: not in citation lookup API,still_not_found,NOT_FOUND,0.000,,,NOT_FOUND,0.000,,,,,,,,,
Circuit,Bowman v. Iddon,848 F.3d 1034,2017,D.C. Cir.,citation omitted,Shafique v. United States Marshal Service,dcd,federal_trial,10807315,in_cl_via_citation_lookup,citation_lookup returned VERIFIED,VERIFIED,yes,"John Bowman, Jr. v. Kimberly Iddon",,,,,,,,,,,,,,,,,
Circuit,F.T.C. v. Trudeau,579 F.3d,,7th Cir.,,,ilnd,federal_trial,10785026,excluded_incomplete_citation,short-form citation; no antecedent in extraction — not measurable,NOT_FOUND,no,,Quick search only: not in citation lookup API,still_not_found,NOT_FOUND,0.000,,,NOT_FOUND,0.000,,,,,,,,,
Circuit,Smallwood v. Illinois Cent. R. Co.,385 F.3d 568,2004,5th Cir.,en banc,"THE YE DARM PRESBYTERIAN CHURCH v. MOUNT VERNON FIRE INSURANCE COMPANY, et al.",txsd,federal_trial,10802819,in_cl_via_citation_lookup,citation_lookup returned VERIFIED,VERIFIED,yes,Kelli Smallwood v. Illinois Central Railroad Company Mississippi Department of Transportation,,,,,,,,,,,,,,,,,
Circuit,Zoch v. Saul,981 F.3d 597,2020,7th Cir.,The ALJ permissibly discounted Zoch's testimony of incapacitating pain because it conflicted with the objective medical evidence and most of the record.,,ilnd,federal_trial,10841844,in_cl_via_citation_lookup,citation_lookup returned VERIFIED,VERIFIED,yes,Chic Zoch v. Andrew Saul,,,,,,,,,,,,,,,,,
Circuit,O'Brien v. Town of Bellingham,"943 F.3d 514, 529",2019,1st Cir.,Whether Heck bars § 1983 claims is a jurisdictional question that can be raised at any time during the pendency of litigation,,mad,federal_trial,10789794,in_cl_via_citation_lookup,citation_lookup returned VERIFIED,VERIFIED,yes,O'Brien v. Town of Bellingham,,,,,,,,,,,,,,,,,
Circuit,McMahan v. Deutsche Bank AG,"892 F.3d 926, 929 n.2",2018,7th Cir.,We have consistently held that a failure to respond by the nonmovant as mandated by the local rules results in an admission.,,ilnd,federal_trial,10839629,in_cl_via_citation_lookup,citation_lookup returned VERIFIED,VERIFIED,yes,John McMahan v. Deutsche Bank AG,,,,,,,,,,,,,,,,,
Circuit,Carden v. Montana,"626 F.2d 82, 83-84",1980,9th Cir.,pre-sentence habeas action,,cand,federal_trial,10799526,in_cl_via_citation_lookup,citation_lookup returned VERIFIED,VERIFIED,yes,"John J. Carden, A/K/A James J. Carden, and Gloria (Eusek) Carden v. State of Montana",,,,,,,,,,,,,,,,,
Circuit,Thayer v. Chiczewski,"705 F.3d 237, 246",2012,7th Cir.,,,ilnd,federal_trial,10782555,in_cl_via_citation_lookup,citation_lookup returned VERIFIED,VERIFIED,yes,Andy Thayer v. Ralph Chiczewski,,,,,,,,,,,,,,,,,
Circuit,United States v. White,"737 F.3d 1121, 1129",2013,7th Cir.,,"United States v. Approximately 1,467,761.163191 Usdt",dcd,federal_trial,10785269,in_cl_via_citation_lookup,citation_lookup returned VERIFIED,VERIFIED,yes,United States v. Charles White,,,,,,,,,,,,,,,,,
Circuit,Bowman v. Iddon,"848 F.3d 1034, 1039",2017,D.C. Cir.,citation modified,Gardner v. Haaland,dcd,federal_trial,10832493,in_cl_via_citation_lookup,citation_lookup returned VERIFIED,VERIFIED,yes,"John Bowman, Jr. v. Kimberly Iddon",,,,,,,,,,,,,,,,,
Circuit,Griffith Foods International Inc. v. National Union Fire Insurance Co. of Pittsburgh,134 F.4th at 492,,,,Griffith Foods International Inc. v. National Union Fire Insurance Company of Pi,ill,state_colr,10778711,duplicate_of_fuller_sibling,short-form citation; fuller sibling exists in same opinion,NOT_FOUND,no,,Quick search only: not in citation lookup API,still_not_found,NOT_FOUND,0.000,,,NOT_FOUND,0.000,,,,,,,,,
Circuit,Domino v. Tex. Dep't of Criminal Justice,239 F.3d 752,2001,5th Cir.,,,txsd,federal_trial,10805616,in_cl_via_citation_lookup,citation_lookup returned VERIFIED,VERIFIED,yes,Domino v. Texas Department of Criminal Justice,,,,,,,,,,,,,,,,,
Circuit,"Test Masters Educ. Servs., Inc. v. Singh","428 F.3d 559, 571",2005,5th Cir.,,,txsd,federal_trial,10850875,in_cl_via_citation_lookup,citation_lookup returned VERIFIED,VERIFIED,yes,,,,,,,,,,,,,,,,,,
Circuit,Warnell v. O'Malley,97 F.4th 1050,2024,7th Cir.,citations omitted,,ilnd,federal_trial,10844968,in_cl_via_citation_lookup,citation_lookup returned VERIFIED,VERIFIED,yes,Brenda Warnell v. Martin J. O'Malley,,,,,,,,,,,,,,,,,
Circuit,Anim v. Mukasey,"535 F.3d 243, 253",2008,4th Cir.,,Coalition for Humane Immigrant Rights v. Mullin,dcd,federal_trial,10838932,in_cl_via_citation_lookup,citation_lookup returned VERIFIED,VERIFIED,yes,Anim v. Mukasey,,,,,,,,,,,,,,,,,
Circuit,Lax v. Mayorkas,20 F.4th at 1181,,7th Cir.,,,ilnd,federal_trial,10848865,excluded_incomplete_citation,short-form citation; no antecedent in extraction — not measurable,NOT_FOUND,no,,Quick search only: not in citation lookup API,still_not_found,NOT_FOUND,0.000,,,NOT_FOUND,0.000,,,,,,,,,
Circuit,"Kantor v. Wellesley Galleries, Ltd.","704 F.2d 1088, 1090",1983,9th Cir.,,,cand,federal_trial,10768445,in_cl_via_citation_lookup,citation_lookup returned VERIFIED,VERIFIED,yes,"Kantor v. Wellesley Galleries, Ltd.",,,,,,,,,,,,,,,,,
Circuit,Murphy v. United States,"45 F.3d 520, 522",1995,1st Cir.,internal quotation marks omitted,,mad,federal_trial,10794026,in_cl_via_citation_lookup,citation_lookup returned VERIFIED,VERIFIED,yes,Murphy v. United States,,,,,,,,,,,,,,,,,
Circuit,Sherley v. Sebelius,"644 F.3d 388, 392",2011,D.C. Cir.,"quoting Winter, 555 U.S. at 20",American Oversight v. U.S. Department of Justice,dcd,federal_trial,10833791,in_cl_via_citation_lookup,citation_lookup returned VERIFIED,VERIFIED,yes,Sherley v. Sebelius,,,,,,,,,,,,,,,,,
Circuit,"Hearts With Haiti, Inc. v. Kendrick","856 F.3d 1, 2-3",2017,1st Cir.,,,mad,federal_trial,10850700,in_cl_via_citation_lookup,citation_lookup returned VERIFIED,VERIFIED,yes,"Hearts With Haiti, Inc. v. Kendrick",,,,,,,,,,,,,,,,,
Circuit,Bakke v. Kijakazi,62 F.4th 1061,2023,7th Cir.,citation modified,,ilnd,federal_trial,10841844,in_cl_via_citation_lookup,citation_lookup returned VERIFIED,VERIFIED,yes,Dennis Bakke v. Kilolo Kijakazi,,,,,,,,,,,,,,,,,
Circuit,Georgiades v. Martin-Trigona,"729 F.2d 831, 834",1984,D.C. Cir.,,Simmons v. United States Government,dcd,federal_trial,10800861,in_cl_via_citation_lookup,citation_lookup returned VERIFIED,VERIFIED,yes,"Peter N. Georgiades v. Helen Martin-Trigona, Anthony R. Martin-Trigona, Peter N. Georgiades v. Helen Martin-Trigona",,,,,,,,,,,,,,,,,
Circuit,United States ex rel. Sargent v. Collins,"165 F.4th 102, 107",2026,1st Cir.,quotation marks omitted,,mad,federal_trial,10850700,in_cl_via_opinion_rescue,audit confirmed: both parties present + court corroborates (date ok),NOT_FOUND,no,,Quick search only: not in citation lookup API,rescued_by_opinion_search,LIKELY_REAL,0.900,US ex rel. Sargent v. Collins,https://www.courtlistener.com/opinion/10778237/us-ex-rel-sargent-v-collins/,,,,,VERIFIED_TRUE,both parties present + court corroborates (date ok),no,LR,yes,yes,
State_COLR,People v. Howery,"178 Ill. 2d 1, 32",1997,Ill. Supreme Court,,People v. Block,illappct,state_iac,10800996,in_cl_via_citation_lookup,citation_lookup returned VERIFIED,VERIFIED,yes,People v. Howery,,,,,,,,,,,,,,,,,
State_COLR,People v. Fern,189 Ill. 2d 48,1999,Ill. Supreme Court,,People v. McCall,illappct,state_iac,10782076,in_cl_via_citation_lookup,citation_lookup returned VERIFIED,VERIFIED,yes,People v. Fern,,,,,,,,,,,,,,,,,
State_COLR,"Occidental Permian, Ltd. v. Citation 2002 Inv. LLC","689 S.W.3d 899, 905",2024,Tex. Supreme Court,,"Equinor Energy Lp v. Lindale Pipeline, LLC",tex,state_colr,10808396,not_in_cl,rigorous fallback found no credible match,NOT_FOUND,no,,Quick search only: not in citation lookup API,still_not_found,NOT_FOUND,0.000,,,NOT_FOUND,0.289,"Frio Energy Partners, LLC v. Finance Technology Leverage, LLC",https://www.courtlistener.com/docket/65759673/103/frio-energy-partners-llc-v-finance-technology-leverage-llc/,,,,,,,
State_COLR,"Sundown Energy LP v. HJSA No. 3, L.P.","622 S.W.3d 884, 889",2021,Tex. Supreme Court,per curiam,"Equinor Energy Lp v. Lindale Pipeline, LLC",tex,state_colr,10808396,not_in_cl,rigorous fallback found no credible match,NOT_FOUND,no,,Quick search only: not in citation lookup API,still_not_found,NOT_FOUND,0.237,"Sundown Energy Lp Smc 2000 Lp, Pgp Holdings 1, LLC Smith Allen Oil & Gas, LLP Tr",https://www.courtlistener.com/opinion/4872528/sundown-energy-lp-smc-2000-lp-pgp-holdings-1-llc-smith-allen-oil-gas/,NOT_FOUND,0.247,"Elmen Holdings, LLC v. Martin Marietta Materials Inc",https://www.courtlistener.com/docket/16138730/57/elmen-holdings-llc-v-martin-marietta-materials-inc/,,,,,,,
State_COLR,Azad v 270 5th Realty Corp.,10 NY3d 706,2008,NY Court of Appeals,,Rogers v. DS Restoration & Residential Servs. Co.,nyappdiv,state_iac,10789451,not_in_cl,rigorous fallback found no credible match,NOT_FOUND,no,,Quick search only: not in citation lookup API,still_not_found,NOT_FOUND,0.000,,,NOT_FOUND,0.000,,,,,,,,,
State_COLR,Weaver v. Royal Insurance Co. of America,674 A.2d 975,1996,N.H. Supreme Court,,Griffith Foods International Inc. v. National Union Fire Insurance Company of Pi,ill,state_colr,10778711,in_cl_via_citation_lookup,citation_lookup returned VERIFIED,VERIFIED,yes,Weaver v. Royal Insurance Co. of America,,,,,,,,,,,,,,,,,
State_COLR,People v. Kelly,40 Cal.4th 106,2006,Cal. Supreme Court,,People v. Montenegro CA6,calctapp,state_iac,10845605,in_cl_via_citation_lookup,citation_lookup returned VERIFIED,VERIFIED,yes,People v. Kelly,,,,,,,,,,,,,,,,,
State_COLR,People v. McDavid,15 Cal.5th 1015,2024,Cal. Supreme Court,trial court has discretion to strike enhancement and impose lesser included § 12022.53 enhancement or other lesser included enhancement,People v. Martinez CA2/1,calctapp,state_iac,10808644,in_cl_via_opinion_rescue,audit confirmed: both parties present + court corroborates (date ok),NOT_FOUND,no,,Quick search only: not in citation lookup API,rescued_by_opinion_search,POSSIBLE_MATCH,0.700,People v. McDavid,https://www.courtlistener.com/opinion/9502426/people-v-mcdavid/,,,,,VERIFIED_TRUE,both parties present + court corroborates (date ok),no,LR,yes,yes,
State_COLR,Almanza v. State,686 S.W.2d 157,1985,Tex. Crim. App.,op. on reh'g,,txsd,federal_trial,10782386,in_cl_via_citation_lookup,citation_lookup returned VERIFIED,VERIFIED,yes,Almanza v. State,,,,,,,,,,,,,,,,,
State_COLR,Lavery v. Department of Financial & Professional Regulation,2025 IL 130033,2025,Ill. Supreme Court,,"Johnson v. Amazon.com Services, LLC",ill,state_colr,10811018,in_cl_via_citation_lookup,citation_lookup returned VERIFIED,VERIFIED,yes,Lavery v. Department of Financial and Professional Regulation,,,,,,,,,,,,,,,,,
State_COLR,People v Litto,"8 NY3d 692, 694, 697-707",2007,N.Y.,,People v. Dondorfer,ny,state_colr,10794944,in_cl_via_citation_lookup,citation_lookup returned VERIFIED,VERIFIED,yes,People v. Litto,,,,,,,,,,,,,,,,,
State_COLR,People v Cruz,"48 NY2d at 427, 428",,,,People v. Dondorfer,ny,state_colr,10794944,in_cl_via_citation_lookup,citation_lookup returned VERIFIED,VERIFIED,yes,People v. Cruz,,,,,,,,,,,,,,,,,
State_COLR,"Today's Fresh Start, Inc. v. Los Angeles County Office of Education","57 Cal.4th 197, 215",2013,Cal. Supreme Court,,Rockwell v. Dept. of Motor Vehicles CA5,calctapp,state_iac,10838331,in_cl_via_citation_lookup,citation_lookup returned VERIFIED,VERIFIED,yes,"Today's Fresh Start, Inc. v. Los Angeles County Office of Education",,,,,,,,,,,,,,,,,
State_COLR,Comes v New York State Elec. & Gas Corp.,"82 NY2d 876, 877",1993,NY Court of Appeals,,Rogers v. DS Restoration & Residential Servs. Co.,nyappdiv,state_iac,10789451,in_cl_via_citation_lookup,citation_lookup returned VERIFIED,VERIFIED,yes,Comes v. New York State Electric & Gas Corp.,,,,,,,,,,,,,,,,,
State_COLR,People v. Davidson,"2023 IL 127538, ¶ 16",2023,Ill. Supreme Court,,People v. Block,illappct,state_iac,10800996,in_cl_via_citation_lookup,citation_lookup returned VERIFIED,VERIFIED,yes,People v. Davidson,,,,,,,,,,,,,,,,,
State_COLR,People v. Mitchell,26 Cal.4th 181,2001,Cal. Supreme Court,,People v. Baul CA2/2,calctapp,state_iac,10809985,in_cl_via_citation_lookup,citation_lookup returned VERIFIED,VERIFIED,yes,People v. Mitchell,,,,,,,,,,,,,,,,,
State_COLR,Hutch vy. State,922 S.W.2d 166,1996,Tex. Crim. App.,,,txsd,federal_trial,10782386,in_cl_via_citation_lookup,citation_lookup returned VERIFIED,VERIFIED,yes,Hutch v. State,,,,,,,,,,,,,,,,,
State_COLR,Erie Insurance Exchange v. Imperial Marble Corp.,957 N.E.2d 1214,2011,,,Griffith Foods International Inc. v. National Union Fire Insurance Company of Pi,ill,state_colr,10778711,in_cl_via_citation_lookup,citation_lookup returned VERIFIED,VERIFIED,yes,Erie Ins. Exchange v. Imperial Marble Corp.,,,,,,,,,,,,,,,,,
State_COLR,People v. Smith,"185 Ill. 2d 532, 541",1999,Ill. Supreme Court,,People v. Block,illappct,state_iac,10800996,in_cl_via_citation_lookup,citation_lookup returned VERIFIED,VERIFIED,yes,People v. Smith,,,,,,,,,,,,,,,,,
State_COLR,Prazen v. Shoop,2013 IL 115035,2013,Ill. Supreme Court,,"Johnson v. Amazon.com Services, LLC",ill,state_colr,10811018,in_cl_via_citation_lookup,citation_lookup returned VERIFIED,VERIFIED,yes,Prazen v. Shoop,,,,,,,,,,,,,,,,,
State_COLR,People v. Wilson,2023 IL 127666,2023,Ill. Supreme Court,,People v. McCall,illappct,state_iac,10782076,in_cl_via_citation_lookup,citation_lookup returned VERIFIED,VERIFIED,yes,People v. Wilson,,,,,,,,,,,,,,,,,
State_COLR,Price v. State,457 S.W.3d 437,2015,Tex. Crim. App.,,,txsd,federal_trial,10782386,in_cl_via_citation_lookup,citation_lookup returned VERIFIED,VERIFIED,yes,"Price, Eric Ray",,,,,,,,,,,,,,,,,
State_COLR,People v. Grayer,2023 IL 128871,2023,Ill. Supreme Court,,"Johnson v. Amazon.com Services, LLC",ill,state_colr,10811018,in_cl_via_citation_lookup,citation_lookup returned VERIFIED,VERIFIED,yes,People v. Grayer,,,,,,,,,,,,,,,,,
State_COLR,People v Danielson,9 NY3d 342,2007,N.Y. Ct. App.,,People v. Brinson,nyappdiv,state_iac,10789514,in_cl_via_citation_lookup,citation_lookup returned VERIFIED,VERIFIED,yes,People v. Danielson,,,,,,,,,,,,,,,,,
State_COLR,People v. Siguenza-Brito,"235 Ill. 2d 213, 228",2009,Ill. Supreme Court,,People v. Block,illappct,state_iac,10800996,in_cl_via_citation_lookup,citation_lookup returned VERIFIED,VERIFIED,yes,People v. Siguenza-Brito,,,,,,,,,,,,,,,,,
State_COLR,"State, Dep't of Elder Affs. v. Caldwell","199 So. 3d 1107, 1109",2016,Fla. 1st DCA,,Miami-Dade County v. Dr. David Fintan Garavan,fladistctapp,state_iac,10814726,in_cl_via_citation_lookup,citation_lookup returned VERIFIED,VERIFIED,yes,"State of Florida, Department of Elder Affairs v. Clare Caldwell",,,,,,,,,,,,,,,,,
State_COLR,People v Roberts,"31 NY3d 406, 418",2018,N.Y.,,People v. Dondorfer,ny,state_colr,10794944,in_cl_via_citation_lookup,citation_lookup returned VERIFIED,VERIFIED,yes,People v. Roberts,,,,,,,,,,,,,,,,,
State_COLR,Esposito v New York City Indus. Dev. Agency,1 NY3d at 528,2003,NY Court of Appeals,,Rogers v. DS Restoration & Residential Servs. Co.,nyappdiv,state_iac,10789451,in_cl_via_citation_lookup,citation_lookup returned VERIFIED,VERIFIED,yes,Esposito v. New York City Industrial Development Agency,,,,,,,,,,,,,,,,,
State_COLR,"Frost National Bank v. L&F Distributors, Ltd.","165 S.W.3d 310, 312",2005,Tex. Supreme Court,per curiam) (internal quotation marks omitted,"Equinor Energy Lp v. Lindale Pipeline, LLC",tex,state_colr,10808396,in_cl_via_citation_lookup,citation_lookup returned VERIFIED,VERIFIED,yes,"Frost National Bank v. L & F Distributors, Ltd.",,,,,,,,,,,,,,,,,
State_COLR,Hobbs v. Hartford Insurance Co. of the Midwest,214 Ill. 2d 11,2005,Ill. Supreme Court,,Griffith Foods International Inc. v. National Union Fire Insurance Company of Pi,ill,state_colr,10778711,in_cl_via_citation_lookup,citation_lookup returned VERIFIED,VERIFIED,yes,Hobbs v. Hartford Ins. Co. of the Midwest,,,,,,,,,,,,,,,,,
State_COLR,Calles v. Scripto–Tokai Corp.,224 Ill.2d 247,2007,Ill. Supreme Court,,,ilnd,federal_trial,10785894,in_cl_via_citation_lookup,citation_lookup returned VERIFIED,VERIFIED,yes,Calles v. Scripto-Tokai Corp.,,,,,,,,,,,,,,,,,
State_COLR,People v Litto,8 NY3d at 706-707,,,,People v. Dondorfer,ny,state_colr,10794944,duplicate_of_fuller_sibling,short-form citation; fuller sibling exists in same opinion,VERIFIED,yes,People v. Litto,,,,,,,,,,,,,,,,,
State_COLR,People v Berk,88 NY2d at 266,,N.Y. Ct. App.,,People v. Bender,ny,state_colr,10809924,duplicate_of_fuller_sibling,short-form citation; fuller sibling exists in same opinion,VERIFIED,yes,People v. Berk,,,,,,,,,,,,,,,,,
State_COLR,"Today's Fresh Start, Inc. v. Los Angeles County Office of Education",57 Cal.4th at p. 221,2013,Cal. Supreme Court,,Rockwell v. Dept. of Motor Vehicles CA5,calctapp,state_iac,10838331,duplicate_of_fuller_sibling,short-form citation; fuller sibling exists in same opinion,VERIFIED,yes,"Today's Fresh Start, Inc. v. Los Angeles County Office of Education",,,,,,,,,,,,,,,,,
State_COLR,People v. Alexander,239 Ill. 2d 205,2010,Ill. Supreme Court,,People v. McCall,illappct,state_iac,10782076,in_cl_via_citation_lookup,citation_lookup returned VERIFIED,VERIFIED,yes,People v. Alexander,,,,,,,,,,,,,,,,,
State_COLR,Iglesias v. City of Hialeah,305 So. 3d 20,2019,Fla. 3d DCA,,Miami-Dade County v. Dr. David Fintan Garavan,fladistctapp,state_iac,10814726,rescue_was_false_positive,audit overturned: court_id mismatch: cited=fladistctapp matched=flsd,NOT_FOUND,no,,Quick search only: not in citation lookup API,rescued_by_recap,NOT_FOUND,0.356,"Thai Meditation Association of Alabama, Inc. v. City of Mobile, Alabama",https://www.courtlistener.com/opinion/9568679/thai-meditation-association-of-alabama-inc-v-city-of-mobile-alabama/,POSSIBLE_MATCH,0.545,DIPIETRO v. CITY OF HIALEAH,https://www.courtlistener.com/docket/16327411/30/dipietro-v-city-of-hialeah/,LIKELY_FALSE,court_id mismatch: cited=fladistctapp matched=flsd,,lR,no,yes,
State_COLR,People v Danielson,9 NY3d 342,2007,N.Y. Ct. App.,,People v. Bender,ny,state_colr,10809924,in_cl_via_citation_lookup,citation_lookup returned VERIFIED,VERIFIED,yes,People v. Danielson,,,,,,,,,,,,,,,,,
State_COLR,People v Berk,88 NY2d 257,1996,N.Y. Ct. App.,,People v. Bender,ny,state_colr,10809924,in_cl_via_citation_lookup,citation_lookup returned VERIFIED,VERIFIED,yes,People v. Berk,,,,,,,,,,,,,,,,,
State_COLR,People v. Wende,25 Cal.3d 436,1979,Cal. Supreme Court,,People v. Montenegro CA6,calctapp,state_iac,10845605,in_cl_via_citation_lookup,citation_lookup returned VERIFIED,VERIFIED,yes,People v. Wende,,,,,,,,,,,,,,,,,
State_COLR,Schaer v. Brandeis Univ.,"432 Mass. 474, 477",2000,Mass. Supreme Court,,,mad,federal_trial,10778972,in_cl_via_citation_lookup,citation_lookup returned VERIFIED,VERIFIED,yes,Schaer v. Brandeis University,,,,,,,,,,,,,,,,,
State_COLR,In re Amendments to Florida Rules of General Practice & Judicial Administration,416 So. 3d 242,2025,Fla. Supreme Court,,In Re: Amendments to Florida Rules of Appellate Procedure,fla,state_colr,10839758,in_cl_via_opinion_rescue,audit confirmed: both parties present + court corroborates (date ok),NOT_FOUND,no,,Quick search only: not in citation lookup API,rescued_by_opinion_search,POSSIBLE_MATCH,0.700,In Re: Amendments to Florida Rules of General Practice and Judicial Administrati,https://www.courtlistener.com/opinion/10589841/in-re-amendments-to-florida-rules-of-general-practice-and-judicial/,,,,,VERIFIED_TRUE,both parties present + court corroborates (date ok),no,-R,yes,yes,
State_COLR,People v Sidbury,42 NY3d at 508,,N.Y. Ct. App.,,People v. Bender,ny,state_colr,10809924,excluded_incomplete_citation,short-form citation; no antecedent in extraction — not measurable,NOT_FOUND,no,,Quick search only: not in citation lookup API,still_not_found,NOT_FOUND,0.000,,,NOT_FOUND,0.000,,,,,,,,,
State_COLR,People v Bleakley,69 NY2d 490,1987,N.Y. Ct. App.,,People v. Brinson,nyappdiv,state_iac,10789514,in_cl_via_citation_lookup,citation_lookup returned VERIFIED,VERIFIED,yes,People v. Bleakley,,,,,,,,,,,,,,,,,
State_COLR,Farm Credit Bank of St. Louis v. Whitlock,"581 N.E.2d 664, 667",1991,Ill. Supreme Court,,,ilnd,federal_trial,10848865,in_cl_via_citation_lookup,citation_lookup returned VERIFIED,VERIFIED,yes,Farm Credit Bank of St. Louis v. Whitlock,,,,,,,,,,,,,,,,,
State_COLR,People v Cruz,48 NY2d at 427-428,,,,People v. Dondorfer,ny,state_colr,10794944,in_cl_via_citation_lookup,citation_lookup returned VERIFIED,VERIFIED,yes,People v. Cruz,,,,,,,,,,,,,,,,,
State_COLR,People v Gillotti,23 NY3d,,N.Y. Ct. App.,,People v. Corinaldi,nyappdiv,state_iac,10849442,excluded_incomplete_citation,short-form citation; no antecedent in extraction — not measurable,NOT_FOUND,no,,Quick search only: not in citation lookup API,still_not_found,NOT_FOUND,0.000,,,NOT_FOUND,0.000,,,,,,,,,
State_COLR,"Italian Cowboy Partners, Ltd. v. Prudential Ins. Co. of Am.","341 S.W.3d 323, 333",2011,Tex. Supreme Court,,"Equinor Energy Lp v. Lindale Pipeline, LLC",tex,state_colr,10808396,in_cl_via_citation_lookup,citation_lookup returned VERIFIED,VERIFIED,yes,"Italian Cowboy Partners, Ltd. v. Prudential Insurance Co. of America",,,,,,,,,,,,,,,,,
State_COLR,Phelan v. City of Mount Rainier,805 A.2d 930,2002,D.C.,,Hughes v. Superior Court for the District of Columbia,dcd,federal_trial,10786075,in_cl_via_citation_lookup,citation_lookup returned VERIFIED,VERIFIED,yes,Phelan v. City of Mount Rainier,,,,,,,,,,,,,,,,,
State_COLR,American States Insurance Co. v. Koloms,177 Ill. 2d at 476,,,,Griffith Foods International Inc. v. National Union Fire Insurance Company of Pi,ill,state_colr,10778711,excluded_incomplete_citation,short-form citation; no antecedent in extraction — not measurable,NOT_FOUND,no,,Quick search only: not in citation lookup API,still_not_found,NOT_FOUND,0.000,,,NOT_FOUND,0.000,,,,,,,,,
State_COLR,Rizzuto v L.A. Wenger Contr. Co.,"91 NY2d 343, 352",1998,NY Court of Appeals,,Rogers v. DS Restoration & Residential Servs. Co.,nyappdiv,state_iac,10789451,in_cl_via_citation_lookup,citation_lookup returned VERIFIED,VERIFIED,yes,Rizzuto v. L.A. Wenger Contracting Co.,,,,,,,,,,,,,,,,,
State_IAC,"Peerenboom v Marvel Entertainment, LLC",148 AD3d 531,2017,1st Dept,,"Metropolitan Partners Group Admin., LLC v. Nerney",nyappdiv,state_iac,10774451,in_cl_via_citation_lookup,citation_lookup returned VERIFIED,VERIFIED,yes,"Peerenboom v. Marvel Entertainment, LLC",,,,,,,,,,,,,,,,,
State_IAC,People v. Grajeda,111 Cal.App.5th 829,2025,Cal. Ct. App.,,People v. Martinez CA2/1,calctapp,state_iac,10808644,in_cl_via_opinion_rescue,audit confirmed: both parties present + court corroborates (date ok),NOT_FOUND,no,,Quick search only: not in citation lookup API,rescued_by_opinion_search,LIKELY_REAL,0.900,People v. Grajeda,https://www.courtlistener.com/opinion/10597586/people-v-grajeda/,,,,,VERIFIED_TRUE,both parties present + court corroborates (date ok),no,LR,yes,yes,
State_IAC,"Cherry v. Siemans Medical Systems, Inc.","565 N.E.2d 215, 218",1990,1st Dist.,,,ilnd,federal_trial,10785894,in_cl_via_citation_lookup,citation_lookup returned VERIFIED,VERIFIED,yes,"Cherry v. Siemans Medical Systems, Inc.",,,,,,,,,,,,,,,,,
State_IAC,Countryman v. Indus. Comm'n,"686 N.E.2d 61, 65",1997,Ill. App. Ct.,,,ilnd,federal_trial,10848865,in_cl_via_citation_lookup,citation_lookup returned VERIFIED,VERIFIED,yes,Countryman v. Industrial Commission,,,,,,,,,,,,,,,,,
State_IAC,Knudsen v. Department of Motor Vehicles,101 Cal.App.5th at p. 198,2024,Cal. Ct. App.,,Rockwell v. Dept. of Motor Vehicles CA5,calctapp,state_iac,10838331,duplicate_of_fuller_sibling,short-form citation; fuller sibling exists in same opinion,NOT_FOUND,no,,Quick search only: not in citation lookup API,rescued_by_opinion_search,POSSIBLE_MATCH,0.700,Knudsen v. Dept. of Motor Vehicles,https://www.courtlistener.com/opinion/9490917/knudsen-v-dept-of-motor-vehicles/,,,,,VERIFIED_TRUE,both parties present + court corroborates (date ok),no,LR,yes,yes,
State_IAC,People v. Tang,109 Cal.App.5th 1003,2025,Cal. Ct. App.,,People v. Baul CA2/2,calctapp,state_iac,10809985,in_cl_via_opinion_rescue,audit confirmed: both parties present + court corroborates (date ok),NOT_FOUND,no,,Quick search only: not in citation lookup API,rescued_by_opinion_search,LIKELY_REAL,0.900,People v. Tang,https://www.courtlistener.com/opinion/10357662/people-v-tang/,,,,,VERIFIED_TRUE,both parties present + court corroborates (date ok),no,LR,yes,yes,
State_IAC,Knudsen v. Department of Motor Vehicles,101 Cal.App.5th at p. 207,2024,Cal. Ct. App.,,Rockwell v. Dept. of Motor Vehicles CA5,calctapp,state_iac,10838331,duplicate_of_fuller_sibling,short-form citation; fuller sibling exists in same opinion,NOT_FOUND,no,,Quick search only: not in citation lookup API,rescued_by_opinion_search,POSSIBLE_MATCH,0.700,Knudsen v. Dept. of Motor Vehicles,https://www.courtlistener.com/opinion/9490917/knudsen-v-dept-of-motor-vehicles/,,,,,VERIFIED_TRUE,both parties present + court corroborates (date ok),no,LR,yes,yes,
State_IAC,People v Wyatt,89 AD3d 112,,N.Y. App. Div.,,People v. Corinaldi,nyappdiv,state_iac,10849442,in_cl_via_citation_lookup,citation_lookup returned VERIFIED,VERIFIED,yes,People v. Wyatt,,,,,,,,,,,,,,,,,
State_IAC,People v. Wilson,2017 IL App (3d) 150165,2017,"Ill. App. Ct., 3d Dist.",,People v. McCall,illappct,state_iac,10782076,in_cl_via_citation_lookup,citation_lookup returned VERIFIED,VERIFIED,yes,People v. Wilson,,,,,,,,,,,,,,,,,
State_IAC,People v. Baul,B225051,2012,Cal. Ct. App.,,People v. Baul CA2/2,calctapp,state_iac,10809985,excluded_incomplete_citation,short-form citation; no antecedent in extraction — not measurable,NOT_FOUND,no,,Quick search only: not in citation lookup API,still_not_found,NOT_FOUND,0.000,,,NOT_FOUND,0.000,,,,,,,,,
State_IAC,People v. Green,"2011 IL App (2d) 091123, ¶ 23",2011,Ill. App. (2d),"""[t]he domestic battery statute's plain language defines the offense in terms of contact that insults or provoked the victim, and the contact does not need to cause physical injury""",People v. Block,illappct,state_iac,10800996,in_cl_via_citation_lookup,citation_lookup returned VERIFIED,VERIFIED,yes,People v. Green,,,,,,,,,,,,,,,,,
State_IAC,People v. Thurman,2024 IL App (4th) 230931,2024,"Ill. App. Ct., 4th Dist.",,People v. McCall,illappct,state_iac,10782076,in_cl_via_opinion_rescue,audit confirmed: both parties present + court corroborates (date ok),NOT_FOUND,no,,Quick search only: not in citation lookup API,rescued_by_opinion_search,LIKELY_REAL,0.867,People v. Thurman,https://www.courtlistener.com/opinion/10282299/people-v-thurman/,,,,,VERIFIED_TRUE,both parties present + court corroborates (date ok),no,LR,?,yes,2024 IL App (1st) 230674-U
State_IAC,People v Kumar,242 AD3d 1231,,N.Y. App. Div.,,People v. Corinaldi,nyappdiv,state_iac,10849442,not_in_cl,rigorous fallback found no credible match,NOT_FOUND,no,,Quick search only: not in citation lookup API,still_not_found,NOT_FOUND,0.000,,,NOT_FOUND,0.000,,,,,,,,,
State_IAC,Lancer Ins. Co. v Fishkin,211 AD3d 719,,"Appellate Division, Second Department",,"Wong v. 75 Baxter Owner, LLC",nyappdiv,state_iac,10803803,in_cl_via_citation_lookup,citation_lookup returned VERIFIED,VERIFIED,yes,Lancer Ins. Co. v. Fishkin,,,,,,,,,,,,,,,,,
State_IAC,People v. McCall,2024 IL App (4th) 230651-U,2024,"Ill. App. Ct., 4th Dist.",,People v. McCall,illappct,state_iac,10782076,in_cl_via_citation_lookup,citation_lookup returned VERIFIED,VERIFIED,yes,People v. McCall,,,,,,,,,,,,,,,,,
State_IAC,People v Campbell,243 AD3d 1221,2025,4th Dept.,,People v. Brinson,nyappdiv,state_iac,10789514,not_in_cl,rigorous fallback found no credible match,NOT_FOUND,no,,Quick search only: not in citation lookup API,still_not_found,NOT_FOUND,0.000,,,NOT_FOUND,0.000,,,,,,,,,
State_IAC,"Perona v. Volkswagen of America, Inc.","292 Ill.App.3d 59, 64",1997,Ill. Ct. App.,,,ilnd,federal_trial,10785894,in_cl_via_citation_lookup,citation_lookup returned VERIFIED,VERIFIED,yes,"Perona v. Volkswagen of America, Inc.",,,,,,,,,,,,,,,,,
State_IAC,People v Ward,104 AD3d 1323,2013,4th Dept.,,People v. Brinson,nyappdiv,state_iac,10789514,in_cl_via_citation_lookup,citation_lookup returned VERIFIED,VERIFIED,yes,People v. Ward,,,,,,,,,,,,,,,,,
State_IAC,"Rauls v DirecTV, Inc.","113 AD3d 1097, 1098-1099",2014,4th Dept,,Rogers v. DS Restoration & Residential Servs. Co.,nyappdiv,state_iac,10789451,in_cl_via_citation_lookup,citation_lookup returned VERIFIED,VERIFIED,yes,"Rauls v. DirecTV, Inc.",,,,,,,,,,,,,,,,,
State_IAC,Bank of N.Y. Mellon v Mor,"201 AD3d 691, 694",,"App. Div., N.Y.",,Deutsche Bank Natl. Trust Co. v. Contact Holdings Corp.,nyappdiv,state_iac,10784161,in_cl_via_citation_lookup,citation_lookup returned VERIFIED,VERIFIED,yes,Bank of N.Y. Mellon v. Mor,,,,,,,,,,,,,,,,,
State_IAC,Deutsche Bank Natl. Trust Co. v Allenstein,201 AD3d 783,,"App. Div., N.Y.",,Deutsche Bank Natl. Trust Co. v. Contact Holdings Corp.,nyappdiv,state_iac,10784161,in_cl_via_citation_lookup,citation_lookup returned VERIFIED,VERIFIED,yes,Deutsche Bank Natl. Trust Co. v. Allenstein,,,,,,,,,,,,,,,,,
State_IAC,Hersko v Hersko,224 AD3d 810,,"Appellate Division, Second Department",,"Wong v. 75 Baxter Owner, LLC",nyappdiv,state_iac,10803803,not_in_cl,rigorous fallback found no credible match,NOT_FOUND,no,,Quick search only: not in citation lookup API,still_not_found,NOT_FOUND,0.000,,,NOT_FOUND,0.000,,,,,,,,,
State_IAC,People v. Tang,109 Cal.App.5th at p. 1007,,Cal. Ct. App.,"a stricken enhancement cannot be a 'sentence enhancement that was imposed' under section 1172.75, subdivision (a)",People v. Baul CA2/2,calctapp,state_iac,10809985,duplicate_of_fuller_sibling,short-form citation; fuller sibling exists in same opinion,NOT_FOUND,no,,Quick search only: not in citation lookup API,still_not_found,NOT_FOUND,0.000,,,NOT_FOUND,0.000,,,,,,,,,
State_IAC,Brobbey v. Enter. Leasing Co. of Chi.,"935 N.E.2d 1084, 1092",2010,1st Dist.,,,ilnd,federal_trial,10785894,in_cl_via_citation_lookup,citation_lookup returned VERIFIED,VERIFIED,yes,Brobbey v. ENTERPRISE LEASING OF CHICAGO,,,,,,,,,,,,,,,,,
State_IAC,U.S. Bank N.A. v Outlaw,"217 AD3d 721, 722-723",,"App. Div., N.Y.",,Deutsche Bank Natl. Trust Co. v. Contact Holdings Corp.,nyappdiv,state_iac,10784161,in_cl_via_citation_lookup,citation_lookup returned VERIFIED,VERIFIED,yes,U.S. Bank N.A. v. Outlaw,,,,,,,,,,,,,,,,,
State_IAC,People v Caden N.,189 AD3d at 90-91,,,,People v. Dondorfer,ny,state_colr,10794944,excluded_incomplete_citation,short-form citation; no antecedent in extraction — not measurable,NOT_FOUND,no,,Quick search only: not in citation lookup API,still_not_found,NOT_FOUND,0.000,,,NOT_FOUND,0.000,,,,,,,,,
State_IAC,Pate v. City of Sesser,"393 N.E.2d 1146, 1149",1979,Ill. App. Ct.,A release extinguishes a cause of action whereas a covenant not to sue affects only the right to bring suit and not the cause of action itself.,,ilnd,federal_trial,10848865,in_cl_via_citation_lookup,citation_lookup returned VERIFIED,VERIFIED,yes,Pate v. City of Sesser,,,,,,,,,,,,,,,,,
State_IAC,,236 AD3d 1184,2025,3d Dept.,,People v. Bender,ny,state_colr,10809924,extraction_artifact_no_name,LLM dropped cited_case_name — can't verify,NOT_FOUND,no,,Quick search only: not in citation lookup API,still_not_found,NOT_FOUND,0.000,,,NOT_FOUND,0.000,,,,,,,,,
State_IAC,People v. Monroe,85 Cal.App.5th 393,2022,Cal. Ct. App.,,People v. Martinez CA2/1,calctapp,state_iac,10808644,in_cl_via_opinion_rescue,audit confirmed: both parties present + court corroborates (date ok),NOT_FOUND,no,,Quick search only: not in citation lookup API,rescued_by_opinion_search,LIKELY_REAL,0.900,People v. Monroe,https://www.courtlistener.com/opinion/8511938/people-v-monroe/,,,,,VERIFIED_TRUE,both parties present + court corroborates (date ok),no,LR,yes,yes,
State_IAC,Gold v Wallace,230 AD3d 1113,,"Appellate Division, Second Department",,"Wong v. 75 Baxter Owner, LLC",nyappdiv,state_iac,10803803,not_in_cl,rigorous fallback found no credible match,NOT_FOUND,no,,Quick search only: not in citation lookup API,still_not_found,NOT_FOUND,0.000,,,NOT_FOUND,0.000,,,,,,,,,
State_IAC,People v Caden N.,189 AD3d at 90,,,,People v. Dondorfer,ny,state_colr,10794944,excluded_incomplete_citation,short-form citation; no antecedent in extraction — not measurable,NOT_FOUND,no,,Quick search only: not in citation lookup API,still_not_found,NOT_FOUND,0.000,,,NOT_FOUND,0.000,,,,,,,,,
State_IAC,People v. Busse,2016 IL App (1st) 142941,2016,"Ill. App. Ct., 1st Dist.",,People v. McCall,illappct,state_iac,10782076,in_cl_via_citation_lookup,citation_lookup returned VERIFIED,VERIFIED,yes,People v. Busse,,,,,,,,,,,,,,,,,
State_IAC,People v Dondorfer,235 AD3d at 78,,,,People v. Dondorfer,ny,state_colr,10794944,duplicate_of_fuller_sibling,short-form citation; fuller sibling exists in same opinion,NOT_FOUND,no,,Quick search only: not in citation lookup API,still_not_found,NOT_FOUND,0.000,,,NOT_FOUND,0.000,,,,,,,,,
State_IAC,Smith v Nestle Purina Petcare Co.,"105 AD3d 1384, 1386",2013,4th Dept,,Rogers v. DS Restoration & Residential Servs. Co.,nyappdiv,state_iac,10789451,in_cl_via_citation_lookup,citation_lookup returned VERIFIED,VERIFIED,yes,"Caffery v. Time Warner Cable, Inc.",,,,,,,,,,,,,,,,,
State_IAC,Bauer v. Memorial Hospital,879 N.E.2d at 502,,5th Dist.,,,ilnd,federal_trial,10785894,duplicate_of_fuller_sibling,short-form citation; fuller sibling exists in same opinion,NOT_FOUND,no,,Quick search only: not in citation lookup API,still_not_found,NOT_FOUND,0.000,,,NOT_FOUND,0.000,,,,,,,,,
State_IAC,People v Walker,228 AD3d 1318,2024,4th Dept.,,People v. Brinson,nyappdiv,state_iac,10789514,not_in_cl,rigorous fallback found no credible match,NOT_FOUND,no,,Quick search only: not in citation lookup API,still_not_found,NOT_FOUND,0.000,,,NOT_FOUND,0.000,,,,,,,,,
State_IAC,People v Campbell,128 AD3d 1401,2015,4th Dept.,,People v. Brinson,nyappdiv,state_iac,10789514,in_cl_via_citation_lookup,citation_lookup returned VERIFIED,VERIFIED,yes,People v. Campbell,,,,,,,,,,,,,,,,,
State_IAC,,236 AD3d at 1189,,3d Dept.,,People v. Bender,ny,state_colr,10809924,excluded_incomplete_citation,short-form citation; no antecedent in extraction — not measurable,NOT_FOUND,no,,Quick search only: not in citation lookup API,still_not_found,NOT_FOUND,0.000,,,NOT_FOUND,0.000,,,,,,,,,
State_IAC,"Piazza v Frank L. Ciminelli Constr. Co., Inc.","2 AD3d 1345, 1349",2003,4th Dept,,Rogers v. DS Restoration & Residential Servs. Co.,nyappdiv,state_iac,10789451,in_cl_via_citation_lookup,citation_lookup returned VERIFIED,VERIFIED,yes,Piazza v. Frank L. Ciminelli Construction Co.,,,,,,,,,,,,,,,,,
State_IAC,People v Dondorfer,235 AD3d 71,2024,4th Dept.,,People v. Dondorfer,ny,state_colr,10794944,not_in_cl,rigorous fallback found no credible match,NOT_FOUND,no,,Quick search only: not in citation lookup API,still_not_found,NOT_FOUND,0.000,,,NOT_FOUND,0.000,,,,,,,,,
State_IAC,People v. Green,104 Cal.App.5th at p. 371,,Cal. Ct. App.,,People v. Baul CA2/2,calctapp,state_iac,10809985,excluded_incomplete_citation,short-form citation; no antecedent in extraction — not measurable,NOT_FOUND,no,,Quick search only: not in citation lookup API,still_not_found,NOT_FOUND,0.000,,,NOT_FOUND,0.000,,,,,,,,,
State_IAC,Knudsen v. Department of Motor Vehicles,101 Cal.App.5th 186,2024,Cal. Ct. App.,,Rockwell v. Dept. of Motor Vehicles CA5,calctapp,state_iac,10838331,in_cl_via_opinion_rescue,audit confirmed: both parties present + court corroborates (date ok),NOT_FOUND,no,,Quick search only: not in citation lookup API,rescued_by_opinion_search,LIKELY_REAL,0.900,Knudsen v. Dept. of Motor Vehicles,https://www.courtlistener.com/opinion/9490917/knudsen-v-dept-of-motor-vehicles/,,,,,VERIFIED_TRUE,both parties present + court corroborates (date ok),no,LR,yes,yes,
State_IAC,Bauer v. Memorial Hospital,"879 N.E.2d 478, 502",2007,5th Dist.,,,ilnd,federal_trial,10785894,in_cl_via_citation_lookup,citation_lookup returned VERIFIED,VERIFIED,yes,Bauer Ex Rel. Bauer v. Memorial Hosp.,,,,,,,,,,,,,,,,,
State_IAC,"Pryce v U.S. Bank, N.A.",226 AD3d at 713,,"App. Div., N.Y.",,Deutsche Bank Natl. Trust Co. v. Contact Holdings Corp.,nyappdiv,state_iac,10784161,excluded_incomplete_citation,short-form citation; no antecedent in extraction — not measurable,NOT_FOUND,no,,Quick search only: not in citation lookup API,still_not_found,NOT_FOUND,0.000,,,NOT_FOUND,0.000,,,,,,,,,
State_IAC,Romane v. Department of Motor Vehicles,"110 Cal.App.5th 1002, 1018",2025,Cal. Ct. App.,,Rockwell v. Dept. of Motor Vehicles CA5,calctapp,state_iac,10838331,in_cl_via_opinion_rescue,audit confirmed: both parties present + court corroborates (date ok),NOT_FOUND,no,,Quick search only: not in citation lookup API,rescued_by_opinion_search,LIKELY_REAL,0.900,Romane v. Dept. of Motor Vehicles,https://www.courtlistener.com/opinion/10382811/romane-v-dept-of-motor-vehicles/,,,,,VERIFIED_TRUE,both parties present + court corroborates (date ok),no,LR,yes,yes,
State_IAC,People v Khan,182 AD3d 613,,N.Y. App. Div.,,People v. Corinaldi,nyappdiv,state_iac,10849442,in_cl_via_citation_lookup,citation_lookup returned VERIFIED,VERIFIED,yes,People v. Khan,,,,,,,,,,,,,,,,,
State_IAC,Maldonado v Mosquera,186 AD3d 1352,,"Appellate Division, Second Department",,"Wong v. 75 Baxter Owner, LLC",nyappdiv,state_iac,10803803,in_cl_via_citation_lookup,citation_lookup returned VERIFIED,VERIFIED,yes,Maldonado v. Mosquera,,,,,,,,,,,,,,,,,
State_IAC,People v Hunt,185 AD3d 1531,2020,4th Dept.,,People v. Brinson,nyappdiv,state_iac,10789514,in_cl_via_citation_lookup,citation_lookup returned VERIFIED,VERIFIED,yes,People v. Hunt,,,,,,,,,,,,,,,,,
State_IAC,"Walker v. Ridgeview Const. Co., Inc.","736 N.E.2d 1184, 1187",2000,Ill. App. Ct.,,,ilnd,federal_trial,10848865,in_cl_via_citation_lookup,citation_lookup returned VERIFIED,VERIFIED,yes,"Walker v. Ridgeview Const. Co., Inc.",,,,,,,,,,,,,,,,,
State_IAC,Petit v Board of Educ. of W. Genesee School Dist.,"307 AD2d 749, 749-750",2003,4th Dept,,Rogers v. DS Restoration & Residential Servs. Co.,nyappdiv,state_iac,10789451,in_cl_via_citation_lookup,citation_lookup returned VERIFIED,VERIFIED,yes,Petit v. Board of Education,,,,,,,,,,,,,,,,,
Federal_District,Janvey v. Proskauer Rose,"59 F. Supp. 3d 1, 7",2014,D.D.C.,,Gardner v. Haaland,dcd,federal_trial,10832493,in_cl_via_citation_lookup,citation_lookup returned VERIFIED,VERIFIED,yes,"Janvey v. Proskauer Rose, LLP",,,,,,,,,,,,,,,,,
Federal_District,Robinson v. Huerta,"123 F. Supp. 3d 30, 39 n.5",2015,D.D.C.,,Gardner v. Haaland,dcd,federal_trial,10832493,in_cl_via_citation_lookup,citation_lookup returned VERIFIED,VERIFIED,yes,Robinson v. Huerta,,,,,,,,,,,,,,,,,
Federal_District,"Bay Valley Foods, LLC v. FFI Grp., LLC",2025 WL 3089109,2025,N.D. Ill.,,,ilnd,federal_trial,10785894,in_cl_via_opinion_rescue,audit confirmed: both parties present + court corroborates (date ok),NOT_FOUND,no,,Quick search only: not in citation lookup API,rescued_by_opinion_search,POSSIBLE_MATCH,0.650,"Bay Valley Foods, LLC v. FFI Group, LLC and Kramer Corporation of GA",https://www.courtlistener.com/opinion/10731532/bay-valley-foods-llc-v-ffi-group-llc-and-kramer-corporation-of-ga/,,,,,VERIFIED_TRUE,both parties present + court corroborates (date ok),no,LR,yes,yes,
Federal_District,Falls v. Berryhill,2018 WL 5839955,2018,N.D. Ill.,,,ilnd,federal_trial,10844968,in_cl_via_opinion_rescue,audit confirmed: both parties present + court corroborates (date ok),NOT_FOUND,no,,Quick search only: not in citation lookup API,rescued_by_opinion_search,LIKELY_REAL,0.900,Falls v. Berryhill,https://www.courtlistener.com/opinion/9673077/falls-v-berryhill/,,,,,VERIFIED_TRUE,both parties present + court corroborates (date ok),no,LR,yes,yes,
Federal_District,Coulibaly v. Kerry,213 F. Supp. 3d 93,2016,D.D.C.,,Shafique v. United States Marshal Service,dcd,federal_trial,10807315,in_cl_via_citation_lookup,citation_lookup returned VERIFIED,VERIFIED,yes,Coulibaly v. Kerry,,,,,,,,,,,,,,,,,
Federal_District,In re Wilson,2014 WL 122074,2014,N.D. Cal.,,,cand,federal_trial,10769495,in_cl_via_opinion_rescue,audit confirmed: both parties present + court corroborates (date ok),NOT_FOUND,no,,Quick search only: not in citation lookup API,rescued_by_opinion_search,POSSIBLE_MATCH,0.450,Wilson v. Knipp,https://www.courtlistener.com/opinion/7311909/wilson-v-knipp/,,,,,VERIFIED_TRUE,both parties present + court corroborates (date ok),no,-R,yes,yes,85 F. Supp. 3d 1165; 2015 U.S. Dist. LEXIS 45442; 2015 WL 1546715
Federal_District,Democracy Forward Found. v. Off. of Mgmt. & Budget,"780 F. Supp. 3d 61, 79",2025,D.D.C.,,American Oversight v. U.S. Department of Justice,dcd,federal_trial,10833791,in_cl_via_opinion_rescue,audit confirmed: both parties present + court corroborates (date ok),NOT_FOUND,no,,Quick search only: not in citation lookup API,rescued_by_opinion_search,POSSIBLE_MATCH,0.729,Democracy Forward Foundation v. Office of Management and Budget,https://www.courtlistener.com/opinion/10375489/democracy-forward-foundation-v-office-of-management-and-budget/,,,,,VERIFIED_TRUE,both parties present + court corroborates (date ok),no,LR,yes,yes,
Federal_District,Waterman v. White Interior Sols.,"2019 WL 5764661, at *2",2019,D. Me.,,,mad,federal_trial,10789794,in_cl_via_opinion_rescue,audit confirmed: both parties present + court corroborates (date ok),NOT_FOUND,no,,Quick search only: not in citation lookup API,rescued_by_opinion_search,POSSIBLE_MATCH,0.721,WATERMAN v. PAUL G WHITE INTERIOR SOLUTIONS,https://www.courtlistener.com/opinion/9743797/waterman-v-paul-g-white-interior-solutions/,,,,,VERIFIED_TRUE,both parties present + court corroborates (date ok),no,LR,yes,yes,
Federal_District,MIT Fed. Credit Union v. Cordisco,470 F. Supp. 3d 81,2020,D. Mass.,"citing Haley v. City of Bos., 657 F.3d 39, 46 (1st Cir. 2011)",,mad,federal_trial,10810840,in_cl_via_opinion_rescue,audit confirmed: both parties present + court corroborates (date ok),NOT_FOUND,no,,Quick search only: not in citation lookup API,rescued_by_opinion_search,POSSIBLE_MATCH,0.667,MIT Federal Credit Union v. Cordisco,https://www.courtlistener.com/opinion/9732438/mit-federal-credit-union-v-cordisco/,,,,,VERIFIED_TRUE,both parties present + court corroborates (date ok),no,LR,yes,yes,
Federal_District,ra dias deapocalypse bey v. Clapprood,2024 WL 3446824,2024,D. Mass.,"dismissing unlawful arrest claim where ""there was probable cause for the officers to believe [plaintiff] had committed a crime under M.G.L. ch. 90, § 10"" because plaintiff ""admitted that he did not ha",,mad,federal_trial,10845114,in_cl_via_recap_rescue,audit confirmed: both parties present + court corroborates (date ok),NOT_FOUND,no,,Quick search only: not in citation lookup API,rescued_by_recap,NOT_FOUND,0.000,,,LIKELY_REAL,0.861,dias deapocalypse bey v. Clapprood,https://www.courtlistener.com/docket/66969331/43/dias-deapocalypse-bey-v-clapprood/,VERIFIED_TRUE,both parties present + court corroborates (date ok),,LR,yes,yes,
Federal_District,"Mehar Holdings, LLC v. Evanston Ins. Co.",2016 WL 5957681,2016,W.D. Tex.,,"THE YE DARM PRESBYTERIAN CHURCH v. MOUNT VERNON FIRE INSURANCE COMPANY, et al.",txsd,federal_trial,10802819,in_cl_via_recap_rescue,audit confirmed: both parties present + court corroborates (date ok),NOT_FOUND,no,,Quick search only: not in citation lookup API,rescued_by_recap,NOT_FOUND,0.000,,,LIKELY_REAL,0.900,"Mehar Holdings, LLC v. Evanston Insurance Company",https://www.courtlistener.com/docket/5474769/19/mehar-holdings-llc-v-evanston-insurance-company/,VERIFIED_TRUE,both parties present + court corroborates (date ok),,LR,yes,yes,
Federal_District,United States v. Freeman,360 F. Supp. 2d,,D.D.C.,,Hughes v. Superior Court for the District of Columbia,dcd,federal_trial,10786075,duplicate_of_fuller_sibling,short-form citation; fuller sibling exists in same opinion,NOT_FOUND,no,,Quick search only: not in citation lookup API,still_not_found,NOT_FOUND,0.000,,,NOT_FOUND,0.000,,,,,,,,,
Federal_District,United States v. Williams,2025 WL 2390448,2025,N.D. Ill.,,,ilnd,federal_trial,10802755,in_cl_via_opinion_rescue,audit confirmed: both parties present + court corroborates (date ok),NOT_FOUND,no,,Quick search only: not in citation lookup API,rescued_by_opinion_search,LIKELY_REAL,0.900,United States v. Williams,https://www.courtlistener.com/opinion/10656271/united-states-v-williams/,,,,,VERIFIED_TRUE,both parties present + court corroborates (date ok),no,LR,yes,yes,
Federal_District,"Johnson v. Amazon.com Services, LLC",2023 WL 8475658,2023,N.D. Ill.,,"Johnson v. Amazon.com Services, LLC",ill,state_colr,10811018,in_cl_via_opinion_rescue,audit confirmed: both parties present + court corroborates (date ok),NOT_FOUND,no,,Quick search only: not in citation lookup API,rescued_by_opinion_search,LIKELY_REAL,0.900,"Johnson v. Amazon.Com Services, LLC.",https://www.courtlistener.com/opinion/9683197/johnson-v-amazoncom-services-llc/,,,,,VERIFIED_TRUE,both parties present + court corroborates (date ok),no,LR,yes,yes,
Federal_District,Molina v. U.S. Dep't of Homeland Sec.,"2025 WL 2800807, *2",,D.D.C.,"truly exceptional circumstances"" where relief was both programmatic and individual weigh in favor of pseudonymity where there are ""privacy interests, concrete safety risks, and [] sensitive nature of ",Coalition for Humane Immigrant Rights v. Mullin,dcd,federal_trial,10838932,in_cl_via_opinion_rescue,audit confirmed: both parties present + court corroborates (date unknown — cited year missing),NOT_FOUND,no,,Quick search only: not in citation lookup API,rescued_by_opinion_search,POSSIBLE_MATCH,0.597,Escobar Molina v. U.S. Department of Homeland Security,https://www.courtlistener.com/opinion/10855295/escobar-molina-v-us-department-of-homeland-security/,,,,,VERIFIED_TRUE,both parties present + court corroborates (date unknown — cited year missing),no,LR,yes,?,
Federal_District,Gilliard v. McWilliams,2019 WL 3304707,2019,D.D.C.,"quoting Durham, 818 F. Supp. 2d at 69",Doe v. American University,dcd,federal_trial,10830306,rescue_was_false_positive,audit overturned: only one party matches (other party absent),NOT_FOUND,no,,Quick search only: not in citation lookup API,rescued_by_opinion_search,POSSIBLE_MATCH,0.584,Gilliard v. Gruenberg,https://www.courtlistener.com/opinion/4642011/gilliard-v-gruenberg/,,,,,LIKELY_FALSE,only one party matches (other party absent),no,Lr,yes,yes,
Federal_District,Tyler v. Massachusetts,981 F. Supp. 2d 92,2013,D. Mass.,,,mad,federal_trial,10845114,in_cl_via_citation_lookup,citation_lookup returned VERIFIED,VERIFIED,yes,Tyler v. Massachusetts,,,,,,,,,,,,,,,,,
Federal_District,Hazari LLC v. Everest Indem. Ins. Co.,2020 WL 1969530,2020,S.D. Tex.,,"THE YE DARM PRESBYTERIAN CHURCH v. MOUNT VERNON FIRE INSURANCE COMPANY, et al.",txsd,federal_trial,10802819,in_cl_via_recap_rescue,audit confirmed: both parties present + court corroborates (date ok),NOT_FOUND,no,,Quick search only: not in citation lookup API,rescued_by_recap,NOT_FOUND,0.000,,,POSSIBLE_MATCH,0.626,Hazari LLC dba Stay Express Inn & Suites v. Everest Indemnity Insurance Company,https://www.courtlistener.com/docket/16348672/26/hazari-llc-dba-stay-express-inn-suites-v-everest-indemnity-insurance/,VERIFIED_TRUE,both parties present + court corroborates (date ok),,LR,yes,yes,
Federal_District,Tarpley v. City Colleges of Chicago,87 F. Supp. 3d at 913,,N.D. Ill.,,,ilnd,federal_trial,10853090,in_cl_via_citation_lookup,citation_lookup returned VERIFIED,VERIFIED,yes,Tarpley v. City Colleges,,,,,,,,,,,,,,,,,
Federal_District,In re Loc. TV Advert. Antitrust Litig.,2023 WL 1863046,2023,N.D. Ill.,,,ilnd,federal_trial,10839087,audit_ambiguous,parties match but date doesn't corroborate,NOT_FOUND,no,,Quick search only: not in citation lookup API,rescued_by_recap,NOT_FOUND,0.000,,,POSSIBLE_MATCH,0.585,In Re: Local TV Advertising Antitrust Litigation,https://www.courtlistener.com/docket/8041631/1057/in-re-local-tv-advertising-antitrust-litigation/,AMBIGUOUS,parties match but date doesn't corroborate,,-R,yes,no,
Federal_District,Lyles v. Hughes,83 F. Supp. 3d 315,2015,D.D.C.,,Shafique v. United States Marshal Service,dcd,federal_trial,10807315,in_cl_via_citation_lookup,citation_lookup returned VERIFIED,VERIFIED,yes,Lyles v. Hughes,,,,,,,,,,,,,,,,,
Federal_District,United States v. Freeman,360 F. Supp. 2d 43,2003,D.D.C.,,Hughes v. Superior Court for the District of Columbia,dcd,federal_trial,10786075,in_cl_via_citation_lookup,citation_lookup returned VERIFIED,VERIFIED,yes,United States v. Freeman,,,,,,,,,,,,,,,,,
Federal_District,Palumbo v. Roberti,"834 F. Supp. 46, 54",1993,D. Mass.,"Although technically not itself a pleading, a cross claim must be stated in a pleading . . . .",,mad,federal_trial,10814121,in_cl_via_citation_lookup,citation_lookup returned VERIFIED,VERIFIED,yes,Palumbo v. Roberti,,,,,,,,,,,,,,,,,
Federal_District,Cabot v. Lewis,"2015 WL 13648107, *1",2015,D. Mass.,,,mad,federal_trial,10770725,in_cl_via_recap_rescue,audit confirmed: both parties present + court corroborates (date ok),NOT_FOUND,no,,Quick search only: not in citation lookup API,rescued_by_recap,NOT_FOUND,0.000,,,LIKELY_REAL,0.900,Cabot v. Lewis,https://www.courtlistener.com/docket/4275225/174/cabot-v-lewis/,VERIFIED_TRUE,both parties present + court corroborates (date ok),,LR,yes,yes,
Federal_District,Kalu v. IRS,2015 WL 4077756,2015,D.D.C.,,Powell v. United States Department of Treasury,dcd,federal_trial,10796076,in_cl_via_opinion_rescue,audit confirmed: both parties present + court corroborates (date ok),NOT_FOUND,no,,Quick search only: not in citation lookup API,rescued_by_opinion_search,POSSIBLE_MATCH,0.536,Kalu v. Internal Revenue Service,https://www.courtlistener.com/opinion/2813648/kalu-v-internal-revenue-service/,,,,,VERIFIED_TRUE,both parties present + court corroborates (date ok),no,LR,yes,yes,
Federal_District,Hunter v. City & Cnty. of San Francisco,2013 WL 6088409,2013,N.D. Cal.,"finding a chilling effect on future civil rights litigation where the plaintiff's ""claim of excessive force was significant""",,cand,federal_trial,10770795,rescue_was_false_positive,audit overturned: only one party matches (other party absent),NOT_FOUND,no,,Quick search only: not in citation lookup API,rescued_by_opinion_search,POSSIBLE_MATCH,0.457,Davis v. City of San Jose,https://www.courtlistener.com/opinion/7310742/davis-v-city-of-san-jose/,,,,,LIKELY_FALSE,only one party matches (other party absent),no,lR,yes,yes,69 F. Supp. 3d 1001; 2014 U.S. Dist. LEXIS 136015; 2014 WL 4772668
Federal_District,Michael B. v. Berryhill,2019 WL 2269962,2019,N.D. Ill.,,,ilnd,federal_trial,10841844,rescue_was_false_positive,audit overturned: only one party matches (other party absent),NOT_FOUND,no,,Quick search only: not in citation lookup API,rescued_by_opinion_search,POSSIBLE_MATCH,0.598,Hansen v. Berryhill,https://www.courtlistener.com/opinion/9674062/hansen-v-berryhill/,,,,,LIKELY_FALSE,only one party matches (other party absent),no,lR,yes,yes,
Federal_District,Preston v. Smith,2023 WL 5337430,2023,W.D. La.,,,txsd,federal_trial,10805616,rescue_was_false_positive,audit overturned: only one party matches (other party absent),NOT_FOUND,no,,Quick search only: not in citation lookup API,rescued_by_opinion_search,POSSIBLE_MATCH,0.498,Preston v. Unidentified,https://www.courtlistener.com/opinion/9729396/preston-v-unidentified/,,,,,LIKELY_FALSE,only one party matches (other party absent),no,Lr,yes,yes,
Federal_District,"In re Rose Way, Inc.","1990 Bankr. LEXIS 3028, at *9",1990,Bankr. S.D. Iowa,,,cand,federal_trial,10850074,in_cl_via_opinion_rescue,audit confirmed: both parties present + court corroborates (date ok),NOT_FOUND,no,,Quick search only: not in citation lookup API,rescued_by_opinion_search,POSSIBLE_MATCH,0.619,"Sternco, Inc. v. Associates Leasing, Inc. (In Re Rose Way, Inc.)",https://www.courtlistener.com/opinion/1989947/sternco-inc-v-associates-leasing-inc-in-re-rose-way-inc/,,,,,VERIFIED_TRUE,both parties present + court corroborates (date ok),no,-R,yes,yes,113 B.R. 527; 11 U.C.C. Rep. Serv. 2d (West) 1290; 1990 Bankr. LEXIS 884
Federal_District,"Isaacs v. Caterpillar, Inc.","702 F. Supp. 711, 713",1988,C.D. Ill.,,,ilnd,federal_trial,10848865,in_cl_via_citation_lookup,citation_lookup returned VERIFIED,VERIFIED,yes,"Isaacs v. Caterpillar, Inc.",,,,,,,,,,,,,,,,,
Federal_District,"In re Oil Spill by the ""Amoco Cadiz""",794 F. Supp. 261,1992,N.D. Ill.,,,ilnd,federal_trial,10785026,in_cl_via_citation_lookup,citation_lookup returned VERIFIED,VERIFIED,yes,In Re Oil Spill by Amoco Cadiz,,,,,,,,,,,,,,,,,
Federal_District,Doe v. Lawrence Gen. Hosp.,2025 WL 2808055,2025,D. Mass.,,,mad,federal_trial,10810840,rescue_was_false_positive,audit overturned: only one party matches (other party absent),NOT_FOUND,no,,Quick search only: not in citation lookup API,rescued_by_opinion_search,POSSIBLE_MATCH,0.408,Fitzgerald v. City of Lawrence,https://www.courtlistener.com/opinion/10281784/fitzgerald-v-city-of-lawrence/,,,,,LIKELY_FALSE,only one party matches (other party absent),no,lR,yes,yes,
Federal_District,Darensburg v. Metro. Transp. Comm'n,2009 WL 2392094,,N.D. Cal.,"finding that the issues presented in a civil rights issue were close and difficult because ""[r]esolution of [the] issues was not obvious"" and the case was ""vigorously litigated""",,cand,federal_trial,10770795,in_cl_via_recap_rescue,audit confirmed: both parties present + court corroborates (date unknown — cited year missing),NOT_FOUND,no,,Quick search only: not in citation lookup API,rescued_by_recap,NOT_FOUND,0.000,,,POSSIBLE_MATCH,0.588,Darensburg v. Metropolitan Transportation Commission,https://www.courtlistener.com/docket/4182878/452/darensburg-v-metropolitan-transportation-commission/,VERIFIED_TRUE,both parties present + court corroborates (date unknown — cited year missing),,LR,yes,?,
Federal_District,"WeInfuse, LLC v. InfuseFlow, LLC",2021 WL 1165132,2021,N.D. Tex.,,,txsd,federal_trial,10809644,in_cl_via_opinion_rescue,audit confirmed: both parties present + court corroborates (date ok),NOT_FOUND,no,,Quick search only: not in citation lookup API,rescued_by_opinion_search,POSSIBLE_MATCH,0.735,WeInfuse LLC v. InfuseFlow LLC,https://www.courtlistener.com/opinion/9983326/weinfuse-llc-v-infuseflow-llc/,,,,,VERIFIED_TRUE,both parties present + court corroborates (date ok),no,LR,yes,yes,
Federal_District,Hendrix v. Garcia,2022 WL 1261302,2022,D. Kan.,,,cand,federal_trial,10779126,in_cl_via_opinion_rescue,audit confirmed: both parties present + court corroborates (date ok),NOT_FOUND,no,,Quick search only: not in citation lookup API,rescued_by_opinion_search,LIKELY_REAL,0.900,Hendrix v. Garcia,https://www.courtlistener.com/opinion/9708891/hendrix-v-garcia/,,,,,VERIFIED_TRUE,both parties present + court corroborates (date ok),no,LR,yes,yes,
Federal_District,Jackson v. Boone,2022 WL 18276710,2022,E.D. La.,,,txsd,federal_trial,10805616,in_cl_via_opinion_rescue,audit confirmed: both parties present + court corroborates (date ok),NOT_FOUND,no,,Quick search only: not in citation lookup API,rescued_by_opinion_search,POSSIBLE_MATCH,0.800,Jackson v. Boone,https://www.courtlistener.com/opinion/9720068/jackson-v-boone/,,,,,VERIFIED_TRUE,both parties present + court corroborates (date ok),no,LR,yes,yes,
Federal_District,In re Wilmington Trust Secs. Litig.,2016 WL 9753979,2016,D.Del.,,,cand,federal_trial,10850782,in_cl_via_opinion_rescue,audit confirmed: both parties present + court corroborates (date ok),NOT_FOUND,no,,Quick search only: not in citation lookup API,rescued_by_opinion_search,POSSIBLE_MATCH,0.402,Pinnavaia ex rel. Pinnavaia v. Celotex Asbestos Settlement Trust,https://www.courtlistener.com/opinion/7327051/pinnavaia-ex-rel-pinnavaia-v-celotex-asbestos-settlement-trust/,,,,,VERIFIED_TRUE,both parties present + court corroborates (date ok),no,-R,yes,yes,271 F. Supp. 3d 705
Federal_District,United States v. All Assets Held in Acct. No. XXXXXXXX,"330 F. Supp. 3d 150, 156",2018,D.D.C.,"Traditionally, when exercising in rem jurisdiction, the defendant property is physically present within the court's territorial jurisdiction.","United States v. Approximately 1,467,761.163191 Usdt",dcd,federal_trial,10785269,in_cl_via_citation_lookup,citation_lookup returned VERIFIED,VERIFIED,yes,United States v. All Assets Held in Account No. XXXXXXXX,,,,,,,,,,,,,,,,,
Federal_District,Hendrix v. Garcia,2022 WL 1541750,2022,D. Kan.,,,cand,federal_trial,10779126,in_cl_via_opinion_rescue,audit confirmed: both parties present + court corroborates (date ok),NOT_FOUND,no,,Quick search only: not in citation lookup API,rescued_by_opinion_search,LIKELY_REAL,0.900,Hendrix v. Garcia,https://www.courtlistener.com/opinion/9708891/hendrix-v-garcia/,,,,,VERIFIED_TRUE,both parties present + court corroborates (date ok),no,LR,yes,yes,
Federal_District,St. John v. Napolitano,"274 F.R.D. 12, 18",2011,D.D.C.,,,mad,federal_trial,10770725,in_cl_via_citation_lookup,citation_lookup returned VERIFIED,VERIFIED,yes,St. John v. Napolitano,,,,,,,,,,,,,,,,,
Federal_District,John S. v. Bisignano,2025 WL 1505405,2025,N.D. Ill.,"quoting Michael B. v. Berryhill, 2019 WL 2269962, at *6",,ilnd,federal_trial,10841844,rescue_was_false_positive,audit overturned: only one party matches (other party absent),NOT_FOUND,no,,Quick search only: not in citation lookup API,rescued_by_opinion_search,POSSIBLE_MATCH,0.602,Hejna v. Bisignano,https://www.courtlistener.com/opinion/10663671/hejna-v-bisignano/,,,,,LIKELY_FALSE,only one party matches (other party absent),no,lR,yes,yes,
Federal_District,Vanderbilt v. Town of Chilmark,174 F.R.D. at 228,,,listing explicit waiver and disclosure as means to waive the privilege,,mad,federal_trial,10770725,in_cl_via_citation_lookup,citation_lookup returned VERIFIED,VERIFIED,yes,Vanderbilt v. Town of Chilmark,,,,,,,,,,,,,,,,,
Federal_District,"United States v. $1,071,251.44 of Funds Associated with Mingzheng Int'l Trading Ltd.",324 F. Supp. 3d at 41,2018,D.D.C.,"interpreting this rule to require that the complaint ""establish a reasonable belief that the government could prove by a preponderance of the evidence that [Defendant Property is] subject to civil in ","United States v. Approximately 1,467,761.163191 Usdt",dcd,federal_trial,10785269,in_cl_via_citation_lookup,citation_lookup returned VERIFIED,VERIFIED,yes,"United States v. $1,071,251.44 of Funds Associated With Mingzheng Int'l Trading Ltd.",,,,,,,,,,,,,,,,,
Federal_District,Durham,818 F. Supp. 2d at 69,,D.D.C.,,Doe v. American University,dcd,federal_trial,10830306,in_cl_via_citation_lookup,citation_lookup returned VERIFIED,VERIFIED,yes,Negley v. Federal Bureau of Investigation,,,,,,,,,,,,,,,,,
Federal_District,Doe v. Cabrera,"307 F.R.D. 1, 8",2014,D.D.C.,,Coalition for Humane Immigrant Rights v. Mullin,dcd,federal_trial,10838932,in_cl_via_citation_lookup,citation_lookup returned VERIFIED,VERIFIED,yes,Doe v. Cabrera,,,,,,,,,,,,,,,,,
Federal_District,St. John v. Napolitano,274 F.R.D. at 19,,,,,mad,federal_trial,10770725,duplicate_of_fuller_sibling,short-form citation; fuller sibling exists in same opinion,VERIFIED,yes,St. John v. Napolitano,,,,,,,,,,,,,,,,,
Federal_District,In re Mansfield Tire & Rubber Co.,19 B.R. 125,1981,Bankr. N.D. Ohio,,,cand,federal_trial,10850074,in_cl_via_citation_lookup,citation_lookup returned VERIFIED,VERIFIED,yes,Matter of Mansfield Tire & Rubber Co.,,,,,,,,,,,,,,,,,
Federal_District,Viken Detection Corp. v. Doe,2019 WL 5268725,2019,D. Mass.,"holding that the ""only way the plaintiffs can realistically proceed"" in a lawsuit against a John Doe defendant is to subpoena the ISP for the information connected to the IP address",,mad,federal_trial,10853104,rescue_was_false_positive,audit overturned: only one party matches (other party absent),NOT_FOUND,no,,Quick search only: not in citation lookup API,rescued_by_opinion_search,POSSIBLE_MATCH,0.684,Viken Detection Corporation v. Bradshaw,https://www.courtlistener.com/opinion/9731515/viken-detection-corporation-v-bradshaw/,,,,,LIKELY_FALSE,only one party matches (other party absent),no,Lr,yes,yes,
Federal_District,Damner v. Facebook Inc.,2020 WL 7862706,2020,N.D. Cal.,"dismissing negligence claim where ""Plaintiff's allegation that Facebook owed him a duty of care to keep his personal information safe is contradicted by the terms of the [Statement of Rights and Respo",,cand,federal_trial,10770262,in_cl_via_opinion_rescue,audit confirmed: both parties present + court corroborates (date ok),NOT_FOUND,no,,Quick search only: not in citation lookup API,rescued_by_opinion_search,LIKELY_REAL,0.900,Damner v. Facebook Incorporated,https://www.courtlistener.com/opinion/9599677/damner-v-facebook-incorporated/,,,,,VERIFIED_TRUE,both parties present + court corroborates (date ok),no,LR,yes,yes,
Federal_District,Powell v. IRS,317 F. Supp. 3d 266,2018,D.D.C.,subsequent history omitted,Powell v. United States Department of Treasury,dcd,federal_trial,10796076,in_cl_via_citation_lookup,citation_lookup returned VERIFIED,VERIFIED,yes,Powell v. Internal Revenue Serv.,,,,,,,,,,,,,,,,,
