id,proposition_id,answer_cluster_id,model_name,raw_response,parse_status,answered_cite_string,cite_resolved_real,name_match_score,run_id,answered_at
1,dc28c311fcf8a4da61515f479f9bcecd6458926319a30f9a9644c78d4373c9af,7100340,sonnet-4.6,"Sprewell v. Golden State Warriors, 266 F.3d 979 (9th Cir. 2001)",parsed,,1,,v1,2026-05-04T04:00:15Z
2,b8a6363c1c067004bf070fe4b819bcfb0f0db0e1414a67aa519241e56ec1e8cf,,sonnet-4.6,UNKNOWN,unknown,,0,,v1,2026-05-04T04:00:15Z
3,aef98c458b963b2bfe4a515d5d7eaa9c33ec8e9fda2bbb4e068f69d7bc7e429e,185315,sonnet-4.6,"United States v. Bowie, 232 F.3d 923 (D.C. Cir. 2000)",parsed,,1,,v1,2026-05-04T04:00:15Z
4,09f5f700949bcb2e4508f90cfa7066c2e55055d400f5488aae6abc191c8814be,,sonnet-4.6,UNKNOWN,unknown,,0,,v1,2026-05-04T04:00:15Z
5,00f9b8a70f7b50763b4d4ff949777aaffd452b7db8939e8b60ffea8a440437ae,109463,sonnet-4.6,"Mathews v. Diaz, 426 U.S. 67 (U.S. 1976)",parsed,,1,,v1,2026-05-04T04:00:15Z
6,601d5db4ac77514d131ba8889e10bd309e23fbde1fbb3efdc29626c0b9c4c450,,sonnet-4.6,UNKNOWN,unknown,,0,,v1,2026-05-04T04:00:15Z
7,aeb1b6a9febd1224637dd02896db5ec5e2a668eee259f2d613d44b8dafeaad8b,85777,sonnet-4.6,"*Grant v. Raymond*, 31 U.S. (6 Pet.) 218 (1832)",parsed,,1,,v1,2026-05-04T04:00:15Z
8,4b169832650f03aeb92a6b4c4df23e0076b464ffd116d1a3c63cde2016fa735d,595550,sonnet-4.6,"Gaus v. Miles, Inc., 980 F.2d 564 (9th Cir. 1992)",parsed,,1,,v1,2026-05-04T04:00:15Z
9,2c14da4c5beb94e76807444b20ea37087233f0d96423ed4bcca634603cac7fb2,,sonnet-4.6,UNKNOWN,unknown,,0,,v1,2026-05-04T04:00:15Z
10,5be0f71658a863776c09a9352ab65f3faa0712efd44ffe5e0bf50eb7e5aca28c,,sonnet-4.6,UNKNOWN,unknown,,0,,v1,2026-05-04T04:00:15Z
11,641c893ecc19d1b7c9e5836010badbffe00fa7aeba3d087cc572361e716aaa9b,108288,sonnet-4.6,"Durham v. United States, 401 U.S. 481 (1971)",parsed,,1,,v1,2026-05-04T04:00:15Z
12,ac9469eaa09071ce1369c876477189c441b8398893efca62d9c5d36a66846e35,,sonnet-4.6,UNKNOWN,unknown,,0,,v1,2026-05-04T04:00:15Z
13,f8c71c283aaf3e68f6b38f9796bab41c58669ae69e1d0c7f002f2885e32d61a2,,sonnet-4.6,UNKNOWN,unknown,,0,,v1,2026-05-04T04:00:15Z
14,900131fb078ec33eb28a8c3c1e6733be1374ba37c0c49702026dbd7a070d012f,8955143,sonnet-4.6,"In re Bevill, Bresler & Schulman Asset Management Corp., 805 F.2d 120 (3d Cir. 1986)",parsed,,1,,v1,2026-05-04T04:00:15Z
15,9194dd244d911a173ca5f3f3007cc599742802d9a46286539f98fa50ce114d62,110715,sonnet-4.6,"Insurance Corp. of Ireland v. Compagnie des Bauxites de Guinee, 456 U.S. 694 (U.S. 1982)",parsed,,1,,v1,2026-05-04T04:00:15Z
16,e21ce2f2a7095a6be208a975397fe5963e1025a2f0812f8111f3102a463db027,,sonnet-4.6,UNKNOWN,unknown,,0,,v1,2026-05-04T04:00:15Z
17,940d760edbb5ff5fe18a230aad87c57034d95558caebaf214035abf01cfc86c0,,sonnet-4.6,UNKNOWN,unknown,,0,,v1,2026-05-04T04:00:15Z
18,353ddbd10ff4829684f160d2896cd251fb6f80bbd4eb6a92d2158592c73eb5d6,,sonnet-4.6,UNKNOWN,unknown,,0,,v1,2026-05-04T04:00:15Z
19,e411eb2fa437af22c49cfdc878b51565d40b87d9c8025f0ba44df6c96a0fd4b0,145922,sonnet-4.6,"United States v. Leon, 468 U.S. 897 (U.S. 1984)",parsed,,1,,v1,2026-05-04T04:00:15Z
20,b3bc7cdf667d0868bb79bb02293c74307785e14a9cbbd4e9cf9b01a3eca47a12,,sonnet-4.6,UNKNOWN,unknown,,0,,v1,2026-05-04T04:00:15Z
21,acf2d050be85e30c8a265b6ac46a6bf8a9f3253f3aca13798721518f2455ef9e,,sonnet-4.6,UNKNOWN,unknown,,0,,v1,2026-05-04T04:00:15Z
22,c39576376bd499c3aedc48c82ff46036f3ee5ddb31e359fc5e5b7dc7953f3ab0,111863,sonnet-4.6,"Tison v. Arizona, 481 U.S. 137 (U.S. 1987)",parsed,,1,,v1,2026-05-04T04:00:15Z
23,9653bbe40e0a8031fb6b667f2d0970cf435a4466fd4ea3dfd1879fbf0c05c2b4,367193,sonnet-4.6,"Poplar Grove Planting & Refining Co. v. Bache Halsey Stuart, Inc., 600 F.2d 1189 (5th Cir. 1979)",parsed,,1,,v1,2026-05-04T04:00:15Z
24,0fe77db256520d14bd1b90fd69f66c9c49271224900c7d47cffbd4b793119e2b,,sonnet-4.6,UNKNOWN,unknown,,0,,v1,2026-05-04T04:00:15Z
25,87f60a2cd2c7bf86f41e3886dfdfe511dc409f995b29f75870cc0bdd89486578,110330,sonnet-4.6,"Dawson Chemical Co. v. Rohm & Haas Co., 448 U.S. 176 (U.S. 1980)",parsed,,1,,v1,2026-05-04T04:00:15Z
26,000568bbc077d1e3f6aba5730a5c1c398d63825eb3a1f42b92a3941c5146538f,,sonnet-4.6,UNKNOWN,unknown,,0,,v1,2026-05-04T04:00:15Z
27,e56c8d2d47d6385240bc80db96eea7c3d2206489f9f95472a0cc15a8a1feef94,145814,sonnet-4.6,"Virginia v. Moore, 553 U.S. 164 (U.S. 2008)",parsed,,1,,v1,2026-05-04T04:00:15Z
28,1ec3a31457dd371ea7a189b80b2ccb939a5ae0581ba831e8f8b8c54336ea9788,8443303,sonnet-4.6,UNKNOWN,parsed,,1,,v1,2026-05-04T04:00:15Z
29,f1a0639fc050d29a84185593300100b30aae65cd16a150609e7f71d912b12c77,8824721,sonnet-4.6,"Ragansky v. United States, 253 F. 643 (7th Cir. 1918)",parsed,,1,,v1,2026-05-04T04:00:15Z
30,592ca7fac83e697f27332b66bfcbc642896276b170d0ecf55faeebc01dd7702b,,sonnet-4.6,UNKNOWN,unknown,,0,,v1,2026-05-04T04:00:15Z
31,298a16b6a93d917dc43063d73f2794fa551983d7d46e2ef822abf94b19bca679,118074,sonnet-4.6,"Old Chief v. United States, 519 U.S. 172 (1997)",parsed,,1,,v1,2026-05-04T04:00:15Z
32,f961ab2b1cc8dde0b17607945d1fe5001afcabd17b2778a66319c79bd4bc3c8d,,sonnet-4.6,UNKNOWN,unknown,,0,,v1,2026-05-04T04:00:15Z
33,b39aa6b4d7fc3d4ff232df540df322444a3cb39f1251d34723f6706a12615672,145875,sonnet-4.6,"Ashcroft v. Iqbal, 556 U.S. 662 (S. Ct. 2009)",parsed,,1,,v1,2026-05-04T04:00:15Z
34,8de4872a33c8753979008a26ea24b89460b517016cce1efa210330d4953529b9,109042,sonnet-4.6,"Blackledge v. Perry, 417 U.S. 21 (U.S. 1974)",parsed,,1,,v1,2026-05-04T04:00:15Z
35,fea6a051c4c7878aff74ef45b31295ef549453b700b729a34574a80eb598280e,10600092,sonnet-4.6,"Smith v. Spizzirri, 601 U.S. 472 (U.S. 2024)",parsed,,1,,v1,2026-05-04T04:00:15Z
36,07db92df19e9d3e32e8c915f72455ba99e244692a23b05681c73f5cfcfc93f1e,,sonnet-4.6,UNKNOWN,unknown,,0,,v1,2026-05-04T04:00:15Z
37,0f80531300bb53d210bd372d4d70ab848d63d1caf6edd4f52ad8fa2a6adbc7d4,145756,sonnet-4.6,"Wallace v. Kato, 549 U.S. 384 (2006)",parsed,,1,,v1,2026-05-04T04:00:15Z
38,f2094939afa4e597c43994356c85e6d68777cbdb0ee300bcca73f42cf3fe0115,,sonnet-4.6,UNKNOWN,unknown,,0,,v1,2026-05-04T04:00:15Z
39,8c9017fa14616cccf85149b3a1e55ebec0215546fc62a504a81e98b627bcbee2,,sonnet-4.6,UNKNOWN,unknown,,0,,v1,2026-05-04T04:00:15Z
40,ab1c62bbd040495d3a5d02f28c28b97aa3d6a452cd6f9f9bbbf6ccc0f0e1e1ec,145928,sonnet-4.6,"Winter v. Natural Resources Defense Council, 555 U.S. 7 (U.S. 2008)",parsed,,1,,v1,2026-05-04T04:00:15Z
41,93cc446d86727e4d3cddb425f36a6bfcec24950e8eff4308ce71649528edefaa,,sonnet-4.6,UNKNOWN,unknown,,0,,v1,2026-05-04T04:00:15Z
42,f442bc5d1b0fd755b5e77fd5a510ed612132c6ba7307bebd54678c11e54012fb,,sonnet-4.6,UNKNOWN,unknown,,0,,v1,2026-05-04T04:00:15Z
43,9619a474e9102248315423cd47457905775d02ff7abf55e4bc15666ab5992ce2,613266,sonnet-4.6,"Cervantes v. Countrywide Home Loans, Inc., 656 F.3d 1034 (9th Cir. 2011)",parsed,,0,,v1,2026-05-04T04:00:15Z
44,bd63056ef2111c1f24dcfcd70335495cebf8f1ef03777545d11efffb3a15109f,1323423,sonnet-4.6,"Lukovsky v. City & County of San Francisco, 535 F.3d 1044 (9th Cir. 2008)",parsed,,1,,v1,2026-05-04T04:00:15Z
45,59e56aa9f94bca8b75a59c1099066e7620a6a89d17b017988074ed7831ced450,8440877,sonnet-4.6,"Alliance for the Wild Rockies v. Cottrell, 632 F.3d 1127 (9th Cir. 2011)",parsed,,1,,v1,2026-05-04T04:00:15Z
46,6c6a80a88733bd889b1a353f2bdc3e1099c70d9be6f54d6f0a6631f54858ec54,,sonnet-4.6,UNKNOWN,unknown,,0,,v1,2026-05-04T04:00:15Z
47,44b931260e3b08348e9f2f15264f4a827dec1502509454c6956b3c28136b923f,7079981,sonnet-4.6,"Lopez v. Smith, 203 F.3d 1122 (9th Cir. 2000)",parsed,,1,,v1,2026-05-04T04:00:15Z
48,7f1065af101e5fe2ce3a9ad4d59b6aea5c97334359bb932ef7f9d5f6271c0da6,,sonnet-4.6,UNKNOWN,unknown,,0,,v1,2026-05-04T04:00:15Z
49,636da398d991ffc8bd8b85ffb7a80520e89acc2d3f4bba823e2c992a93437250,145875,sonnet-4.6,"Ashcroft v. Iqbal, 556 U.S. 662 (U.S. 2009)",parsed,,1,,v1,2026-05-04T04:00:15Z
50,f717d55b43fd9efb89e26b147f4d3a5815177897eba98cf62cf4cbc505f8465a,8438370,sonnet-4.6,"Schwarzenegger v. Fred Martin Motor Co., 374 F.3d 797 (9th Cir. 2004)",parsed,,1,,v1,2026-05-04T04:00:15Z
51,0bd80e3415576ca9bfd0c213c76f0dbeae8509ec873e7819f60d8fb11c90db80,,sonnet-4.6,UNKNOWN,unknown,,0,,v1,2026-05-04T04:00:15Z
52,137fc0a1fe50082f43efe017967e21f41a576fa3231c28dc88dc702a89467c02,2649076,sonnet-4.6,"Daimler AG v. Bauman, 571 U.S. 117 (U.S. 2014)",parsed,,1,,v1,2026-05-04T04:00:15Z
53,251abe14ebdbeda8c55fcbc99fff03c1abb80d4a0191b9e2127b34e756d12a62,8921487,sonnet-4.6,"St. Louis Baptist Temple, Inc. v. Federal Deposit Insurance Corp., 605 F.2d 1169 (10th Cir. 1979)",parsed,,1,,v1,2026-05-04T04:00:15Z
54,8ff3cf63e235573f017de708756c234894385f5bf0d3535663d1d10c97576aad,10600098,sonnet-4.6,"Muldrow v. City of St. Louis, 601 U.S. 346 (U.S. 2024)",parsed,,1,,v1,2026-05-04T04:00:15Z
55,8f7a73a01a54e0d9480c7b87e8e772b3037da6b6ee821d2bf5728fedab357484,3187592,sonnet-4.6,"I was unable to verify a specific case through the available tools (permissions were not granted). Based on my knowledge, I cannot confirm a citation with sufficient accuracy for legal purposes.

UNKNOWN",unknown,,0,,v1,2026-05-04T04:00:15Z
56,4f9d3d44e7c20ccbe3c4bc56efa3befd50a131a02d9658956bf54e648f21795a,145885,sonnet-4.6,"Shinseki v. Sanders, 556 U.S. 396 (U.S. 2009)",parsed,,1,,v1,2026-05-04T04:00:15Z
57,d4c6e721bc367bc485b5035ec473117f42678c9f09d10875e51983a864652467,706097,sonnet-4.6,"Gamble v. Chater, 68 F.3d 319 (9th Cir. 1995)",parsed,,1,,v1,2026-05-04T04:00:15Z
58,610c8ff79d1e16d6b40ad5a8fd266aae9251a5d4682eeef6b1c0c772b5271179,110520,sonnet-4.6,"Federated Department Stores, Inc. v. Moitie, 452 U.S. 394 (U.S. 1981)",parsed,,1,,v1,2026-05-04T04:00:15Z
59,05af6da42bff345cea2e0ee5f413225a4d76a7590cb33f9c7bc92e5ec0145a08,,sonnet-4.6,UNKNOWN,unknown,,0,,v1,2026-05-04T04:00:15Z
60,edd293d20fba174257f5256eef72a4014fbcdbdbb4a8f5ed8d2d75f2e3f8b93f,,sonnet-4.6,UNKNOWN,unknown,,0,,v1,2026-05-04T04:00:15Z
61,1f46927ff421989c0731f25b873fb0f83c703fad97dfdc76b14f52185fe1b224,1087669,sonnet-4.6,"Sims v. Apfel, 530 U.S. 103 (U.S. 2000)",parsed,,1,,v1,2026-05-04T04:00:15Z
62,08877b87ef0c6b7c1bae6bb4700118f786d5868a97d701bdd0a09d410c020f89,,sonnet-4.6,UNKNOWN,unknown,,0,,v1,2026-05-04T04:00:15Z
63,10bf48e8c4be16be8ae0bc2f9c0ccbfa08b2f6eb1bda54bf49ea64c95d5f2fdf,109574,sonnet-4.6,UNKNOWN,unknown,,0,,v1,2026-05-04T04:00:15Z
64,d44ff47555864048a997fcce86cc23f2b4d76e966d9165f12a18b16c19a2f314,112209,sonnet-4.6,"City of Canton v. Harris, 489 U.S. 378 (U.S. 1989)",parsed,,1,,v1,2026-05-04T04:00:15Z
65,89b6b55046d7f142e3b8f1761c11beb75a893278d6bce1a7a518f09c99286f22,,sonnet-4.6,UNKNOWN,unknown,,0,,v1,2026-05-04T04:00:16Z
66,102ea8dd8dab275da19d5c94b68ead58edbb474095990bbd6ee42c594f26ddfb,7350293,sonnet-4.6,"Gonzalez v. Thaler, 565 U.S. 134 (U.S. 2012)",parsed,,1,,v1,2026-05-04T04:00:16Z
67,feb36569b9ad483ab129c0dc0f7d6003dbe324d21320bab1c6fec4c4030fbf71,9009470,sonnet-4.6,"Greyhound Exhibitgroup, Inc. v. E.L.U.L. Realty Corp., 973 F.2d 155 (2d Cir. 1992)",parsed,,1,,v1,2026-05-04T04:00:16Z
68,bd0f5114755ce53163ac88f1ed18a7fe9eaee04f2938c23a96e60e661ac6fbfd,4471245,sonnet-4.6,"Jennings v. Rodriguez, 583 U.S. 281 (2018)",parsed,,1,,v1,2026-05-04T04:00:16Z
69,d22fb40ba7c700594644889246b3d973df7399dc16a08342874eb25fc4ef298f,,sonnet-4.6,UNKNOWN,unknown,,0,,v1,2026-05-04T04:00:16Z
70,3518777e2d82498a0edaa086c661fff3360843a151dc947c43e32c676526cc6d,108263,sonnet-4.6,"Younger v. Harris, 401 U.S. 37 (U.S. 1971)",parsed,,1,,v1,2026-05-04T04:00:16Z
71,0f97470370d9854804525561c8e410b733d3712ba1d50e4641b4c4e6d2b7b695,30544,sonnet-4.6,"Frank v. Barnhart, 326 F.3d 618 (5th Cir. 2003)",parsed,,1,,v1,2026-05-04T04:00:16Z
72,43e68b88109d0043b577a46ec4fe27d6a1d8e6dfe135a707836b64fce4e4028c,,sonnet-4.6,UNKNOWN,unknown,,0,,v1,2026-05-04T04:00:16Z
73,91b1a789c9fc6b9f01fc58d56a973c6d057458fdf64238b7529e68b53c615c76,,sonnet-4.6,UNKNOWN,unknown,,0,,v1,2026-05-04T04:00:16Z
74,13e05b1e340f45de260289af880fe78649d16b6512a6bf202385b3ba98627196,112254,sonnet-4.6,"Neitzke v. Williams, 490 U.S. 319 (U.S. 1989)",parsed,,1,,v1,2026-05-04T04:00:16Z
75,9749542a5facc9fae335aa821c374245935cd15ff056452a61f0c576fd4f023e,,sonnet-4.6,UNKNOWN,unknown,,0,,v1,2026-05-04T04:00:16Z
76,8be907e6e9ed8f478526ef002aade30c071a723836ca4309dd2fb20f0a7594d5,,sonnet-4.6,UNKNOWN,unknown,,0,,v1,2026-05-04T04:00:16Z
77,b585892f17c749f0fc02990fe6ee013b35de245f9ec681aed071b53932eb202f,,sonnet-4.6,UNKNOWN,unknown,,0,,v1,2026-05-04T04:00:16Z
78,24c3a01b0de725f17de352304ebbae61f6d9fd1dd0a4ebd3654e4bb52e557af8,,sonnet-4.6,UNKNOWN,unknown,,0,,v1,2026-05-04T04:00:16Z
79,1b4c45e3cad5e8dcb645e17294bc7c253d9b061ebe18b9e0c7096fc375b9d0c6,112254,sonnet-4.6,UNKNOWN,parsed,,1,,v1,2026-05-04T04:00:16Z
80,d8014ae28a792a98f09a98dc872a54a663060c00b2cb5777b718e27f8d6aceba,,sonnet-4.6,UNKNOWN,unknown,,0,,v1,2026-05-04T04:00:16Z
81,323a6a1c1bf71ec9a310186d4ec035ff8492188a5eec846d84692a5980f9fb72,,sonnet-4.6,UNKNOWN,unknown,,0,,v1,2026-05-04T04:00:16Z
82,a5735298cf9d8d12d0b56feeb9c057537ad736f94b9518f7afa4a6aff6b86e89,111722,sonnet-4.6,"Giannullo v. City of New York, 322 F.3d 139 (2d Cir. 2003)",parsed,,1,,v1,2026-05-04T04:00:16Z
83,7bc64b37a4bf9da5962f2ef06f73b0e251231b077c904f6cbb3f0851ab87d92e,111630,sonnet-4.6,"City of Los Angeles v. Heller, 475 U.S. 796 (U.S. 1986)",parsed,,1,,v1,2026-05-04T04:00:16Z
84,3a2083d9ee96ffb06d9d917e0ccbf154b8ba1752814ff75106650432d348dca6,,sonnet-4.6,UNKNOWN,unknown,,0,,v1,2026-05-04T04:00:16Z
85,c2b94fd6a4854296022772550c2ec9b7d775c38c62fb5af32a18a749bc521593,,sonnet-4.6,UNKNOWN,unknown,,0,,v1,2026-05-04T04:00:16Z
86,84ed0ad2f123107cee0c8575f4b2bd596c602e2918a70ab064055373f0d8d852,,sonnet-4.6,,unknown,,0,,v1,2026-05-04T04:00:16Z
87,76ebe38e49ce9390678bbb9ff815dddcd2e2b7aa9b985a24e49ab942b429e43d,,sonnet-4.6,UNKNOWN,unknown,,0,,v1,2026-05-04T04:00:16Z
88,518ac1761f1b52b400dc16b8dae2bc8ee35fc3aa67213c3fbcb2c62777c6cd32,107200,sonnet-4.6,"United Mine Workers of America v. Gibbs, 383 U.S. 715 (U.S. 1966)",parsed,,1,,v1,2026-05-04T04:00:16Z
89,e5953e528e8b0faaeb58ab359ff679a5996882fafd868b50b64fce68141ea125,,sonnet-4.6,UNKNOWN,unknown,,0,,v1,2026-05-04T04:00:16Z
90,ced06db14eacc3825e651bc8b47b771ea927f9c970d44c3b7b7b81902687904e,,sonnet-4.6,UNKNOWN,unknown,,0,,v1,2026-05-04T04:00:16Z
91,9dd70ea860a729b4fc83dc0fa7ed12223621fced08f764c1a5ee9cfffe776b2d,790952,sonnet-4.6,"The research tools weren't authorized. Answering from legal knowledge:

Greeno v. Daley, 414 F.3d 645 (7th Cir. 2005)",parsed,,1,,v1,2026-05-04T04:00:16Z
92,3efeeb607ae1f07df19b4a587f84931d4909256774b51a6b33c2aa17a44d44a0,7064021,sonnet-4.6,UNKNOWN,parsed,,1,,v1,2026-05-04T04:00:16Z
93,c84a3993372d9633f16d51ccce2077db63ef8a4f899f8f98d7d580b20ee2d55e,,sonnet-4.6,UNKNOWN,unknown,,0,,v1,2026-05-04T04:00:16Z
94,ff446043934e506cdb8f4c0daa0641dac8c5b60e5736d197b7d4fda6a75fcf15,786891,sonnet-4.6,"Eternity Global Master Fund Ltd. v. Morgan Guar. Trust Co. of N.Y., 375 F.3d 168 (2d Cir. 2004)",parsed,,1,,v1,2026-05-04T04:00:16Z
95,30d3bae2ec3983bd1cf549f9bd38d405b2c723360f4866e1c5f6350e8bea28f4,781230,sonnet-4.6,"Golembiewski v. Barnhart, 322 F.3d 912 (7th Cir. 2003)",parsed,,1,,v1,2026-05-04T04:00:16Z
96,3fa794ac6b825307292d9308dfae9aaf9068175a027d9619dcdd9c7c441da4c2,112747,sonnet-4.6,"Lujan v. Defenders of Wildlife, 504 U.S. 555 (U.S. 1992)",parsed,,1,,v1,2026-05-04T04:00:16Z
97,8f1b961a35509bcbae7b729a9b792ec1bb5d3faac2ca538b48c81f44b33c3a44,583649,sonnet-4.6,"Mitchell v. Toledo Hospital, 964 F.2d 577 (6th Cir. 1992)",parsed,,1,,v1,2026-05-04T04:00:16Z
98,2d2035045fdb1cf8acc053d433ff39ddf99cd579a93d0cfe8d1e8795a7a78a68,,sonnet-4.6,UNKNOWN,unknown,,0,,v1,2026-05-04T04:00:16Z
99,800b2f76f1792bcb104ffb57488c9c50bdc72f9fe1e5067fbb25a2851276a7a8,,sonnet-4.6,UNKNOWN,unknown,,0,,v1,2026-05-04T04:00:16Z
100,17d235a3d9d2f6d2b7024b00d158de380ff66ee225acb5acd5caf13138c7b479,,sonnet-4.6,UNKNOWN,unknown,,0,,v1,2026-05-04T04:00:16Z
101,b46c356ab2fc86be4be270ca33bb28dd9fd5e4756e37ee924617bec9daf154da,8975865,sonnet-4.6,"Valandingham v. Bojorquez, 866 F.2d 1135 (9th Cir. 1989)",parsed,,1,,v1,2026-05-04T04:00:16Z
102,eac5c6e65a653d946aeba84b6525b5fe0c8efd042269115ff29f802321af12f4,470080,sonnet-4.6,"Costlow v. Weeks, 790 F.2d 1486 (9th Cir. 1986)",parsed,,1,,v1,2026-05-04T04:00:16Z
103,c616e28046a98ae4a100300ad7fe3f5ee815319a720877c9dfb95f148098ebd1,,sonnet-4.6,UNKNOWN,unknown,,0,,v1,2026-05-04T04:00:16Z
104,e36d4120a8e73186c39bb6fe24084fb6ea3f223035e91b91568340c7a77bf01f,,sonnet-4.6,UNKNOWN,unknown,,0,,v1,2026-05-04T04:00:16Z
105,23ce9b8f5ebc1bd72295d24183d109bb1b29794f9e11b271a5c1b64f3e15cc6b,,sonnet-4.6,UNKNOWN,unknown,,0,,v1,2026-05-04T04:00:16Z
106,fe244b872e50620eb1522405996b511fffaf78da3882d8b214e713271132a15b,,sonnet-4.6,UNKNOWN,unknown,,0,,v1,2026-05-04T04:00:16Z
107,8da5a869cda0071cb440668b4305e24296cd2eea7280d0e3da74606fc7b8c43a,8438243,sonnet-4.6,"Educadores PuertorriqueÃ±os en AcciÃ³n v. HernÃ¡ndez, 367 F.3d 61 (1st Cir. 2004)",parsed,,0,,v1,2026-05-04T04:00:16Z
108,48bbe437e1d56638c3aeecd121380ef61d7f7893aa15527601209119ebf95d84,8921487,sonnet-4.6,"Opoka v. INS, 94 F.3d 392 (7th Cir. 1996)",parsed,,1,,v1,2026-05-04T04:00:16Z
109,dc40866e30e65551fd6b39c2a61c339819985947377585ae45fa7a9cb0c41aaa,,sonnet-4.6,UNKNOWN,unknown,,0,,v1,2026-05-04T04:00:16Z
110,aea14c8a89731c62e709e885ac13cfe277c423dc33e608c20794c08ae2eb2c4f,,sonnet-4.6,UNKNOWN,unknown,,0,,v1,2026-05-04T04:00:16Z
111,577e8226c535393bc0e734484b2f923a848efa80ae58dc83cac8ff5fe22db433,112747,sonnet-4.6,"*Lujan v. Defenders of Wildlife*, 504 U.S. 555 (U.S. 1992)",parsed,,1,,v1,2026-05-04T04:00:16Z
112,3fc543b68cf25b96c67cd89877cebf9c7c97c7d60290b73d7072f6eb973d2d79,,sonnet-4.6,UNKNOWN,unknown,,0,,v1,2026-05-04T04:00:16Z
113,b3a2bd4220241e3d977fa25a53d8c7b6c33222c863439c27224346cb7be433ce,,sonnet-4.6,UNKNOWN,unknown,,0,,v1,2026-05-04T04:00:16Z
114,e5bb5f3d3df32181b169ed7553e2f1212cbaf73f46894844798dcb2e6a57c818,,sonnet-4.6,UNKNOWN,unknown,,0,,v1,2026-05-04T04:00:16Z
115,7bb6d9d745602fd6ecaa7ea9c3705014113290ce9d7b5c2456884a30270698dc,8936888,sonnet-4.6,"Telecommunications Research & Action Center v. FCC, 750 F.2d 70 (D.C. Cir. 1984)",parsed,,0,,v1,2026-05-04T04:00:16Z
116,ea52132132ea6c11eedba48733a7cc398233cb1db385c9196a4ebc6567430384,,sonnet-4.6,UNKNOWN,unknown,,0,,v1,2026-05-04T04:00:16Z
117,6a9567ea88065279f679e8123e3215438bb5eb8308046f4ce21ecfdf5853e99b,,sonnet-4.6,UNKNOWN,unknown,,0,,v1,2026-05-04T04:00:16Z
118,d3faf5940ada2a6d348f79889a3ed4926cf4f172b7b1347e9b72aeeccb6dc219,,sonnet-4.6,UNKNOWN,unknown,,0,,v1,2026-05-04T04:00:16Z
119,91650d481b601a502f240c3dad259b10c739627bf9c5b317f415b0a6180597ea,,sonnet-4.6,UNKNOWN,unknown,,0,,v1,2026-05-04T04:00:16Z
120,14277048ff65f4d88dee311ecbb4ee58fd7270f09535fcc8a62960bc62056583,,sonnet-4.6,UNKNOWN,unknown,,0,,v1,2026-05-04T04:00:16Z
121,98005864db8e7d2c56b18428bbca54a555e3a603648a1fbfb498972528cb9c48,,sonnet-4.6,UNKNOWN,unknown,,0,,v1,2026-05-04T04:00:16Z
122,82038fdfe794c482e6c59c2a56b4ad3da8051029edc4608f1d539fe3aa4f3701,,sonnet-4.6,UNKNOWN,unknown,,0,,v1,2026-05-04T04:00:16Z
123,a5abcd3928fb172ffea3248b2aca84c424ce9a6e147237db6f8cde1aab148852,613874,sonnet-4.6,"Haley v. City of Boston, 657 F.3d 39 (1st Cir. 2011)",parsed,,1,,v1,2026-05-04T04:00:16Z
124,4652e789013f3fe8bee1edef15d191cf64d02368b6e40650d591658d5792540e,529278,sonnet-4.6,"Quaker State Oil Refining Corp. v. Garrity Oil Co., 884 F.2d 1510 (1st Cir. 1989)",parsed,,1,,v1,2026-05-04T04:00:16Z
125,8d785772866c7f694930d78a3f881ab73576909c431e065694888c13b861d4a3,2672209,sonnet-4.6,"Lexmark International, Inc. v. Static Control Components, Inc., 572 U.S. 118 (U.S. 2014)",parsed,,1,,v1,2026-05-04T04:00:16Z
126,3425b2ef4e86bc0eee92e86e16e703edd09eedf89cf60df635365f4dbbe99ad2,,sonnet-4.6,UNKNOWN,unknown,,0,,v1,2026-05-04T04:00:16Z
127,6125df429db7ab3b462d329f98b9a8cefe4bdff55b2b7ce78ea661475b49bdf6,725103,sonnet-4.6,"Opoka v. INS, 94 F.3d 392 (7th Cir. 1996)",parsed,,1,,v1,2026-05-04T04:00:16Z
128,c39576376bd499c3aedc48c82ff46036f3ee5ddb31e359fc5e5b7dc7953f3ab0,,opus-4.7,UNKNOWN,unknown,,0,,v1,2026-05-04T04:00:16Z
129,dc28c311fcf8a4da61515f479f9bcecd6458926319a30f9a9644c78d4373c9af,7100340,opus-4.7,"Sprewell v. Golden State Warriors, 266 F.3d 979 (9th Cir. 2001)",parsed,,1,,v1,2026-05-04T04:00:16Z
130,b8a6363c1c067004bf070fe4b819bcfb0f0db0e1414a67aa519241e56ec1e8cf,,opus-4.7,UNKNOWN,unknown,,0,,v1,2026-05-04T04:00:16Z
131,9653bbe40e0a8031fb6b667f2d0970cf435a4466fd4ea3dfd1879fbf0c05c2b4,109282,opus-4.7,"Calmar Oil Co. v. Hall, 422 U.S. 1, 95 S. Ct. 2056 (1975)

UNKNOWN",parsed,,0,,v1,2026-05-04T04:00:16Z
132,aef98c458b963b2bfe4a515d5d7eaa9c33ec8e9fda2bbb4e068f69d7bc7e429e,152519,opus-4.7,"United States v. Green, 617 F.3d 233 (3d Cir. 2010)",parsed,,1,,v1,2026-05-04T04:00:16Z
133,09f5f700949bcb2e4508f90cfa7066c2e55055d400f5488aae6abc191c8814be,2745679,opus-4.7,"Hausler v. JPMorgan Chase Bank, N.A., 770 F.3d 207 (2d Cir. 2014)",parsed,,1,,v1,2026-05-04T04:00:16Z
134,00f9b8a70f7b50763b4d4ff949777aaffd452b7db8939e8b60ffea8a440437ae,109463,opus-4.7,"Mathews v. Diaz, 426 U.S. 67 (1976)",parsed,,1,,v1,2026-05-04T04:00:16Z
135,0fe77db256520d14bd1b90fd69f66c9c49271224900c7d47cffbd4b793119e2b,2679203,opus-4.7,"Nautilus, Inc. v. Biosig Instruments, Inc., 572 U.S. 898 (2014)",parsed,,1,,v1,2026-05-04T04:00:16Z
136,87f60a2cd2c7bf86f41e3886dfdfe511dc409f995b29f75870cc0bdd89486578,110330,opus-4.7,"Dawson Chemical Co. v. Rohm & Haas Co., 448 U.S. 176 (1980)",parsed,,1,,v1,2026-05-04T04:00:16Z
137,000568bbc077d1e3f6aba5730a5c1c398d63825eb3a1f42b92a3941c5146538f,2184017,opus-4.7,"Mayo v. Board of Education of Prince George's County, 797 F. Supp. 2d 685 (D. Md. 2011)",parsed,,1,,v1,2026-05-04T04:00:16Z
138,601d5db4ac77514d131ba8889e10bd309e23fbde1fbb3efdc29626c0b9c4c450,,opus-4.7,UNKNOWN,unknown,,0,,v1,2026-05-04T04:00:16Z
139,aeb1b6a9febd1224637dd02896db5ec5e2a668eee259f2d613d44b8dafeaad8b,8651126,opus-4.7,"Evans v. Jordan, 8 F. Cas. 872 (C.C.D. Va. 1813)",parsed,,1,,v1,2026-05-04T04:00:16Z
140,4b169832650f03aeb92a6b4c4df23e0076b464ffd116d1a3c63cde2016fa735d,600303,opus-4.7,"Doe v. Allied-Signal, Inc., 985 F.2d 908 (7th Cir. 1993)",parsed,,1,,v1,2026-05-04T04:00:16Z
141,2c14da4c5beb94e76807444b20ea37087233f0d96423ed4bcca634603cac7fb2,,opus-4.7,UNKNOWN,unknown,,0,,v1,2026-05-04T04:00:16Z
142,5be0f71658a863776c09a9352ab65f3faa0712efd44ffe5e0bf50eb7e5aca28c,616754,opus-4.7,"Robert Bosch LLC v. Pylon Manufacturing Corp., 659 F.3d 1142 (Fed. Cir. 2011)",parsed,,1,,v1,2026-05-04T04:00:16Z
143,e56c8d2d47d6385240bc80db96eea7c3d2206489f9f95472a0cc15a8a1feef94,2620702,opus-4.7,"Atwater v. City of Lago Vista, 532 U.S. 318 (2001)",parsed,,1,,v1,2026-05-04T04:00:16Z
144,641c893ecc19d1b7c9e5836010badbffe00fa7aeba3d087cc572361e716aaa9b,34822,opus-4.7,"United States v. Estate of Parsons, 367 F.3d 409 (5th Cir. 2004)",parsed,,0,,v1,2026-05-04T04:00:16Z
145,1ec3a31457dd371ea7a189b80b2ccb939a5ae0581ba831e8f8b8c54336ea9788,,opus-4.7,UNKNOWN,unknown,,0,,v1,2026-05-04T04:00:16Z
146,ac9469eaa09071ce1369c876477189c441b8398893efca62d9c5d36a66846e35,,opus-4.7,UNKNOWN,unknown,,0,,v1,2026-05-04T04:00:16Z
147,f8c71c283aaf3e68f6b38f9796bab41c58669ae69e1d0c7f002f2885e32d61a2,,opus-4.7,UNKNOWN,unknown,,0,,v1,2026-05-04T04:00:16Z
148,900131fb078ec33eb28a8c3c1e6733be1374ba37c0c49702026dbd7a070d012f,1599718,opus-4.7,"Jesse v. Danforth, 485 N.W.2d 63 (Wis. 1992)

Wait â€” that's a state case. Let me reconsider for a federal case.

UNKNOWN",parsed,,1,,v1,2026-05-04T04:00:16Z
149,9194dd244d911a173ca5f3f3007cc599742802d9a46286539f98fa50ce114d62,110715,opus-4.7,"Insurance Corp. of Ireland v. Compagnie des Bauxites de Guinee, 456 U.S. 694 (1982)",parsed,,1,,v1,2026-05-04T04:00:16Z
150,e21ce2f2a7095a6be208a975397fe5963e1025a2f0812f8111f3102a463db027,107200,opus-4.7,"United Mine Workers v. Gibbs, 383 U.S. 715 (1966)",parsed,,1,,v1,2026-05-04T04:00:16Z
151,940d760edbb5ff5fe18a230aad87c57034d95558caebaf214035abf01cfc86c0,,opus-4.7,UNKNOWN,unknown,,0,,v1,2026-05-04T04:00:16Z
152,353ddbd10ff4829684f160d2896cd251fb6f80bbd4eb6a92d2158592c73eb5d6,2620702,opus-4.7,"Atwater v. City of Lago Vista, 532 U.S. 318 (2001)",parsed,,1,,v1,2026-05-04T04:00:16Z
153,e411eb2fa437af22c49cfdc878b51565d40b87d9c8025f0ba44df6c96a0fd4b0,145922,opus-4.7,"Herring v. United States, 555 U.S. 135 (2009)",parsed,,1,,v1,2026-05-04T04:00:16Z
154,b3bc7cdf667d0868bb79bb02293c74307785e14a9cbbd4e9cf9b01a3eca47a12,,opus-4.7,UNKNOWN,unknown,,0,,v1,2026-05-04T04:00:16Z
155,f1a0639fc050d29a84185593300100b30aae65cd16a150609e7f71d912b12c77,,opus-4.7,UNKNOWN,unknown,,0,,v1,2026-05-04T04:00:16Z
156,acf2d050be85e30c8a265b6ac46a6bf8a9f3253f3aca13798721518f2455ef9e,,opus-4.7,UNKNOWN,unknown,,0,,v1,2026-05-04T04:00:16Z
157,592ca7fac83e697f27332b66bfcbc642896276b170d0ecf55faeebc01dd7702b,,opus-4.7,UNKNOWN,unknown,,0,,v1,2026-05-04T04:00:16Z
158,298a16b6a93d917dc43063d73f2794fa551983d7d46e2ef822abf94b19bca679,118074,opus-4.7,"Old Chief v. United States, 519 U.S. 172 (1997)",parsed,,1,,v1,2026-05-04T04:00:16Z
159,f961ab2b1cc8dde0b17607945d1fe5001afcabd17b2778a66319c79bd4bc3c8d,,opus-4.7,UNKNOWN,unknown,,0,,v1,2026-05-04T04:00:16Z
160,b39aa6b4d7fc3d4ff232df540df322444a3cb39f1251d34723f6706a12615672,,opus-4.7,UNKNOWN,unknown,,0,,v1,2026-05-04T04:00:16Z
161,8de4872a33c8753979008a26ea24b89460b517016cce1efa210330d4953529b9,,opus-4.7,UNKNOWN,unknown,,0,,v1,2026-05-04T04:00:16Z
162,fea6a051c4c7878aff74ef45b31295ef549453b700b729a34574a80eb598280e,10600092,opus-4.7,"Smith v. Spizzirri, 601 U.S. 472 (2024)",parsed,,1,,v1,2026-05-04T04:00:16Z
163,07db92df19e9d3e32e8c915f72455ba99e244692a23b05681c73f5cfcfc93f1e,,opus-4.7,UNKNOWN,unknown,,0,,v1,2026-05-04T04:00:16Z
164,0f80531300bb53d210bd372d4d70ab848d63d1caf6edd4f52ad8fa2a6adbc7d4,2824561,opus-4.7,"Belanus v. Clark, 796 F.3d 1021 (9th Cir. 2015)",parsed,,1,,v1,2026-05-04T04:00:16Z
165,f2094939afa4e597c43994356c85e6d68777cbdb0ee300bcca73f42cf3fe0115,,opus-4.7,UNKNOWN,unknown,,0,,v1,2026-05-04T04:00:16Z
166,8c9017fa14616cccf85149b3a1e55ebec0215546fc62a504a81e98b627bcbee2,7905963,opus-4.7,"Ailor v. City of Maynardville, 368 F.3d 587 (6th Cir. 2004)",parsed,,0,,v1,2026-05-04T04:00:16Z
167,ab1c62bbd040495d3a5d02f28c28b97aa3d6a452cd6f9f9bbbf6ccc0f0e1e1ec,145928,opus-4.7,"Winter v. Natural Resources Defense Council, Inc., 555 U.S. 7 (2008)",parsed,,1,,v1,2026-05-04T04:00:16Z
168,93cc446d86727e4d3cddb425f36a6bfcec24950e8eff4308ce71649528edefaa,796370,opus-4.7,"United States v. Anderson, 605 F.3d 404 (6th Cir. 2010)",parsed,,1,,v1,2026-05-04T04:00:16Z
169,f442bc5d1b0fd755b5e77fd5a510ed612132c6ba7307bebd54678c11e54012fb,2299064,opus-4.7,"Cantu v. Resolution Trust Corp., 4 Cal. App. 4th 857 (Cal. Ct. App. 1992)

UNKNOWN",parsed,,1,,v1,2026-05-04T04:00:16Z
170,9619a474e9102248315423cd47457905775d02ff7abf55e4bc15666ab5992ce2,613266,opus-4.7,UNKNOWN,parsed,,1,,v1,2026-05-04T04:00:16Z
171,bd63056ef2111c1f24dcfcd70335495cebf8f1ef03777545d11efffb3a15109f,2547294,opus-4.7,"Fox v. Ethicon Endo-Surgery, Inc., 35 Cal. 4th 797 (Cal. 2005)

UNKNOWN",parsed,,1,,v1,2026-05-04T04:00:16Z
172,59e56aa9f94bca8b75a59c1099066e7620a6a89d17b017988074ed7831ced450,8440877,opus-4.7,"Alliance for the Wild Rockies v. Cottrell, 632 F.3d 1127 (9th Cir. 2011)",parsed,,1,,v1,2026-05-04T04:00:16Z
173,6c6a80a88733bd889b1a353f2bdc3e1099c70d9be6f54d6f0a6631f54858ec54,,opus-4.7,UNKNOWN,unknown,,0,,v1,2026-05-04T04:00:16Z
174,44b931260e3b08348e9f2f15264f4a827dec1502509454c6956b3c28136b923f,7079981,opus-4.7,"Lopez v. Smith, 203 F.3d 1122 (9th Cir. 2000)",parsed,,1,,v1,2026-05-04T04:00:16Z
175,7f1065af101e5fe2ce3a9ad4d59b6aea5c97334359bb932ef7f9d5f6271c0da6,7856003,opus-4.7,"Planet Aid, Inc. v. Reveal, 44 F.4th 918 (9th Cir. 2022)",parsed,,0,,v1,2026-05-04T04:00:16Z
176,636da398d991ffc8bd8b85ffb7a80520e89acc2d3f4bba823e2c992a93437250,145875,opus-4.7,"Ashcroft v. Iqbal, 556 U.S. 662 (2009)",parsed,,1,,v1,2026-05-04T04:00:16Z
177,f717d55b43fd9efb89e26b147f4d3a5815177897eba98cf62cf4cbc505f8465a,222714,opus-4.7,"Mavrix Photo, Inc. v. Brand Techs., Inc., 647 F.3d 1218 (9th Cir. 2011)",parsed,,1,,v1,2026-05-04T04:00:16Z
178,0bd80e3415576ca9bfd0c213c76f0dbeae8509ec873e7819f60d8fb11c90db80,3048603,opus-4.7,UNKNOWN,parsed,,1,,v1,2026-05-04T04:00:16Z
179,137fc0a1fe50082f43efe017967e21f41a576fa3231c28dc88dc702a89467c02,2649076,opus-4.7,"Daimler AG v. Bauman, 571 U.S. 117 (2014)",parsed,,1,,v1,2026-05-04T04:00:16Z
180,251abe14ebdbeda8c55fcbc99fff03c1abb80d4a0191b9e2127b34e756d12a62,8921487,opus-4.7,"St. Louis Baptist Temple, Inc. v. FDIC, 605 F.2d 1169 (10th Cir. 1979)",parsed,,1,,v1,2026-05-04T04:00:16Z
181,8ff3cf63e235573f017de708756c234894385f5bf0d3535663d1d10c97576aad,10600098,opus-4.7,"Muldrow v. City of St. Louis, 601 U.S. 346 (2024)",parsed,,1,,v1,2026-05-04T04:00:16Z
182,8f7a73a01a54e0d9480c7b87e8e772b3037da6b6ee821d2bf5728fedab357484,216171,opus-4.7,"Kuebel v. Black & Decker Inc., 643 F.3d 352 (2d Cir. 2011)",parsed,,1,,v1,2026-05-04T04:00:16Z
183,4f9d3d44e7c20ccbe3c4bc56efa3befd50a131a02d9658956bf54e648f21795a,7035537,opus-4.7,"Mays v. Chater, 78 F.3d 1059 (5th Cir. 1996)",parsed,,0,,v1,2026-05-04T04:00:16Z
184,d4c6e721bc367bc485b5035ec473117f42678c9f09d10875e51983a864652467,507228,opus-4.7,"Dawkins v. Bowen, 848 F.2d 1211 (11th Cir. 1988)",parsed,,1,,v1,2026-05-04T04:00:16Z
185,610c8ff79d1e16d6b40ad5a8fd266aae9251a5d4682eeef6b1c0c772b5271179,104275,opus-4.7,"Heiser v. Woodruff, 327 U.S. 726 (1946)",parsed,,1,,v1,2026-05-04T04:00:16Z
186,05af6da42bff345cea2e0ee5f413225a4d76a7590cb33f9c7bc92e5ec0145a08,,opus-4.7,UNKNOWN,unknown,,0,,v1,2026-05-04T04:00:16Z
187,edd293d20fba174257f5256eef72a4014fbcdbdbb4a8f5ed8d2d75f2e3f8b93f,8952025,opus-4.7,"Low v. United States, 795 F.2d 466 (5th Cir. 1986)",parsed,,1,,v1,2026-05-04T04:00:16Z
188,1f46927ff421989c0731f25b873fb0f83c703fad97dfdc76b14f52185fe1b224,1087669,opus-4.7,"Sims v. Apfel, 530 U.S. 103 (2000)",parsed,,1,,v1,2026-05-04T04:00:16Z
189,08877b87ef0c6b7c1bae6bb4700118f786d5868a97d701bdd0a09d410c020f89,486569,opus-4.7,"Brown v. Ahern, 676 F.3d 899 (9th Cir. 2012)",parsed,,1,,v1,2026-05-04T04:00:16Z
190,10bf48e8c4be16be8ae0bc2f9c0ccbfa08b2f6eb1bda54bf49ea64c95d5f2fdf,8983223,opus-4.7,"Rosa R. v. Connelly, 889 F.2d 435 (2d Cir. 1989)

Wait, let me reconsider.

Hander v. San Jacinto Junior College, 519 F.2d 273 (5th Cir. 1975)

Wait, the specific quote about Texas independent school districts is from:

San Antonio Independent School District v. McKinney, 936 S.W.2d 279 (Tex. 1996)

UNKNOWN",parsed,,1,,v1,2026-05-04T04:00:16Z
191,d44ff47555864048a997fcce86cc23f2b4d76e966d9165f12a18b16c19a2f314,112209,opus-4.7,"City of Canton v. Harris, 489 U.S. 378 (1989)",parsed,,1,,v1,2026-05-04T04:00:16Z
192,89b6b55046d7f142e3b8f1761c11beb75a893278d6bce1a7a518f09c99286f22,,opus-4.7,UNKNOWN,unknown,,0,,v1,2026-05-04T04:00:16Z
193,102ea8dd8dab275da19d5c94b68ead58edbb474095990bbd6ee42c594f26ddfb,7350293,opus-4.7,"Gonzalez v. Thaler, 565 U.S. 134 (2012)",parsed,,1,,v1,2026-05-04T04:00:16Z
194,feb36569b9ad483ab129c0dc0f7d6003dbe324d21320bab1c6fec4c4030fbf71,8914911,opus-4.7,"Geddes v. United Financial Group, 559 F.2d 557 (9th Cir. 1977)",parsed,,1,,v1,2026-05-04T04:00:16Z
195,bd0f5114755ce53163ac88f1ed18a7fe9eaee04f2938c23a96e60e661ac6fbfd,4471245,opus-4.7,"Jennings v. Rodriguez, 583 U.S. 281 (2018)",parsed,,1,,v1,2026-05-04T04:00:16Z
196,d22fb40ba7c700594644889246b3d973df7399dc16a08342874eb25fc4ef298f,21147,opus-4.7,"Maleng v. Cook, 490 U.S. 488 (1989)",parsed,,1,,v1,2026-05-04T04:00:16Z
197,3518777e2d82498a0edaa086c661fff3360843a151dc947c43e32c676526cc6d,109296,opus-4.7,"Hicks v. Miranda, 422 U.S. 332 (1975)",parsed,,1,,v1,2026-05-04T04:00:16Z
198,0f97470370d9854804525561c8e410b733d3712ba1d50e4641b4c4e6d2b7b695,30544,opus-4.7,"Frank v. Barnhart, 326 F.3d 618 (5th Cir. 2003)",parsed,,1,,v1,2026-05-04T04:00:16Z
199,43e68b88109d0043b577a46ec4fe27d6a1d8e6dfe135a707836b64fce4e4028c,2378813,opus-4.7,"Brennan v. Astrue, 501 F. Supp. 2d 1303 (D. Kan. 2007)",parsed,,1,,v1,2026-05-04T04:00:16Z
200,91b1a789c9fc6b9f01fc58d56a973c6d057458fdf64238b7529e68b53c615c76,1169781,opus-4.7,UNKNOWN,parsed,,1,,v1,2026-05-04T04:00:16Z
201,13e05b1e340f45de260289af880fe78649d16b6512a6bf202385b3ba98627196,112254,opus-4.7,"Neitzke v. Williams, 490 U.S. 319 (1989)",parsed,,1,,v1,2026-05-04T04:00:16Z
202,9749542a5facc9fae335aa821c374245935cd15ff056452a61f0c576fd4f023e,106383,opus-4.7,"Coppedge v. United States, 369 U.S. 438 (1962)",parsed,,1,,v1,2026-05-04T04:00:16Z
203,8be907e6e9ed8f478526ef002aade30c071a723836ca4309dd2fb20f0a7594d5,,opus-4.7,"Norwood v. Ghosh, 723 F. App'x 357 (7th Cir. 2018)",parsed,,0,,v1,2026-05-04T04:00:16Z
204,b585892f17c749f0fc02990fe6ee013b35de245f9ec681aed071b53932eb202f,,opus-4.7,"Bartlett v. Honeywell International Inc., 737 F. App'x 543 (2d Cir. 2018)",parsed,,0,,v1,2026-05-04T04:00:16Z
205,24c3a01b0de725f17de352304ebbae61f6d9fd1dd0a4ebd3654e4bb52e557af8,3042719,opus-4.7,"Meuir v. Greene County Jail Employees, 487 F.3d 1115 (8th Cir. 2007)",parsed,,1,,v1,2026-05-04T04:00:16Z
206,1b4c45e3cad5e8dcb645e17294bc7c253d9b061ebe18b9e0c7096fc375b9d0c6,2672535,opus-4.7,"Anderson v. Liberty Lobby, Inc., 477 U.S. 242 (1986)",parsed,,1,,v1,2026-05-04T04:00:16Z
207,d8014ae28a792a98f09a98dc872a54a663060c00b2cb5777b718e27f8d6aceba,,opus-4.7,UNKNOWN,unknown,,0,,v1,2026-05-04T04:00:16Z
208,323a6a1c1bf71ec9a310186d4ec035ff8492188a5eec846d84692a5980f9fb72,,opus-4.7,"Sensabaugh v. Halliburton, 937 F.2d 301 (6th Cir. 1991)",parsed,,0,,v1,2026-05-04T04:00:16Z
209,a5735298cf9d8d12d0b56feeb9c057537ad736f94b9518f7afa4a6aff6b86e89,145738,opus-4.7,"Scott v. Harris, 550 U.S. 372 (2007)",parsed,,1,,v1,2026-05-04T04:00:16Z
210,7bc64b37a4bf9da5962f2ef06f73b0e251231b077c904f6cbb3f0851ab87d92e,111630,opus-4.7,"City of Los Angeles v. Heller, 475 U.S. 796 (1986)",parsed,,1,,v1,2026-05-04T04:00:16Z
211,3a2083d9ee96ffb06d9d917e0ccbf154b8ba1752814ff75106650432d348dca6,533055,opus-4.7,"Sanchez v. Vild, 891 F.2d 240 (9th Cir. 1989)",parsed,,1,,v1,2026-05-04T04:00:16Z
212,c2b94fd6a4854296022772550c2ec9b7d775c38c62fb5af32a18a749bc521593,2467342,opus-4.7,"Flannery v. Allstate Ins. Co., 49 F. Supp. 2d 1223 (D. Colo. 1999)",parsed,,1,,v1,2026-05-04T04:00:16Z
213,84ed0ad2f123107cee0c8575f4b2bd596c602e2918a70ab064055373f0d8d852,2092445,opus-4.7,"Outboard Marine Corp. v. Liberty Mutual Insurance Co., 607 N.E.2d 1204 (Ill. 1992)",parsed,,1,,v1,2026-05-04T04:00:16Z
214,76ebe38e49ce9390678bbb9ff815dddcd2e2b7aa9b985a24e49ab942b429e43d,490942,opus-4.7,"Campbell v. Bowen, 822 F.2d 1518 (10th Cir. 1987)",parsed,,1,,v1,2026-05-04T04:00:16Z
215,518ac1761f1b52b400dc16b8dae2bc8ee35fc3aa67213c3fbcb2c62777c6cd32,7029523,opus-4.7,"Wright v. Associated Insurance Companies Inc., 29 F.3d 1244 (7th Cir. 1994)",parsed,,1,,v1,2026-05-04T04:00:16Z
216,e5953e528e8b0faaeb58ab359ff679a5996882fafd868b50b64fce68141ea125,,opus-4.7,"Trichell v. Midland Credit Management, Inc., 964 F.3d 990 (11th Cir. 2020)",parsed,,0,,v1,2026-05-04T04:00:16Z
217,ced06db14eacc3825e651bc8b47b771ea927f9c970d44c3b7b7b81902687904e,8439395,opus-4.7,UNKNOWN,unknown,,0,,v1,2026-05-04T04:00:16Z
218,9dd70ea860a729b4fc83dc0fa7ed12223621fced08f764c1a5ee9cfffe776b2d,1445055,opus-4.7,"Sain v. Wood, 512 F.3d 886 (7th Cir. 2008)",parsed,,1,,v1,2026-05-04T04:00:16Z
219,3efeeb607ae1f07df19b4a587f84931d4909256774b51a6b33c2aa17a44d44a0,722475,opus-4.7,"Jackson v. McIntosh, 90 F.3d 330 (9th Cir. 1996)",parsed,,1,,v1,2026-05-04T04:00:16Z
220,c84a3993372d9633f16d51ccce2077db63ef8a4f899f8f98d7d580b20ee2d55e,108279,opus-4.7,"Zenith Radio Corp. v. Hazeltine Research, Inc., 401 U.S. 321 (1971)",parsed,,1,,v1,2026-05-04T04:00:16Z
221,ff446043934e506cdb8f4c0daa0641dac8c5b60e5736d197b7d4fda6a75fcf15,786891,opus-4.7,"Eternity Global Master Fund Ltd. v. Morgan Guaranty Trust Co. of N.Y., 375 F.3d 168 (2d Cir. 2004)",parsed,,1,,v1,2026-05-04T04:00:16Z
222,30d3bae2ec3983bd1cf549f9bd38d405b2c723360f4866e1c5f6350e8bea28f4,781230,opus-4.7,"Golembiewski v. Barnhart, 322 F.3d 912 (7th Cir. 2003)",parsed,,1,,v1,2026-05-04T04:00:16Z
223,3fa794ac6b825307292d9308dfae9aaf9068175a027d9619dcdd9c7c441da4c2,112747,opus-4.7,"Lujan v. Defenders of Wildlife, 504 U.S. 555 (1992)",parsed,,1,,v1,2026-05-04T04:00:16Z
224,8f1b961a35509bcbae7b729a9b792ec1bb5d3faac2ca538b48c81f44b33c3a44,583649,opus-4.7,"Mitchell v. Toledo Hospital, 964 F.2d 577 (6th Cir. 1992)",parsed,,1,,v1,2026-05-04T04:00:16Z
225,2d2035045fdb1cf8acc053d433ff39ddf99cd579a93d0cfe8d1e8795a7a78a68,205112,opus-4.7,"Loudermilk v. Best Pallet Co., 636 F.3d 312 (7th Cir. 2011)",parsed,,1,,v1,2026-05-04T04:00:16Z
226,800b2f76f1792bcb104ffb57488c9c50bdc72f9fe1e5067fbb25a2851276a7a8,223278,opus-4.7,UNKNOWN,parsed,,1,,v1,2026-05-04T04:00:16Z
227,17d235a3d9d2f6d2b7024b00d158de380ff66ee225acb5acd5caf13138c7b479,6579780,opus-4.7,"Milliken & Co. v. Duro Textiles, LLC, 451 Mass. 547 (Mass. 2008)

UNKNOWN",parsed,,1,,v1,2026-05-04T04:00:16Z
228,b46c356ab2fc86be4be270ca33bb28dd9fd5e4756e37ee924617bec9daf154da,9009812,opus-4.7,"Northington v. Jackson, 973 F.2d 1518 (10th Cir. 1992)",parsed,,1,,v1,2026-05-04T04:00:16Z
229,eac5c6e65a653d946aeba84b6525b5fe0c8efd042269115ff29f802321af12f4,1211013,opus-4.7,"Lead v. Tygart, 565 F.3d 1110 (8th Cir. 2009)",parsed,,0,,v1,2026-05-04T04:00:16Z
230,c616e28046a98ae4a100300ad7fe3f5ee815319a720877c9dfb95f148098ebd1,2417017,opus-4.7,"Carney v. Experian Info. Solutions, Inc., 57 F. Supp. 2d 496 (W.D. Tenn. 1999)",parsed,,1,,v1,2026-05-04T04:00:16Z
231,e36d4120a8e73186c39bb6fe24084fb6ea3f223035e91b91568340c7a77bf01f,766768,opus-4.7,"Massey v. Helman, 196 F.3d 727 (7th Cir. 1999)",parsed,,1,,v1,2026-05-04T04:00:16Z
232,23ce9b8f5ebc1bd72295d24183d109bb1b29794f9e11b271a5c1b64f3e15cc6b,108566,opus-4.7,UNKNOWN,parsed,,1,,v1,2026-05-04T04:00:16Z
233,fe244b872e50620eb1522405996b511fffaf78da3882d8b214e713271132a15b,109761,opus-4.7,"Browder v. Director, Dept. of Corrections of Illinois, 434 U.S. 257 (1978)",parsed,,1,,v1,2026-05-04T04:00:16Z
234,8da5a869cda0071cb440668b4305e24296cd2eea7280d0e3da74606fc7b8c43a,8438243,opus-4.7,"Educadores PuertorriqueÃ±os en AcciÃ³n v. HernÃ¡ndez, 367 F.3d 61 (1st Cir. 2004)",parsed,,0,,v1,2026-05-04T04:00:16Z
235,48bbe437e1d56638c3aeecd121380ef61d7f7893aa15527601209119ebf95d84,8991737,opus-4.7,"Law Offices of David Efron v. Matthews & Fullmer Law Firm, 782 F.3d 46 (1st Cir. 2015)",parsed,,1,,v1,2026-05-04T04:00:16Z
236,dc40866e30e65551fd6b39c2a61c339819985947377585ae45fa7a9cb0c41aaa,7034267,opus-4.7,"Schwarzschild v. Tse, 69 F.3d 293 (9th Cir. 1995)",parsed,,1,,v1,2026-05-04T04:00:16Z
237,aea14c8a89731c62e709e885ac13cfe277c423dc33e608c20794c08ae2eb2c4f,,opus-4.7,"Wornicki v. Brokerage Concepts, Inc., 2013 WL 3335255 (D. Colo. 2013)",parsed,,0,,v1,2026-05-04T04:00:16Z
238,577e8226c535393bc0e734484b2f923a848efa80ae58dc83cac8ff5fe22db433,932061,opus-4.7,"Hollingsworth v. Perry, 570 U.S. 693 (2013)",parsed,,1,,v1,2026-05-04T04:00:16Z
239,3fc543b68cf25b96c67cd89877cebf9c7c97c7d60290b73d7072f6eb973d2d79,7056623,opus-4.7,"Neal v. Shimoda, 131 F.3d 818 (9th Cir. 1997)",parsed,,1,,v1,2026-05-04T04:00:16Z
240,b3a2bd4220241e3d977fa25a53d8c7b6c33222c863439c27224346cb7be433ce,,opus-4.7,UNKNOWN,unknown,,0,,v1,2026-05-04T04:00:16Z
241,e5bb5f3d3df32181b169ed7553e2f1212cbaf73f46894844798dcb2e6a57c818,,opus-4.7,UNKNOWN,unknown,,0,,v1,2026-05-04T04:00:16Z
242,7bb6d9d745602fd6ecaa7ea9c3705014113290ce9d7b5c2456884a30270698dc,186223,opus-4.7,"In re American Rivers & Idaho Rivers United, 372 F.3d 413 (D.C. Cir. 2004)",parsed,,1,,v1,2026-05-04T04:00:16Z
243,ea52132132ea6c11eedba48733a7cc398233cb1db385c9196a4ebc6567430384,624826,opus-4.7,"Wigod v. Wells Fargo Bank, N.A., 673 F.3d 547 (7th Cir. 2012)",parsed,,1,,v1,2026-05-04T04:00:16Z
244,6a9567ea88065279f679e8123e3215438bb5eb8308046f4ce21ecfdf5853e99b,,opus-4.7,UNKNOWN,unknown,,0,,v1,2026-05-04T04:00:16Z
245,d3faf5940ada2a6d348f79889a3ed4926cf4f172b7b1347e9b72aeeccb6dc219,,opus-4.7,UNKNOWN,unknown,,0,,v1,2026-05-04T04:00:16Z
246,91650d481b601a502f240c3dad259b10c739627bf9c5b317f415b0a6180597ea,6579000,opus-4.7,UNKNOWN,parsed,,1,,v1,2026-05-04T04:00:16Z
247,14277048ff65f4d88dee311ecbb4ee58fd7270f09535fcc8a62960bc62056583,8440856,opus-4.7,"Carvalho v. Equifax Information Services, LLC, 629 F.3d 876 (9th Cir. 2010)",parsed,,1,,v1,2026-05-04T04:00:16Z
248,98005864db8e7d2c56b18428bbca54a555e3a603648a1fbfb498972528cb9c48,,opus-4.7,UNKNOWN,unknown,,0,,v1,2026-05-04T04:00:16Z
249,82038fdfe794c482e6c59c2a56b4ad3da8051029edc4608f1d539fe3aa4f3701,,opus-4.7,UNKNOWN,unknown,,0,,v1,2026-05-04T04:00:16Z
250,a5abcd3928fb172ffea3248b2aca84c424ce9a6e147237db6f8cde1aab148852,622598,opus-4.7,"Schatz v. Republican State Leadership Committee, 669 F.3d 50 (1st Cir. 2012)",parsed,,1,,v1,2026-05-04T04:00:16Z
251,4652e789013f3fe8bee1edef15d191cf64d02368b6e40650d591658d5792540e,2030452,opus-4.7,"Madan v. Royal Indemnity Co., 26 Mass. App. Ct. 756 (1989)",parsed,,1,,v1,2026-05-04T04:00:16Z
252,8d785772866c7f694930d78a3f881ab73576909c431e065694888c13b861d4a3,,opus-4.7,UNKNOWN,unknown,,0,,v1,2026-05-04T04:00:16Z
253,3425b2ef4e86bc0eee92e86e16e703edd09eedf89cf60df635365f4dbbe99ad2,2118918,opus-4.7,"Nymark v. Heart Fed. Savings & Loan Ass'n, 231 Cal. App. 3d 1089 (Cal. Ct. App. 1991)",parsed,,1,,v1,2026-05-04T04:00:16Z
254,6125df429db7ab3b462d329f98b9a8cefe4bdff55b2b7ce78ea661475b49bdf6,8991737,opus-4.7,"Kowalski v. Gagne, 914 F.2d 299, 305 (1st Cir. 1990)",parsed,,1,,v1,2026-05-04T04:00:16Z
255,dc28c311fcf8a4da61515f479f9bcecd6458926319a30f9a9644c78d4373c9af,181397,gpt-5,"Daniels-Hall v. National Education Association, 629 F.3d 992 (9th Cir. 2010)",parsed,,1,,v1,2026-05-04T04:00:16Z
256,aef98c458b963b2bfe4a515d5d7eaa9c33ec8e9fda2bbb4e068f69d7bc7e429e,77692,gpt-5,"United States v. Edouard, 485 F.3d 1324 (11th Cir. 2007)",parsed,,1,,v1,2026-05-04T04:00:16Z
257,09f5f700949bcb2e4508f90cfa7066c2e55055d400f5488aae6abc191c8814be,1366039,gpt-5,"Weinstein v. Islamic Republic of Iran, 609 F.3d 43 (2d Cir. 2010)",parsed,,1,,v1,2026-05-04T04:00:16Z
258,00f9b8a70f7b50763b4d4ff949777aaffd452b7db8939e8b60ffea8a440437ae,109463,gpt-5,"Mathews v. Diaz, 426 U.S. 67 (U.S. 1976)",parsed,,1,,v1,2026-05-04T04:00:16Z
259,4b169832650f03aeb92a6b4c4df23e0076b464ffd116d1a3c63cde2016fa735d,26478,gpt-5,"Manguno v. Prudential Property & Casualty Insurance Co., 276 F.3d 720 (5th Cir. 2002)",parsed,,1,,v1,2026-05-04T04:00:16Z
260,e56c8d2d47d6385240bc80db96eea7c3d2206489f9f95472a0cc15a8a1feef94,145814,gpt-5,"Virginia v. Moore, 553 U.S. 164 (U.S. 2008)",parsed,,1,,v1,2026-05-04T04:00:16Z
261,9194dd244d911a173ca5f3f3007cc599742802d9a46286539f98fa50ce114d62,110715,gpt-5,"Insurance Corp. of Ireland, Ltd. v. Compagnie des Bauxites de Guinee, 456 U.S. 694 (U.S. 1982)",parsed,,1,,v1,2026-05-04T04:00:16Z
262,e411eb2fa437af22c49cfdc878b51565d40b87d9c8025f0ba44df6c96a0fd4b0,145922,gpt-5,"Herring v. United States, 555 U.S. 135 (U.S. 2009)",parsed,,1,,v1,2026-05-04T04:00:16Z
263,b39aa6b4d7fc3d4ff232df540df322444a3cb39f1251d34723f6706a12615672,,gpt-5,UNKNOWN,unknown,,0,,v1,2026-05-04T04:00:16Z
264,fea6a051c4c7878aff74ef45b31295ef549453b700b729a34574a80eb598280e,786329,gpt-5,"Lloyd v. HOVENSA, LLC, 369 F.3d 263 (3d Cir. 2004)",parsed,,1,,v1,2026-05-04T04:00:16Z
265,8c9017fa14616cccf85149b3a1e55ebec0215546fc62a504a81e98b627bcbee2,7905963,gpt-5,"City of Chicago v. Environmental Defense Fund, 511 U.S. 328 (U.S. 1994)",parsed,,0,,v1,2026-05-04T04:00:16Z
266,ab1c62bbd040495d3a5d02f28c28b97aa3d6a452cd6f9f9bbbf6ccc0f0e1e1ec,145928,gpt-5,"Winter v. Natural Resources Defense Council, Inc., 555 U.S. 7 (U.S. 2008)",parsed,,1,,v1,2026-05-04T04:00:16Z
267,93cc446d86727e4d3cddb425f36a6bfcec24950e8eff4308ce71649528edefaa,540110,gpt-5,"Padgett v. Wright, 587 F.3d 983 (9th Cir. 2009)",parsed,,1,,v1,2026-05-04T04:00:16Z
268,0f80531300bb53d210bd372d4d70ab848d63d1caf6edd4f52ad8fa2a6adbc7d4,7077376,gpt-5,"TwoRivers v. Lewis, 174 F.3d 987 (9th Cir. 1999)",parsed,,1,,v1,2026-05-04T04:00:16Z
269,59e56aa9f94bca8b75a59c1099066e7620a6a89d17b017988074ed7831ced450,8440877,gpt-5,"Alliance for the Wild Rockies v. Cottrell, 632 F.3d 1127 (9th Cir. 2011)",parsed,,1,,v1,2026-05-04T04:00:16Z
270,44b931260e3b08348e9f2f15264f4a827dec1502509454c6956b3c28136b923f,7079981,gpt-5,"Lopez v. Smith, 203 F.3d 1122 (9th Cir. 2000)",parsed,,1,,v1,2026-05-04T04:00:16Z
271,636da398d991ffc8bd8b85ffb7a80520e89acc2d3f4bba823e2c992a93437250,145875,gpt-5,"Ashcroft v. Iqbal, 556 U.S. 662 (U.S. 2009)",parsed,,1,,v1,2026-05-04T04:00:16Z
272,f717d55b43fd9efb89e26b147f4d3a5815177897eba98cf62cf4cbc505f8465a,8438370,gpt-5,"Schwarzenegger v. Fred Martin Motor Co., 374 F.3d 797 (9th Cir. 2004)",parsed,,1,,v1,2026-05-04T04:00:16Z
273,bd63056ef2111c1f24dcfcd70335495cebf8f1ef03777545d11efffb3a15109f,1356300,gpt-5,"Lukovsky v. City & County of San Francisco, 535 F.3d 1044 (9th Cir. 2008)",parsed,,1,,v1,2026-05-04T04:00:16Z
274,137fc0a1fe50082f43efe017967e21f41a576fa3231c28dc88dc702a89467c02,2649076,gpt-5,"Daimler AG v. Bauman, 571 U.S. 117 (U.S. 2014)",parsed,,1,,v1,2026-05-04T04:00:16Z
275,251abe14ebdbeda8c55fcbc99fff03c1abb80d4a0191b9e2127b34e756d12a62,9009085,gpt-5,"United States ex rel. Robinson Rancheria Citizens Council v. Borneo, Inc., 971 F.2d 244 (9th Cir. 1992)",parsed,,0,,v1,2026-05-04T04:00:16Z
276,c39576376bd499c3aedc48c82ff46036f3ee5ddb31e359fc5e5b7dc7953f3ab0,111863,gpt-5,"Tison v. Arizona, 481 U.S. 137 (U.S. 1987)",parsed,,1,,v1,2026-05-04T04:00:16Z
277,b8a6363c1c067004bf070fe4b819bcfb0f0db0e1414a67aa519241e56ec1e8cf,,gpt-5,UNKNOWN,unknown,,0,,v1,2026-05-04T04:00:16Z
278,9653bbe40e0a8031fb6b667f2d0970cf435a4466fd4ea3dfd1879fbf0c05c2b4,367193,gpt-5,"Poplar Grove Planting & Refining Co. v. Bache Halsey Stuart, Inc., 600 F.2d 1189 (5th Cir. 1979)",parsed,,1,,v1,2026-05-04T04:00:16Z
279,0fe77db256520d14bd1b90fd69f66c9c49271224900c7d47cffbd4b793119e2b,2731747,gpt-5,"Interval Licensing LLC v. AOL, Inc., 766 F.3d 1364 (Fed. Cir. 2014)",parsed,,1,,v1,2026-05-04T04:00:16Z
280,87f60a2cd2c7bf86f41e3886dfdfe511dc409f995b29f75870cc0bdd89486578,7032793,gpt-5,"Rite-Hite Corp. v. Kelley Co., 56 F.3d 1538 (Fed. Cir. 1995)",parsed,,1,,v1,2026-05-04T04:00:16Z
281,000568bbc077d1e3f6aba5730a5c1c398d63825eb3a1f42b92a3941c5146538f,503075,gpt-5,"Getty Oil Corp. v. Insurance Co. of North America, 841 F.2d 1254 (5th Cir. 1988)",parsed,,1,,v1,2026-05-04T04:00:16Z
282,601d5db4ac77514d131ba8889e10bd309e23fbde1fbb3efdc29626c0b9c4c450,,gpt-5,UNKNOWN,unknown,,0,,v1,2026-05-04T04:00:16Z
283,aeb1b6a9febd1224637dd02896db5ec5e2a668eee259f2d613d44b8dafeaad8b,85614,gpt-5,"Pennock v. Dialogue, 27 U.S. (2 Pet.) 1 (U.S. 1829)",parsed,,1,,v1,2026-05-04T04:00:16Z
284,2c14da4c5beb94e76807444b20ea37087233f0d96423ed4bcca634603cac7fb2,,gpt-5,UNKNOWN,unknown,,0,,v1,2026-05-04T04:00:16Z
285,5be0f71658a863776c09a9352ab65f3faa0712efd44ffe5e0bf50eb7e5aca28c,620487,gpt-5,"Celsis In Vitro, Inc. v. CellzDirect, Inc., 664 F.3d 922 (Fed. Cir. 2012)",parsed,,1,,v1,2026-05-04T04:00:16Z
286,641c893ecc19d1b7c9e5836010badbffe00fa7aeba3d087cc572361e716aaa9b,8443303,gpt-5,"United States v. Libous, 858 F.3d 64 (2d Cir. 2017)",parsed,,1,,v1,2026-05-04T04:00:16Z
287,1ec3a31457dd371ea7a189b80b2ccb939a5ae0581ba831e8f8b8c54336ea9788,8443303,gpt-5,"United States v. Libous, 858 F.3d 64 (2d Cir. 2017)",parsed,,1,,v1,2026-05-04T04:00:16Z
288,ac9469eaa09071ce1369c876477189c441b8398893efca62d9c5d36a66846e35,472547,gpt-5,"Garris v. Lindsay, 794 F.2d 722 (D.C. Cir. 1986)",parsed,,1,,v1,2026-05-04T04:00:16Z
289,f8c71c283aaf3e68f6b38f9796bab41c58669ae69e1d0c7f002f2885e32d61a2,777678,gpt-5,UNKNOWN,parsed,,1,,v1,2026-05-04T04:00:16Z
290,900131fb078ec33eb28a8c3c1e6733be1374ba37c0c49702026dbd7a070d012f,8955143,gpt-5,"In re Bevill, Bresler & Schulman Asset Management Corp., 805 F.2d 120 (3d Cir. 1986)",parsed,,1,,v1,2026-05-04T04:00:16Z
291,e21ce2f2a7095a6be208a975397fe5963e1025a2f0812f8111f3102a463db027,2314060,gpt-5,"Cedar Swamp Holdings, Inc. v. Zaman, 487 F. Supp. 2d 444 (S.D.N.Y. 2007)",parsed,,1,,v1,2026-05-04T04:00:16Z
292,940d760edbb5ff5fe18a230aad87c57034d95558caebaf214035abf01cfc86c0,,gpt-5,UNKNOWN,unknown,,0,,v1,2026-05-04T04:00:16Z
293,353ddbd10ff4829684f160d2896cd251fb6f80bbd4eb6a92d2158592c73eb5d6,778847,gpt-5,"Knight v. Jacobson, 300 F.3d 1272 (11th Cir. 2002)",parsed,,1,,v1,2026-05-04T04:00:16Z
294,b3bc7cdf667d0868bb79bb02293c74307785e14a9cbbd4e9cf9b01a3eca47a12,215345,gpt-5,"United States v. Curley, 639 F.3d 50 (2d Cir. 2011)",parsed,,1,,v1,2026-05-04T04:00:16Z
295,f1a0639fc050d29a84185593300100b30aae65cd16a150609e7f71d912b12c77,542010,gpt-5,"United States v. Orozco-Santillan, 903 F.2d 1262 (9th Cir. 1990)",parsed,,1,,v1,2026-05-04T04:00:16Z
296,acf2d050be85e30c8a265b6ac46a6bf8a9f3253f3aca13798721518f2455ef9e,807646,gpt-5,"Lacey v. Maricopa County, 693 F.3d 896 (9th Cir. 2012)",parsed,,1,,v1,2026-05-04T04:00:16Z
297,592ca7fac83e697f27332b66bfcbc642896276b170d0ecf55faeebc01dd7702b,1269676,gpt-5,"United States ex rel. Mergent Services v. Flaherty, 540 F.3d 89 (2d Cir. 2008)",parsed,,1,,v1,2026-05-04T04:00:16Z
298,298a16b6a93d917dc43063d73f2794fa551983d7d46e2ef822abf94b19bca679,550091,gpt-5,"United States v. Roldan-Zapata, 916 F.2d 795 (2d Cir. 1990)",parsed,,1,,v1,2026-05-04T04:00:16Z
299,f961ab2b1cc8dde0b17607945d1fe5001afcabd17b2778a66319c79bd4bc3c8d,,gpt-5,UNKNOWN,unknown,,0,,v1,2026-05-04T04:00:16Z
300,8de4872a33c8753979008a26ea24b89460b517016cce1efa210330d4953529b9,110748,gpt-5,"United States v. Goodwin, 457 U.S. 368 (U.S. 1982)",parsed,,1,,v1,2026-05-04T04:00:16Z
301,07db92df19e9d3e32e8c915f72455ba99e244692a23b05681c73f5cfcfc93f1e,793125,gpt-5,"Energizer Holdings, Inc. v. Int'l Trade Comm'n, 435 F.3d 1366 (Fed. Cir. 2006)",parsed,,1,,v1,2026-05-04T04:00:16Z
302,f2094939afa4e597c43994356c85e6d68777cbdb0ee300bcca73f42cf3fe0115,2719319,gpt-5,"Center for Community Action & Environmental Justice v. BNSF Railway Co., 764 F.3d 1019 (9th Cir. 2014)",parsed,,1,,v1,2026-05-04T04:00:16Z
303,f442bc5d1b0fd755b5e77fd5a510ed612132c6ba7307bebd54678c11e54012fb,7325215,gpt-5,UNKNOWN,parsed,,0,,v1,2026-05-04T04:00:16Z
304,9619a474e9102248315423cd47457905775d02ff7abf55e4bc15666ab5992ce2,515738,gpt-5,"Porat v. Lincoln Towers Community Ass'n, 464 F.3d 274 (2d Cir. 2006)",parsed,,1,,v1,2026-05-04T04:00:16Z
305,6c6a80a88733bd889b1a353f2bdc3e1099c70d9be6f54d6f0a6631f54858ec54,4767761,gpt-5,"Arista Records, LLC v. Doe 3, 604 F.3d 110 (2d Cir. 2010)",parsed,,1,,v1,2026-05-04T04:00:16Z
306,7f1065af101e5fe2ce3a9ad4d59b6aea5c97334359bb932ef7f9d5f6271c0da6,7055858,gpt-5,"Planned Parenthood of Southern Arizona v. Neely, 130 F.3d 400 (9th Cir. 1997)",parsed,,1,,v1,2026-05-04T04:00:16Z
307,0bd80e3415576ca9bfd0c213c76f0dbeae8509ec873e7819f60d8fb11c90db80,3048603,gpt-5,"Car Carriers, Inc. v. Ford Motor Co., 789 F.2d 589 (7th Cir. 1986)",parsed,,1,,v1,2026-05-04T04:00:16Z
308,8ff3cf63e235573f017de708756c234894385f5bf0d3535663d1d10c97576aad,8442389,gpt-5,"Muldrow v. City of St. Louis, 144 S. Ct. 967 (U.S. 2024)",parsed,,1,,v1,2026-05-04T04:00:16Z
309,8f7a73a01a54e0d9480c7b87e8e772b3037da6b6ee821d2bf5728fedab357484,2804683,gpt-5,"Kuebel v. Black & Decker Inc., 643 F.3d 352 (2d Cir. 2011)",parsed,,1,,v1,2026-05-04T04:00:16Z
310,4f9d3d44e7c20ccbe3c4bc56efa3befd50a131a02d9658956bf54e648f21795a,500675,gpt-5,"Mays v. Bowen, 837 F.2d 1362 (5th Cir. 1988)",parsed,,1,,v1,2026-05-04T04:00:16Z
311,d4c6e721bc367bc485b5035ec473117f42678c9f09d10875e51983a864652467,507228,gpt-5,"Dawkins v. Bowen, 848 F.2d 1211 (11th Cir. 1988)",parsed,,1,,v1,2026-05-04T04:00:16Z
312,610c8ff79d1e16d6b40ad5a8fd266aae9251a5d4682eeef6b1c0c772b5271179,104275,gpt-5,"Heiser v. Woodruff, 327 U.S. 726 (U.S. 1946)",parsed,,1,,v1,2026-05-04T04:00:16Z
313,05af6da42bff345cea2e0ee5f413225a4d76a7590cb33f9c7bc92e5ec0145a08,614924,gpt-5,"Hollon ex rel. Hollon v. Commissioner of Social Security, 447 F. App'x 377 (6th Cir. 2011)",parsed,,0,,v1,2026-05-04T04:00:16Z
314,edd293d20fba174257f5256eef72a4014fbcdbdbb4a8f5ed8d2d75f2e3f8b93f,675786,gpt-5,"Michels v. United States, 31 F.3d 686 (8th Cir. 1994)",parsed,,1,,v1,2026-05-04T04:00:16Z
315,1f46927ff421989c0731f25b873fb0f83c703fad97dfdc76b14f52185fe1b224,1087669,gpt-5,"Sims v. Apfel, 530 U.S. 103 (U.S. 2000)",parsed,,1,,v1,2026-05-04T04:00:16Z
316,08877b87ef0c6b7c1bae6bb4700118f786d5868a97d701bdd0a09d410c020f89,4848963,gpt-5,"Brown v. Ahern, 676 F.3d 899 (9th Cir. 2012)",parsed,,1,,v1,2026-05-04T04:00:16Z
317,10bf48e8c4be16be8ae0bc2f9c0ccbfa08b2f6eb1bda54bf49ea64c95d5f2fdf,109574,gpt-5,"Mt. Healthy City School District Board of Education v. Doyle, 429 U.S. 274 (U.S. 1977)",parsed,,1,,v1,2026-05-04T04:00:16Z
318,d44ff47555864048a997fcce86cc23f2b4d76e966d9165f12a18b16c19a2f314,112209,gpt-5,"City of Canton v. Harris, 489 U.S. 378 (U.S. 1989)",parsed,,1,,v1,2026-05-04T04:00:16Z
319,89b6b55046d7f142e3b8f1761c11beb75a893278d6bce1a7a518f09c99286f22,4589528,gpt-5,"Fawcett v. Grosu, 915 F.3d 384 (5th Cir. 2019)",parsed,,0,,v1,2026-05-04T04:00:16Z
320,102ea8dd8dab275da19d5c94b68ead58edbb474095990bbd6ee42c594f26ddfb,7350293,gpt-5,"Gonzalez v. Thaler, 565 U.S. 134 (U.S. 2012)",parsed,,1,,v1,2026-05-04T04:00:16Z
321,feb36569b9ad483ab129c0dc0f7d6003dbe324d21320bab1c6fec4c4030fbf71,492745,gpt-5,"TeleVideo Systems, Inc. v. Heidenthal, 826 F.2d 915 (9th Cir. 1987)",parsed,,1,,v1,2026-05-04T04:00:16Z
322,bd0f5114755ce53163ac88f1ed18a7fe9eaee04f2938c23a96e60e661ac6fbfd,4471245,gpt-5,"Jennings v. Rodriguez, 138 S. Ct. 830 (U.S. 2018)",parsed,,1,,v1,2026-05-04T04:00:16Z
323,d22fb40ba7c700594644889246b3d973df7399dc16a08342874eb25fc4ef298f,16729,gpt-5,"Dickerson v. Louisiana, 816 F.2d 220 (5th Cir. 1987)",parsed,,1,,v1,2026-05-04T04:00:16Z
324,3518777e2d82498a0edaa086c661fff3360843a151dc947c43e32c676526cc6d,108263,gpt-5,"Younger v. Harris, 401 U.S. 37 (U.S. 1971)",parsed,,1,,v1,2026-05-04T04:00:16Z
325,0f97470370d9854804525561c8e410b733d3712ba1d50e4641b4c4e6d2b7b695,30544,gpt-5,"Frank v. Barnhart, 326 F.3d 618 (5th Cir. 2003)",parsed,,1,,v1,2026-05-04T04:00:16Z
326,43e68b88109d0043b577a46ec4fe27d6a1d8e6dfe135a707836b64fce4e4028c,27221,gpt-5,"Watson v. Barnhart, 288 F.3d 212 (5th Cir. 2002)",parsed,,1,,v1,2026-05-04T04:00:16Z
327,91b1a789c9fc6b9f01fc58d56a973c6d057458fdf64238b7529e68b53c615c76,8982243,gpt-5,"Perdue Farms, Inc. v. Travelers Cas. & Sur. Co. of Am., 448 F.3d 252 (4th Cir. 2006)",parsed,,1,,v1,2026-05-04T04:00:16Z
328,13e05b1e340f45de260289af880fe78649d16b6512a6bf202385b3ba98627196,112254,gpt-5,"Neitzke v. Williams, 490 U.S. 319 (U.S. 1989)",parsed,,1,,v1,2026-05-04T04:00:16Z
329,9749542a5facc9fae335aa821c374245935cd15ff056452a61f0c576fd4f023e,768393,gpt-5,"Rudnicki v. McCormack, 210 F. Supp. 905 (D.R.I. 1962)",parsed,,1,,v1,2026-05-04T04:00:16Z
330,8be907e6e9ed8f478526ef002aade30c071a723836ca4309dd2fb20f0a7594d5,4768212,gpt-5,"Pulera v. Sarzant, 966 F.3d 540 (7th Cir. 2020)",parsed,,1,,v1,2026-05-04T04:00:16Z
331,b585892f17c749f0fc02990fe6ee013b35de245f9ec681aed071b53932eb202f,174314,gpt-5,"Hatmaker v. Memorial Medical Center, 619 F.3d 741 (7th Cir. 2010)",parsed,,1,,v1,2026-05-04T04:00:16Z
332,24c3a01b0de725f17de352304ebbae61f6d9fd1dd0a4ebd3654e4bb52e557af8,4656979,gpt-5,"Lockett v. Bonson, 937 F.3d 1016 (7th Cir. 2019)",parsed,,1,,v1,2026-05-04T04:00:16Z
333,1b4c45e3cad5e8dcb645e17294bc7c253d9b061ebe18b9e0c7096fc375b9d0c6,112747,gpt-5,"Lujan v. Defenders of Wildlife, 504 U.S. 555 (U.S. 1992)",parsed,,1,,v1,2026-05-04T04:00:16Z
334,d8014ae28a792a98f09a98dc872a54a663060c00b2cb5777b718e27f8d6aceba,2510663,gpt-5,"Oxford Global Resources, Inc. v. Hernandez, 106 F. Supp. 2d 185 (D. Mass. 2000)",parsed,,0,,v1,2026-05-04T04:00:16Z
335,323a6a1c1bf71ec9a310186d4ec035ff8492188a5eec846d84692a5980f9fb72,8986759,gpt-5,"Dube v. State University of New York, 900 F.2d 587 (2d Cir. 1990)",parsed,,1,,v1,2026-05-04T04:00:16Z
336,a5735298cf9d8d12d0b56feeb9c057537ad736f94b9518f7afa4a6aff6b86e89,670563,gpt-5,"Reed v. Bennett, 312 F.3d 1190 (10th Cir. 2002)",parsed,,1,,v1,2026-05-04T04:00:16Z
337,7bc64b37a4bf9da5962f2ef06f73b0e251231b077c904f6cbb3f0851ab87d92e,111630,gpt-5,"City of Los Angeles v. Heller, 475 U.S. 796 (U.S. 1986)",parsed,,1,,v1,2026-05-04T04:00:16Z
338,3a2083d9ee96ffb06d9d917e0ccbf154b8ba1752814ff75106650432d348dca6,726110,gpt-5,"Snipes v. DeTella, 95 F.3d 586 (7th Cir. 1996)",parsed,,1,,v1,2026-05-04T04:00:16Z
339,c2b94fd6a4854296022772550c2ec9b7d775c38c62fb5af32a18a749bc521593,7065151,gpt-5,"State Security Ins. Co. v. Burgos, 145 F.3d 873 (7th Cir. 1998)",parsed,,0,,v1,2026-05-04T04:00:16Z
340,84ed0ad2f123107cee0c8575f4b2bd596c602e2918a70ab064055373f0d8d852,175543,gpt-5,"Santa's Best Craft, LLC v. St. Paul Fire & Marine Ins. Co., 611 F.3d 339 (7th Cir. 2010)",parsed,,1,,v1,2026-05-04T04:00:16Z
341,76ebe38e49ce9390678bbb9ff815dddcd2e2b7aa9b985a24e49ab942b429e43d,8934949,gpt-5,"Podedworny v. Harris, 745 F.2d 210 (3d Cir. 1984)",parsed,,1,,v1,2026-05-04T04:00:16Z
342,518ac1761f1b52b400dc16b8dae2bc8ee35fc3aa67213c3fbcb2c62777c6cd32,622933,gpt-5,"Wright v. Associated Ins. Cos., Inc., 29 F.3d 1244 (7th Cir. 1994)",parsed,,1,,v1,2026-05-04T04:00:16Z
343,e5953e528e8b0faaeb58ab359ff679a5996882fafd868b50b64fce68141ea125,4678100,gpt-5,"Stringer v. Whitley, 942 F.3d 715 (5th Cir. 2019)",parsed,,1,,v1,2026-05-04T04:00:16Z
344,ced06db14eacc3825e651bc8b47b771ea927f9c970d44c3b7b7b81902687904e,793611,gpt-5,"Pinkston v. Madry, 440 F.3d 879 (7th Cir. 2006)",parsed,,1,,v1,2026-05-04T04:00:16Z
345,9dd70ea860a729b4fc83dc0fa7ed12223621fced08f764c1a5ee9cfffe776b2d,1445055,gpt-5,"Sain v. Wood, 512 F.3d 886 (7th Cir. 2008)",parsed,,1,,v1,2026-05-04T04:00:16Z
346,3efeeb607ae1f07df19b4a587f84931d4909256774b51a6b33c2aa17a44d44a0,788614,gpt-5,"Lockett v. Bonson, 937 F.3d 1016 (7th Cir. 2019)",parsed,,1,,v1,2026-05-04T04:00:16Z
347,c84a3993372d9633f16d51ccce2077db63ef8a4f899f8f98d7d580b20ee2d55e,1479476,gpt-5,"McKenna v. Austin, 134 F.2d 659 (D.C. Cir. 1943)",parsed,,1,,v1,2026-05-04T04:00:17Z
348,ff446043934e506cdb8f4c0daa0641dac8c5b60e5736d197b7d4fda6a75fcf15,786891,gpt-5,"Eternity Global Master Fund Ltd. v. Morgan Guaranty Trust Co. of N.Y., 375 F.3d 168 (2d Cir. 2004)",parsed,,1,,v1,2026-05-04T04:00:17Z
349,30d3bae2ec3983bd1cf549f9bd38d405b2c723360f4866e1c5f6350e8bea28f4,781230,gpt-5,"Golembiewski v. Barnhart, 322 F.3d 912 (7th Cir. 2003)",parsed,,1,,v1,2026-05-04T04:00:17Z
350,3fa794ac6b825307292d9308dfae9aaf9068175a027d9619dcdd9c7c441da4c2,112747,gpt-5,"Lujan v. Defenders of Wildlife, 504 U.S. 555 (U.S. Supreme Court 1992)",parsed,,1,,v1,2026-05-04T04:00:17Z
351,8f1b961a35509bcbae7b729a9b792ec1bb5d3faac2ca538b48c81f44b33c3a44,154776,gpt-5,"Aramburu v. Boeing Co., 112 F.3d 1398 (10th Cir. 1997)",parsed,,1,,v1,2026-05-04T04:00:17Z
352,2d2035045fdb1cf8acc053d433ff39ddf99cd579a93d0cfe8d1e8795a7a78a68,1262003,gpt-5,"Mickey v. Zeidler Tool & Die Co., 516 F.3d 516 (6th Cir. 2008)",parsed,,1,,v1,2026-05-04T04:00:17Z
353,800b2f76f1792bcb104ffb57488c9c50bdc72f9fe1e5067fbb25a2851276a7a8,3172729,gpt-5,"A Corp. v. All Am. Plumbing, Inc., 812 F.3d 54 (1st Cir. 2016)",parsed,,1,,v1,2026-05-04T04:00:17Z
354,17d235a3d9d2f6d2b7024b00d158de380ff66ee225acb5acd5caf13138c7b479,447586,gpt-5,"Pepsi–Cola Metropolitan Bottling Co. v. Checkers, Inc., 754 F.2d 10 (1st Cir. 1985)",parsed,,1,,v1,2026-05-04T04:00:17Z
355,b46c356ab2fc86be4be270ca33bb28dd9fd5e4756e37ee924617bec9daf154da,8975865,gpt-5,"Valandingham v. Bojorquez, 866 F.2d 1135 (9th Cir. 1989)",parsed,,1,,v1,2026-05-04T04:00:17Z
356,eac5c6e65a653d946aeba84b6525b5fe0c8efd042269115ff29f802321af12f4,8996640,gpt-5,"Chrysler Credit Corp. v. Country Chrysler, Inc., 928 F.2d 1509 (10th Cir. 1991)",parsed,,1,,v1,2026-05-04T04:00:17Z
357,c616e28046a98ae4a100300ad7fe3f5ee815319a720877c9dfb95f148098ebd1,8440856,gpt-5,"Carvalho v. Equifax Info. Servs., LLC, 629 F.3d 876 (9th Cir. 2010)",parsed,,1,,v1,2026-05-04T04:00:17Z
358,e36d4120a8e73186c39bb6fe24084fb6ea3f223035e91b91568340c7a77bf01f,750633,gpt-5,"Duda v. Board of Education of Franklin Park Public School District No. 84, 133 F.3d 1054 (7th Cir. 1998)",parsed,,1,,v1,2026-05-04T04:00:17Z
359,23ce9b8f5ebc1bd72295d24183d109bb1b29794f9e11b271a5c1b64f3e15cc6b,2649080,gpt-5,"Wong v. PartyGaming Ltd., 589 F.3d 821 (6th Cir. 2009)",parsed,,1,,v1,2026-05-04T04:00:17Z
360,fe244b872e50620eb1522405996b511fffaf78da3882d8b214e713271132a15b,4692640,gpt-5,"Paez v. Secretary, Florida Department of Corrections, 947 F.3d 649 (11th Cir. 2020)",parsed,,1,,v1,2026-05-04T04:00:17Z
361,8da5a869cda0071cb440668b4305e24296cd2eea7280d0e3da74606fc7b8c43a,8438243,gpt-5,"Atchinson v. District of Columbia, 73 F.3d 418 (D.C. Cir. 1996)",parsed,,0,,v1,2026-05-04T04:00:17Z
362,48bbe437e1d56638c3aeecd121380ef61d7f7893aa15527601209119ebf95d84,8921487,gpt-5,"St. Louis Baptist Temple, Inc. v. FDIC, 605 F.2d 1169 (10th Cir. 1979)",parsed,,1,,v1,2026-05-04T04:00:17Z
363,dc40866e30e65551fd6b39c2a61c339819985947377585ae45fa7a9cb0c41aaa,1225833,gpt-5,"Thompson v. Paul, 547 F.3d 1055 (9th Cir. 2008)",parsed,,1,,v1,2026-05-04T04:00:17Z
364,aea14c8a89731c62e709e885ac13cfe277c423dc33e608c20794c08ae2eb2c4f,812946,gpt-5,"Thomas v. EMC Mortgage Corp., 499 F. App'x 337 (5th Cir. 2012)",parsed,,1,,v1,2026-05-04T04:00:17Z
365,577e8226c535393bc0e734484b2f923a848efa80ae58dc83cac8ff5fe22db433,4757654,gpt-5,"TransUnion LLC v. Ramirez, 141 S. Ct. 2190 (U.S. 2021)",parsed,,1,,v1,2026-05-04T04:00:17Z
366,3fc543b68cf25b96c67cd89877cebf9c7c97c7d60290b73d7072f6eb973d2d79,176452,gpt-5,"Renchenski v. Williams, 622 F.3d 315 (3d Cir. 2010)",parsed,,1,,v1,2026-05-04T04:00:17Z
367,b3a2bd4220241e3d977fa25a53d8c7b6c33222c863439c27224346cb7be433ce,2459416,gpt-5,"Armstrong Surgical Center, Inc. v. Armstrong County Memorial Hospital, 185 F.3d 154 (3d Cir. 1999)",parsed,,1,,v1,2026-05-04T04:00:17Z
368,e5bb5f3d3df32181b169ed7553e2f1212cbaf73f46894844798dcb2e6a57c818,,gpt-5,UNKNOWN,unknown,,0,,v1,2026-05-04T04:00:17Z
369,7bb6d9d745602fd6ecaa7ea9c3705014113290ce9d7b5c2456884a30270698dc,186035,gpt-5,"Mashpee Wampanoag Tribal Council, Inc. v. Norton, 336 F.3d 1094 (D.C. Cir. 2003)",parsed,,1,,v1,2026-05-04T04:00:17Z
370,ea52132132ea6c11eedba48733a7cc398233cb1db385c9196a4ebc6567430384,2470639,gpt-5,"Miller v. Chase Home Finance, LLC, 677 F.3d 1113 (11th Cir. 2012)",parsed,,1,,v1,2026-05-04T04:00:17Z
371,6a9567ea88065279f679e8123e3215438bb5eb8308046f4ce21ecfdf5853e99b,1675583,gpt-5,"Medtech Products Inc. v. Ranir, LLC, 596 F. Supp. 2d 778 (S.D.N.Y. 2008)",parsed,,1,,v1,2026-05-04T04:00:17Z
372,d3faf5940ada2a6d348f79889a3ed4926cf4f172b7b1347e9b72aeeccb6dc219,3209888,gpt-5,"Baskin-Robbins Franchising LLC v. Alpenrose Dairy, Inc., 825 F.3d 28 (1st Cir. 2016)",parsed,,1,,v1,2026-05-04T04:00:17Z
373,91650d481b601a502f240c3dad259b10c739627bf9c5b317f415b0a6180597ea,2510663,gpt-5,"Northeast Data Systems, Inc. v. McDonnell Douglas Computer Systems Co., 986 F.2d 607 (1st Cir. 1993)",parsed,,0,,v1,2026-05-04T04:00:17Z
374,14277048ff65f4d88dee311ecbb4ee58fd7270f09535fcc8a62960bc62056583,2239193,gpt-5,"Krajewski v. American Honda Finance Corp., 557 F. Supp. 2d 596 (E.D. Pa. 2008)",parsed,,1,,v1,2026-05-04T04:00:17Z
375,98005864db8e7d2c56b18428bbca54a555e3a603648a1fbfb498972528cb9c48,202048,gpt-5,"Platten v. HG Bermuda Exempted Ltd., 437 F.3d 118 (1st Cir. 2006)",parsed,,1,,v1,2026-05-04T04:00:17Z
376,82038fdfe794c482e6c59c2a56b4ad3da8051029edc4608f1d539fe3aa4f3701,2012554,gpt-5,"In re Ion Media Networks, Inc., 419 B.R. 585 (Bankr. S.D.N.Y. 2009)",parsed,,1,,v1,2026-05-04T04:00:17Z
377,a5abcd3928fb172ffea3248b2aca84c424ce9a6e147237db6f8cde1aab148852,8619482,gpt-5,"Garcia-Catalan v. United States, 734 F.3d 100 (1st Cir. 2013)",parsed,,0,,v1,2026-05-04T04:00:17Z
378,4652e789013f3fe8bee1edef15d191cf64d02368b6e40650d591658d5792540e,198990,gpt-5,"Commercial Union Insurance Co. v. Seven Provinces Insurance Co., 217 F.3d 33 (1st Cir. 2000)",parsed,,1,,v1,2026-05-04T04:00:17Z
379,8d785772866c7f694930d78a3f881ab73576909c431e065694888c13b861d4a3,2672209,gpt-5,"Lexmark International, Inc. v. Static Control Components, Inc., 572 U.S. 118 (2014)",parsed,,1,,v1,2026-05-04T04:00:17Z
380,3425b2ef4e86bc0eee92e86e16e703edd09eedf89cf60df635365f4dbbe99ad2,858532,gpt-5,"Spaulding v. Wells Fargo Bank, N.A., 714 F.3d 769 (4th Cir. 2013)",parsed,,1,,v1,2026-05-04T04:00:17Z
381,6125df429db7ab3b462d329f98b9a8cefe4bdff55b2b7ce78ea661475b49bdf6,2790836,gpt-5,"Law Offices of David Efron v. Matthews & Fullmer Law Firm, 782 F.3d 46 (1st Cir. 2015)",parsed,,1,,v1,2026-05-04T04:00:17Z
