bucket,cite,year,case_name,v_status,citing_court,citation_court,citing_cluster_id,parenthetical,fallback_status,fallback_url,fallback_matched_name,investigated,investigated_url,fallback_date_filed,fallback_court_id,fallback_meta_error,fallback_correct?,rf_comments,relayer_status,relayer_url,relayer_matched_name,relayer_court,relayer_date,J1=T1,relayer_correct,relayer_rf_comment
F.3d,67 F.3d 309,1995,United States v. Asrar,POSSIBLE_MATCH,cand,,10846521,“[H]azardous waste [i]s ‘any material which is disposed of or intended to be disposed 7 of.’”,POSSIBLE_MATCH,https://www.courtlistener.com/opinion/705712/united-states-v-daniel-martin-hernandez/,United States v. Daniel Martin Hernandez,case_name_display_mismatch,https://www.courtlistener.com/opinion/705707/united-states-v-rafat-asrar-and-tariq-ahmad/,10/4/1995,ca9,,n,,POSSIBLE_MATCH,https://www.courtlistener.com/opinion/705712/united-states-v-daniel-martin-hernandez/,United States v. Daniel Martin Hernandez,ca9,10/4/1995,FALSE,,
F.3d,763 F.3d 443,2014,United States v. Fields,POSSIBLE_MATCH,dcd,ca6,10848714,“The mere fact that each defendant ‘points the finger’ at his co-defendant is insufficient” to require severance.,POSSIBLE_MATCH,https://www.courtlistener.com/opinion/2717735/united-states-v-martin-lewis/,United States v. Martin Lewis,case_name_display_mismatch,https://www.courtlistener.com/opinion/2717735/united-states-v-martin-lewis/,8/13/2014,ca6,,y,,POSSIBLE_MATCH,https://www.courtlistener.com/opinion/2717735/united-states-v-martin-lewis/,United States v. Martin Lewis,ca6,8/13/2014,FALSE,,
F. App'x,751 F. App’x 928,2019,Slabon v. Berryhill,NOT_FOUND,ilnd,ca7,10847978,noting that Congress has already provided a comprehensive benefits-appeal scheme under the Social Security Act,POSSIBLE_MATCH,https://www.courtlistener.com/opinion/4588981/andrew-slabon-v-nancy-a-berryhill/,Andrew Slabon v. Nancy A. Berryhill,findable_via_search,https://www.courtlistener.com/opinion/4588981/andrew-slabon-v-nancy-a-berryhill/,2/8/2019,ca7,,y,,POSSIBLE_MATCH,https://www.courtlistener.com/opinion/4588981/andrew-slabon-v-nancy-a-berryhill/,Andrew Slabon v. Nancy A. Berryhill,ca7,2/8/2019,FALSE,,
F. App'x,791 F. App’x 226,2019,Chailla v. Navient Dep’t of Educ.,NOT_FOUND,dcd,ca2,10851364,"affirming the district court’s dismissal of a relator’s claims after the relator “failed to retain counsel, despite being granted ample opportunity to do so”",LIKELY_REAL,https://www.courtlistener.com/opinion/4675481/chailla-v-navient-department-of-education/,Chailla v. Navient Department of Education,in_cl_no_reporter_mapping,https://www.courtlistener.com/opinion/4675481/chailla-v-navient-department-of-education/,11/4/2019,ca2,,y,in CL by name (cluster 4675481) but no reporter mapping for 791 F. App’x 226,LIKELY_REAL,https://www.courtlistener.com/opinion/4675481/chailla-v-navient-department-of-education/,Chailla v. Navient Department of Education,ca2,11/4/2019,FALSE,,
F. App'x,802 F. App’x 373,2020,United States v. Coddington,NOT_FOUND,dcd,ca10,10849233,"“remand[ing] to the district court with instructions to vacate the judgment, including the convictions and restitution order,” but not expressly contemplating ordering return of restitution funds",LIKELY_REAL,https://www.courtlistener.com/opinion/4724985/united-states-v-coddington/,United States v. Coddington,findable_via_search,https://www.courtlistener.com/opinion/4724985/united-states-v-coddington/,2/6/2020,ca10,,y,,LIKELY_REAL,https://www.courtlistener.com/opinion/4724985/united-states-v-coddington/,United States v. Coddington,ca10,2/6/2020,FALSE,,
F.4th,38 F.4th 545,2022,Brown v. Osmundson,NOT_FOUND,ilnd,ca7,10848183,"“[M]edical malpractice “does not become a constitutional violation merely because the victim is a prisoner.” (quoting Estelle, 429 U.S. at 106)",POSSIBLE_MATCH,https://www.courtlistener.com/docket/72090072/7/brown-v-osmundson/,Brown v. Osmundson,not_in_cl,,,,,n,,POSSIBLE_MATCH,https://www.courtlistener.com/opinion/8242117/richard-white-v-blake-woods/,Richard White v. Blake Woods,ca7,9/19/2022,TRUE,n,
F.4th,152 F.4th 339,2025,Havlish v. Taliban,NOT_FOUND,dcd,ca2,10850406,stating that the “notwithstanding” clause “carries great weight in our analysis of how the TRIA interacts with the FSIA” and that “there can be no doubt that the FSIA’s execution immunity provisions a,POSSIBLE_MATCH,https://www.courtlistener.com/opinion/10660852/havlish-v-taliban-aliganga-v-taliban/,Havlish v. Taliban; Aliganga v. Taliban,,,8/26/2025,ca2,,y,,POSSIBLE_MATCH,https://www.courtlistener.com/opinion/10660852/havlish-v-taliban-aliganga-v-taliban/,Havlish v. Taliban; Aliganga v. Taliban,ca2,8/26/2025,FALSE,,
F.4th,153 F.4th 1,2025,Global Health Council v. Trump,NOT_FOUND,dcd,cadc,10848672,referring to the factors courts weigh in deciding whether to issue a preliminary injunction as the “Winter factors”,POSSIBLE_MATCH,https://www.courtlistener.com/opinion/10665613/global-health-council-v-donald-j-trump/,Global Health Council v. Donald J. Trump,,,9/3/2025,dcd,,n,,POSSIBLE_MATCH,https://www.courtlistener.com/opinion/10657278/global-health-council-v-donald-j-trump/,Global Health Council v. Donald J. Trump,cadc,8/20/2025,TRUE,y,
F.4th,158 F.4th 393,2025,Chen v. Rubio,NOT_FOUND,mad,ca2,10846939,“Plaintiffs point us to no reason – and we find none – to treat a citizen sponsoring a . . . sibling differently from one sponsoring a spouse.”,LIKELY_REAL,https://www.courtlistener.com/opinion/10713831/chen-v-rubio/,Chen v. Rubio,,,10/29/2025,ca2,,y,,LIKELY_REAL,https://www.courtlistener.com/opinion/10713831/chen-v-rubio/,Chen v. Rubio,ca2,10/29/2025,FALSE,,
F. Supp. (1st series),895 F. Supp. 328,1995,Nat’ Gypsum Co. v. Continental Brands Corp.,POSSIBLE_MATCH,mad,mad,10847516,“[W]hile [the Massachusetts Supreme Judicial Court] has not directly addressed the less radical ‘enterprise’ theory of Turner . . . there is no indication that it would adopt any theory justifying suc,POSSIBLE_MATCH,https://www.courtlistener.com/opinion/8732928/national-gypsum-co-v-continental-brands-corp/,National Gypsum Co. v. Continental Brands Corp.,findable_via_search,https://www.courtlistener.com/opinion/8732928/national-gypsum-co-v-continental-brands-corp/,7/14/1995,mad,,y,,POSSIBLE_MATCH,https://www.courtlistener.com/opinion/8732928/national-gypsum-co-v-continental-brands-corp/,National Gypsum Co. v. Continental Brands Corp.,mad,7/14/1995,FALSE,,
F. Supp. 3d,497 F. Supp. 3d 790,2020,"Vallarta v. United Airlines, 25 Inc.",NOT_FOUND,cand,cand,10845955,"holding there was no general jurisdiction over 26 United Airlines even though United ""conducts substantial business in California through two 'hub 27 airports' located in the state and by employing 'a",LIKELY_REAL,https://www.courtlistener.com/opinion/9598967/vallarta-v-united-airlines-inc/,"Vallarta v. United Airlines, Inc.",,,10/26/2020,cand,,y,,LIKELY_REAL,https://www.courtlistener.com/opinion/9598967/vallarta-v-united-airlines-inc/,"Vallarta v. United Airlines, Inc.",cand,10/26/2020,FALSE,,
F. Supp. 3d,546 F. Supp. 3d 162,2021,Tegan S. v. Saul,NOT_FOUND,mad,rid,10845265,holding that remand was required because ALJ erred in not exercising duty to develop the record pursuant to 20 C.F.R. § 404.1520b(b)(2) when faced with insufficient evidence to decide whether claimant,LIKELY_REAL,https://www.courtlistener.com/opinion/9954979/tegan-s-v-saul/,Tegan S. v. Saul,,,6/23/2021,rid,,y,,LIKELY_REAL,https://www.courtlistener.com/opinion/9954979/tegan-s-v-saul/,Tegan S. v. Saul,rid,6/23/2021,FALSE,,
F. Supp. 3d,564 F.Supp.3d 109,2021,"Delta Air Lines, Inc. v. New York City Dep’t of Consumer Affairs",NOT_FOUND,ilnd,nyed,10848812,"finding that a New York sick leave law went “directly to the availability of flight attendants, and thus on-time flights, a core service of the airline.”",POSSIBLE_MATCH,https://www.courtlistener.com/docket/4684475/76/delta-air-lines-inc-v-department-of-consumer-affairs-city-of-new-york/,"Delta Air Lines, Inc. v. Department of Consumer Affairs, City of New York",,,,,,y,"looks right, but not wasn't in RECAP yet",POSSIBLE_MATCH,https://www.courtlistener.com/docket/4684475/76/delta-air-lines-inc-v-department-of-consumer-affairs-city-of-new-york/,"Delta Air Lines, Inc. v. Department of Consumer Affairs, City of New York",,,FALSE,,
F. Supp. 3d,594 F. Supp. 3d 96,2022,"Secure Our City, Inc. v. ECI Sys., LLC",NOT_FOUND,mad,mad,10850740,“[T]he party alleging a Chapter 93A violation must demonstrate ‘the use of a breach of contract as a lever to obtain advantage for the party committing the breach in relation to the other party.’” (qu,POSSIBLE_MATCH,https://www.courtlistener.com/opinion/9733493/secure-our-city-inc-v-eci-systems-llc/,"Secure Our City, Inc. v. ECI Systems LLC",,,3/15/2022,mad,,y,,POSSIBLE_MATCH,https://www.courtlistener.com/opinion/9733493/secure-our-city-inc-v-eci-systems-llc/,"Secure Our City, Inc. v. ECI Systems LLC",mad,3/15/2022,FALSE,,
F. Supp. 3d,621 F. Supp. 3d 219,2022,"Azumi LLC v. Lott & Fischer, PL",NOT_FOUND,mad,mad,10850751,"“Only if the statutory requirements are satisfied should the court consider whether its exercise of jurisdiction is permitted by the Constitution.” (citing SCVNGR, 478 Mass. at 325)",LIKELY_REAL,https://www.courtlistener.com/opinion/9654758/azumi-llc-v-lott-fischer-pl/,"Azumi LLC v. Lott & Fischer, PL",,,12/27/2022,flsd,,n,,LIKELY_REAL,https://www.courtlistener.com/opinion/9733849/azumi-llc-v-lott-fischer-pl/,"Azumi LLC v. Lott & Fischer, PL",mad,8/16/2022,TRUE,y,
F. Supp. 3d,630 F. Supp. 3d 20,2022,Accord Burney v. Suggs,NOT_FOUND,dcd,dcd,10849132,exercising supplemental jurisdiction over common-law claims alongside federal-law claims arising from an allegedly unlawful arrest,POSSIBLE_MATCH,https://www.courtlistener.com/opinion/8242561/barney-v-suggs/,Barney v. Suggs,,,9/20/2022,dcd,,y,,POSSIBLE_MATCH,https://www.courtlistener.com/opinion/8242561/barney-v-suggs/,Barney v. Suggs,dcd,9/20/2022,FALSE,,
F. Supp. 3d,643 F. Supp. 3d 1,2022,Da Costa v. Immigr. Inv. Program Off.,NOT_FOUND,mad,dcd,10846939,"“There is no categorical prohibition on deciding unreasonable-delay claims at the motion-to-dismiss stage, so the question of whether discovery is necessary depends, as with any sort of claim, on the ",NOT_FOUND,https://www.courtlistener.com/docket/59987216/cahill-v-renaud/,Cahill v. Renaud,,,,,,n,wrong case,NOT_FOUND,https://www.courtlistener.com/docket/69944760/11/cai-v-immigrant-investor-program-office/,CAI v. IMMIGRANT INVESTOR PROGRAM OFFICE,,,TRUE,n,wrong case
F. Supp. 3d,701 F. Supp. 3d 76,2023,United States v. Prado,NOT_FOUND,mad,mad,10850740,"“In an attorney-client relationship, the attorney functions as the client’s agent.” (citing Link v. Wabash R. Co., 370 U.S. 626, 634 (1962))",POSSIBLE_MATCH,https://www.courtlistener.com/opinion/8510966/united-states-v-prado/,United States v. Prado,,,11/11/2022,ca5,,n,"appellate, should be district",POSSIBLE_MATCH,https://www.courtlistener.com/opinion/9734704/robinson-v-united-states/,Robinson v. United States,mad,7/6/2023,TRUE,n,
F. Supp. 3d,720 F. Supp. 3d 794,2024,De Sousa v. Dir. of U.S. Citizenship & Immigr. Servs.,NOT_FOUND,ilnd,cand,10845844,"“the plain language of § 214.14(d)(2) makes clear that parole is a decision committed to the agency's discretion. Under § 214.14(d)(2), USCIS is given the option of choosing to grant either deferred a",POSSIBLE_MATCH,https://www.courtlistener.com/docket/67784316/63/de-sousa-v-director-of-us-citizenship-and-immigration-services/,De Sousa v. Director of U.S. Citizenship and Immigration Services,,,,,,n,"right docket, wrong document",POSSIBLE_MATCH,https://www.courtlistener.com/docket/67784316/80/de-sousa-v-director-of-us-citizenship-and-immigration-services/,De Sousa v. Director of U.S. Citizenship and Immigration Services,,,TRUE,n,wrong court
F. Supp. 3d,731 F. Supp. 3d 104,2024,Conley v. U.S. Dep’t of State,NOT_FOUND,mad,mad,10846939,explaining that courts in the First Circuit have generally found a “nondiscretionary duty on consular officials to act upon a visa or naturalization petition without unreasonable delay”,LIKELY_REAL,https://www.courtlistener.com/opinion/9735299/conley-v-united-states-department-of-state/,Conley v. United States Department of State,,,4/16/2024,mad,,y,,LIKELY_REAL,https://www.courtlistener.com/opinion/9735299/conley-v-united-states-department-of-state/,Conley v. United States Department of State,mad,4/16/2024,FALSE,,
F. Supp. 3d,733 F.Supp.3d 19,2024,United States v. Medoff,NOT_FOUND,mad,mad,10846960,“A court should not grant a motion to reconsider when the evidence offered in the motion to reconsider was available to the movant ‘at the time the original motion was filed.’” (quoting United States ,POSSIBLE_MATCH,https://www.courtlistener.com/opinion/10738402/united-states-v-medoff/,United States v. Medoff,,,11/18/2025,ca1,,n,"appellate, should be district",LIKELY_REAL,https://www.courtlistener.com/docket/68500357/100/united-states-v-medoff/,United States v. Medoff,,,TRUE,n,"looks correct, but RECAP does not have doc"
F. Supp. 3d,738 F. Supp. 3d 1239,2024,Ecological Rts. Found. v. PacifiCorp,NOT_FOUND,cand,cand,10846521,"“To state a RCRA claim, a plaintiff must allege that the defendant was ‘directly connected’ to the waste disposal process—such as shipping waste to hazardous waste treatment, storage, or disposal faci",POSSIBLE_MATCH,https://www.courtlistener.com/opinion/10172021/ecological-rights-foundation-v-pacificorp/,Ecological Rights Foundation v. Pacificorp,,,6/26/2024,cand,,y,,POSSIBLE_MATCH,https://www.courtlistener.com/opinion/10172021/ecological-rights-foundation-v-pacificorp/,Ecological Rights Foundation v. Pacificorp,cand,6/26/2024,FALSE,,
F. Supp. 3d,749 F. Supp. 3d 938,2024,Nasir v. United States Dep’t of State,NOT_FOUND,mad,ilnd,10846939,"“Plaintiff’s due process claim must fail, as she has no due process right to the prompt adjudication of her father’s visa.”",LIKELY_REAL,https://www.courtlistener.com/opinion/10179106/nasir-v-united-states-department-of-state/,Nasir v. United States Department of State,,,9/17/2024,ilnd,,y,,LIKELY_REAL,https://www.courtlistener.com/opinion/10179106/nasir-v-united-states-department-of-state/,Nasir v. United States Department of State,ilnd,9/17/2024,FALSE,,
F. Supp. 3d,755 F. Supp. 3d 1266,2024,De Sousa v. Dir. of U.S. Citizenship & Immigr. Servs.,NOT_FOUND,ilnd,cand,10845844,"“[W]aiting list placement would not alter Plaintiffs’ ability to be considered for parole, or improve their chances in any consideration for parole, regardless of whether their application for parole ",POSSIBLE_MATCH,https://www.courtlistener.com/docket/67784316/63/de-sousa-v-director-of-us-citizenship-and-immigration-services/,De Sousa v. Director of U.S. Citizenship and Immigration Services,findable_via_manual_RECAP,https://www.courtlistener.com/docket/67784316/80/de-sousa-v-director-of-us-citizenship-and-immigration-services/,,,,n,"right docket, wrong document",POSSIBLE_MATCH,https://www.courtlistener.com/docket/67784316/80/de-sousa-v-director-of-us-citizenship-and-immigration-services/,De Sousa v. Director of U.S. Citizenship and Immigration Services,,,TRUE,n,wrong docket
F. Supp. 3d,759 F. Supp. 3d 1,2024,Ahmed v. Blinken,NOT_FOUND,mad,dcd,10846939,"finding that while the INA does grant “consular officers ‘exclusive authority to review applications for visas, precluding even the Secretary of State from controlling their determinations,” that had ",LIKELY_REAL,https://www.courtlistener.com/docket/68106328/ahmed-v-blinken/,Ahmed v. Blinken,findable_via_manual_RECAP,https://www.courtlistener.com/docket/68169619/11/ahmed-v-blinken/,,,,n,wrong case (should be dcd),POSSIBLE_MATCH,https://www.courtlistener.com/opinion/10283012/abdullahi-v-blinken/,Abdullahi v. Blinken,dcd,11/25/2024,TRUE,n,wrong case
F. Supp. 3d,783 F. Supp. 3d 273,2025,Nichols v. 300 M St. Dev. Grp.,NOT_FOUND,dcd,dcd,10849253,“Removal is proper . . . if the case could have been brought in federal court to begin with.”,NOT_FOUND,https://www.courtlistener.com/opinion/10650896/burmeister-v-liberty-mutual-insurance-company/,Burmeister v. Liberty Mutual Insurance Company,,,8/8/2025,moed,,n,wrong case (wrong court),POSSIBLE_MATCH,https://www.courtlistener.com/docket/6170988/atchley-v-astrazeneca-uk-limited/,ATCHLEY v. ASTRAZENECA UK LIMITED,,,TRUE,n,wrong case
F. Supp. 3d,798 F. Supp. 3d 64,2025,Lu v. Dargie,NOT_FOUND,mad,mad,10850751,"“Abuse of process claims are limited to three types of process: writs of attachment, process used to institute a civil action, and process related to bringing criminal charges.” (quoting Kaiser v. Kir",LIKELY_REAL,https://www.courtlistener.com/opinion/10664991/lu-v-dargie/,Lu v. Dargie,,,9/2/2025,mad,,y,,LIKELY_REAL,https://www.courtlistener.com/opinion/10664991/lu-v-dargie/,Lu v. Dargie,mad,9/2/2025,FALSE,,
F. Supp. 3d,812 F. Supp. 3d 49,2025,United States v. Gaffney,NOT_FOUND,dcd,dcd,10848714,“[A] proceeding involving a single defendant should proceed more quickly than one with multiple defendants.”,LIKELY_REAL,https://www.courtlistener.com/opinion/10734224/united-states-v-gaffney/,United States v. Gaffney,,,11/7/2025,dcd,,y,,LIKELY_REAL,https://www.courtlistener.com/opinion/10734224/united-states-v-gaffney/,United States v. Gaffney,dcd,11/7/2025,FALSE,,
Northeastern (N.E./N.E.2d/N.E.3d),648 N.E.2d 435,1995,"Ins. Exch. v. Propac-Mass, Inc.",NOT_FOUND,mad,mass,10850740,"“[C]onduct undertaken as leverage to destroy the rights of another party to the agreement while the agreement is still in effect . . . has a coercive quality that, with the other facts, [may] warrant[",POSSIBLE_MATCH,https://www.courtlistener.com/opinion/6576817/propac-mass-inc-v-commissioner-of-insurance/,"Propac-Mass, Inc. v. Commissioner of Insurance",,,4/11/1995,mass,,n,similar but wrong date,POSSIBLE_MATCH,https://www.courtlistener.com/opinion/6576817/propac-mass-inc-v-commissioner-of-insurance/,"Propac-Mass, Inc. v. Commissioner of Insurance",mass,4/11/1995,FALSE,,
Northeastern (N.E./N.E.2d/N.E.3d),85 N.E.3d 50,2017,"SCVNGR, Inc. v. Punchh, Inc.",NOT_FOUND,mad,mass,10845305,"first citing Morrill v. Tong, 453 N.E.2d 1221, 1229–30 (Mass. 1983); and then citing Beeler v. Downey, 442 N.E.2d 19, 21 n.4 (Mass. 1982)",POSSIBLE_MATCH,https://www.courtlistener.com/opinion/8358701/scvngr-inc-v-punchh-inc/,"SCVNGR, Inc. v. Punchh, Inc.",,,7/23/2016,masssuperct,,n,wrong court (should be mass),POSSIBLE_MATCH,https://www.courtlistener.com/opinion/8358701/scvngr-inc-v-punchh-inc/,"SCVNGR, Inc. v. Punchh, Inc.",masssuperct,7/23/2016,FALSE,,
Northeastern (N.E./N.E.2d/N.E.3d),260 N.E.3d 309,2025,"Tody’ Serv., Inc. v. Liberty Mut. Ins. Co.",NOT_FOUND,mad,,10847516,"defendant entitled to judgment as a matter of law on unjust enrichment claim where “the summary judgment record reveal[ed] no triable issue whether [defendant] received a measurable, nonspeculative be",POSSIBLE_MATCH,https://www.courtlistener.com/opinion/10614336/todys-service-inc-v-liberty-mutual-insurance-company/,"Tody's Service, Inc. v. Liberty Mutual Insurance Company",,,6/20/2025,mass,,y,,POSSIBLE_MATCH,https://www.courtlistener.com/opinion/10614336/todys-service-inc-v-liberty-mutual-insurance-company/,"Tody's Service, Inc. v. Liberty Mutual Insurance Company",mass,6/20/2025,FALSE,,
Mass.,496 Mass. 197,2025,"Tody’ Serv., Inc. v. Liberty Mut. Ins. Co.",NOT_FOUND,mad,,10847516,"defendant entitled to judgment as a matter of law on unjust enrichment claim where “the summary judgment record reveal[ed] no triable issue whether [defendant] received a measurable, nonspeculative be",POSSIBLE_MATCH,https://www.courtlistener.com/opinion/10614336/todys-service-inc-v-liberty-mutual-insurance-company/,"Tody's Service, Inc. v. Liberty Mutual Insurance Company",,,6/20/2025,mass,,y,,POSSIBLE_MATCH,https://www.courtlistener.com/opinion/10614336/todys-service-inc-v-liberty-mutual-insurance-company/,"Tody's Service, Inc. v. Liberty Mutual Insurance Company",mass,6/20/2025,FALSE,,
WL (Westlaw-only),1995 WL 579646,1995,United States v. Asrar,NOT_FOUND,cand,,10846521,“[H]azardous waste [i]s ‘any material which is disposed of or intended to be disposed 7 of.’”,POSSIBLE_MATCH,https://www.courtlistener.com/opinion/705707/united-states-v-rafat-asrar-and-tariq-ahmad/,United States v. Rafat Asrar and Tariq Ahmad,,,10/3/1995,ca9,,y,,POSSIBLE_MATCH,https://www.courtlistener.com/opinion/705707/united-states-v-rafat-asrar-and-tariq-ahmad/,United States v. Rafat Asrar and Tariq Ahmad,ca9,10/3/1995,FALSE,,
WL (Westlaw-only),2005 WL 5493113,2005,No. 05-1057,NOT_FOUND,mad,ca1,10848188,"the FCRA “provides a private cause of action only if the furnisher received notice from a consumer reporting agency, as opposed to the plaintiff alone, that the credit information was disputed”",NOT_FOUND,https://www.courtlistener.com/docket/39647626/buffalo-molded-plastics-inc-andover-industries-v-americhem/,"Buffalo Molded Plastics, Inc., Andover Industries v. AMERICHEM",,,,,,n,parsing error,NOT_FOUND,,,,,TRUE,,
WL (Westlaw-only),2007 WL 2729117,2007,"Lloyd’ London v. 26 Rauw, No. C 05-2377 SBA",NOT_FOUND,cand,cand,10846473,"denying a cross- 1 motion for Rule 11 sanctions in part because the target of the cross-motion had not repeatedly filed 2 || motions, nor was there any proof they intentionally “dragged on” the litiga",NOT_FOUND,https://www.courtlistener.com/docket/5737830/124/certain-underwriters-at-lloyds-london-v-insurance-company-of-the-state/,"Certain Underwriters at Lloyd's, London v. Insurance Company of the State of Pennsylvania, The",,,,,,y,,POSSIBLE_MATCH,https://www.courtlistener.com/docket/5737830/124/certain-underwriters-at-lloyds-london-v-insurance-company-of-the-state/,"Certain Underwriters at Lloyd's, London v. Insurance Company of the State of Pennsylvania, The",,,FALSE,,
WL (Westlaw-only),2007 WL 3238026,2007,"Vorontsova v. Chertoff, No. CIV. A. 07-10426-RGS",NOT_FOUND,mad,mad,10846939,"“Although there are differences in the applicable tests, a claim seeking mandamus under the [Mandamus Act] is in essence the same as a claim for relief under the APA . . . A claim under [APA] § 706(1",POSSIBLE_MATCH,https://www.courtlistener.com/docket/5774204/20/sidhu-v-chertoff/,Sidhu v. Chertoff,,,,,,n,wrong case (even though docket number in name),POSSIBLE_MATCH,https://www.courtlistener.com/opinion/2576513/litvin-v-chertoff/,Litvin v. Chertoff,mad,11/19/2008,TRUE,n,wrong case
WL (Westlaw-only),2009 WL 3365915,2009,"World Watch, Inc. v. Walt Disney Co., No. CV 09-04045 DDP (PLAx)",NOT_FOUND,cand,cacd,10846521,"“EPA’s regulations provide that solid waste containing chromium is 26 ‘hazardous waste,’ within the meaning of RCRA, where the chromium exceeds 5 mg/L.”",POSSIBLE_MATCH,https://www.courtlistener.com/docket/4144824/37/environmental-world-watch-inc-v-the-walt-disney-company/,"Environmental World Watch, Inc. v. The Walt Disney Company",,,,,,y,,POSSIBLE_MATCH,https://www.courtlistener.com/docket/4144824/37/environmental-world-watch-inc-v-the-walt-disney-company/,"Environmental World Watch, Inc. v. The Walt Disney Company",,,FALSE,,
WL (Westlaw-only),2011 WL 3165576,2011,"Triplett v. Starbucks Coffee, No. 10 C 5215",NOT_FOUND,ilnd,ilnd,10849944,"dismissing hostile work environment claim despite allegations of a racially insensitive comment, racially based disciplinary actions, and discrimination against African American employees on multiple ",LIKELY_REAL,https://www.courtlistener.com/docket/5550148/35/triplett-v-starbucks-coffee/,Triplett v. Starbucks Coffee,,,,,,y,,LIKELY_REAL,https://www.courtlistener.com/docket/5550148/35/triplett-v-starbucks-coffee/,Triplett v. Starbucks Coffee,,,FALSE,y,
WL (Westlaw-only),2013 WL 1870058,2013,"Cady v. Thaler, No. V-13-014",NOT_FOUND,txsd,txsd,10851548,"“As the Fifth Circuit has explained, usually ‘custody’ signifies incarceration or supervised release, but in general it encompasses most restrictions on liberty resulting from a criminal conviction.”",NOT_FOUND,https://www.courtlistener.com/docket/53916416/cady-v-rick-thaler-dir-tdcj/,"Cady v. Rick Thaler, Dir. TDCJ",,,,,,n,WL cite resolves in WL as as State v. Sayles (TN)? ,NOT_FOUND,https://www.courtlistener.com/docket/5652610/49/nubine-v-thaler/,Nubine v. Thaler,,,TRUE,n,wrong case
WL (Westlaw-only),2014 WL 4269126,2014,"McDaniel v. Loyola Univ. Med. Ctr., No. 13-cv-06500",NOT_FOUND,ilnd,ilnd,10849944,"“Plaintiff’s allegations in the Amended Complaint, while no doubt describing rude and unpleasant conduct, by themselves do not seem to rise to the level of the hostile and abusive atmosphere found in ",LIKELY_REAL,https://www.courtlistener.com/docket/5614323/81/mcdaniel-v-loyola-university-medical-center/,McDaniel v. Loyola University Medical Center,,,,,,y,,LIKELY_REAL,https://www.courtlistener.com/docket/5614323/81/mcdaniel-v-loyola-university-medical-center/,McDaniel v. Loyola University Medical Center,,,FALSE,y,
WL (Westlaw-only),2014 WL 4794180,2014,Thomas-Edwards v. Colvin,NOT_FOUND,ilnd,innd,10845820,“The omission of any discussion of Plaintiff's visual limitations in formulating the RFC requires remand so that the Court can trace the path of the ALJ’s reasoning from the evidence to the RFC determ,POSSIBLE_MATCH,https://www.courtlistener.com/docket/5571035/20/edwards-v-colvin/,Edwards v. Colvin,,,,,,n,wrong case (wrong court),POSSIBLE_MATCH,https://www.courtlistener.com/docket/5482328/25/thomas-edwards-v-commissioner-of-social-security/,Thomas-Edwards v. Commissioner of Social Security,,,TRUE,y,
WL (Westlaw-only),2014 WL 7013886,2014,"Hammock v. Colvin, No. A-13-CA-0707-AWA",NOT_FOUND,txsd,txwd,10850738,"“When the ALJ shows an appreciation for the claimant’s ability to sustain work in defining the RFC, a separate analysis is not required.”",LIKELY_REAL,https://www.courtlistener.com/docket/5370019/23/hammock-v-colvin/,Hammock v. Colvin,,,,,,y,,LIKELY_REAL,https://www.courtlistener.com/docket/5370019/23/hammock-v-colvin/,Hammock v. Colvin,,,FALSE,y,
WL (Westlaw-only),2015 WL 13694424,2015,"New England Gen- Connect, LLC v. US Carburetion, Inc., No. 14-CV-13530-IT",NOT_FOUND,mad,mad,10846960,"“[S]ubstantial ground for difference of opinion does not exist merely because there is a dearth of cases.” (quoting White v. Nix, 43 F.3d 374, 378 (8th Cir. 1994)",POSSIBLE_MATCH,https://www.courtlistener.com/docket/4512212/18/new-england-gen-connect-llc-v-us-carburetion-inc/,"New England Gen-Connect, LLC v. US Carburetion, Inc.",,,,,,n,"right docket, wrong document (wrong date)",POSSIBLE_MATCH,https://www.courtlistener.com/docket/5127889/36/new-england-gen-connect-llc-v-keller/,"New England Gen-Connect, LLC v. Keller",,,TRUE,y,
WL (Westlaw-only),2015 WL 5138285,2015,"Aviation W. Charters, LLC v. Freer, No. N14C-09-271 WCC CCLD",NOT_FOUND,ilnd,delsuperct,10850705,"“Critically, any alleged fraud occurred before the parties entered into the [contract]. Therefore, Plaintiff’s claim for fraudulent inducement . . . is not barred by the bootstrapping doctrine.”",NOT_FOUND,https://www.courtlistener.com/docket/4327483/residential-capital-llc/,"Residential Capital, LLC",,,,,,n,wrong docket,NOT_FOUND,https://www.courtlistener.com/docket/4314046/1828/the-rhodes-companies-llc/,"THE RHODES COMPANIES, LLC",,,TRUE,n,
WL (Westlaw-only),2017 WL 7243566,2017,"Magic Leap, Inc. v. Bradski, No. 16-CV-02852 NC",NOT_FOUND,cand,,10846473,"denying sanctions because the attorney conducted a competent inquiry before 3 filing the complaint, noting that no statute of limitations or jurisdictional issues existed, which 4 “might raise red fla",LIKELY_REAL,https://www.courtlistener.com/docket/4182850/215/magic-leap-inc-v-bradski/,"Magic Leap, Inc. v. Bradski",,,,,,n,"right docket, wrong document",LIKELY_REAL,https://www.courtlistener.com/docket/4182850/215/magic-leap-inc-v-bradski/,"Magic Leap, Inc. v. Bradski",,,FALSE,n,
WL (Westlaw-only),2018 WL 23,2018,"Miller v. D.C. Water & Sewer Auth., No. 17-CV-0840 (KBJ)",NOT_FOUND,cand,dcd,10846521,dismissing RCRA claim because “it is clear beyond cavil 24 that the RCRA . . . do[es] not apply to the allegations regarding [household] sewage”,POSSIBLE_MATCH,https://www.courtlistener.com/docket/7489534/47/miller-v-district-of-columbia-water-and-sewer-authority/,MILLER v. DISTRICT OF COLUMBIA WATER AND SEWER AUTHORITY,,,,,,y,,POSSIBLE_MATCH,https://www.courtlistener.com/opinion/4540185/miller-v-district-of-columbia-water-and-sewer-authority/,Miller v. District of Columbia Water and Sewer Authority,dcd,10/2/2018,TRUE,y,
WL (Westlaw-only),2018 WL 375391,2018,"J&J Sports Prods., Inc. v. Guerrero, No. 5:17-CV-00092",NOT_FOUND,txsd,txsd,10851577,finding that the harshness of default judgment was mitigated by the defendant’s failure to appear or respond in over eight months,POSSIBLE_MATCH,https://www.courtlistener.com/docket/6278120/12/jj-sports-productions-inc-v-guerrero/,"J&J Sports Productions, Inc. v. Guerrero",,,,,,y,,POSSIBLE_MATCH,https://www.courtlistener.com/docket/6278120/12/jj-sports-productions-inc-v-guerrero/,"J&J Sports Productions, Inc. v. Guerrero",,,FALSE,,
WL (Westlaw-only),2018 WL 818393,2018,"Raja v. Fed. Deposit Ins. Corp., No. 16-cv-0511 (KBJ)",NOT_FOUND,dcd,dcd,10849253,serving the defendant’s attorney does not constitute proper service under Federal Rule of Civil Procedure 4 if the attorney was not the defendant’s designated agent,POSSIBLE_MATCH,https://www.courtlistener.com/docket/6306438/56/raja-v-federal-deposit-insurance-corporation/,RAJA v. FEDERAL DEPOSIT INSURANCE CORPORATION,,,,,,y,,POSSIBLE_MATCH,https://www.courtlistener.com/docket/6306438/56/raja-v-federal-deposit-insurance-corporation/,RAJA v. FEDERAL DEPOSIT INSURANCE CORPORATION,,,FALSE,,
WL (Westlaw-only),2019 WL 3717980,2019,"Calautti v. Shanahan, No. 118CV00119",NOT_FOUND,ilnd,insd,10849944,allowing complaint to proceed against individual state employees where the plaintiff sought compensatory and punitive damages from the individual employees in addition to lost wages and other financia,LIKELY_REAL,https://www.courtlistener.com/opinion/9698976/calautti-v-shanahan/,CALAUTTI v. SHANAHAN,,,8/7/2019,insd,,y,,LIKELY_REAL,https://www.courtlistener.com/opinion/9698976/calautti-v-shanahan/,CALAUTTI v. SHANAHAN,insd,8/7/2019,FALSE,,
WL (Westlaw-only),2019 WL 4644022,2019,"Griffin v. United States, No. 19-cv-762",NOT_FOUND,dcd,dcd,10850426,finding that the court lacked jurisdiction over a suit where pro se plaintiffs “fail[ed] to identify a statute expressly waiving immunity”,LIKELY_REAL,https://www.courtlistener.com/opinion/9364180/griffin-v-united-states/,Griffin v. United States,,,12/9/2019,scotus,,y,,LIKELY_REAL,https://www.courtlistener.com/opinion/4663897/griffin-v-united-states/,Griffin v. United States,dcd,9/24/2019,TRUE,y,
WL (Westlaw-only),2019 WL 479995,2019,"Boniface v. Westminster Place, No. 18-CV-4596",NOT_FOUND,ilnd,ilnd,10849944,dismissing the plaintiff’s claim because her allegations were vague and the complaint contained “no specific allegations suggesting that any conduct was physically threatening or verbally abusive or h,LIKELY_REAL,https://www.courtlistener.com/opinion/9673477/boniface-v-westminster-place/,Boniface v. Westminster Place,,,2/7/2019,ilnd,,y,,LIKELY_REAL,https://www.courtlistener.com/opinion/9673477/boniface-v-westminster-place/,Boniface v. Westminster Place,ilnd,2/7/2019,FALSE,,
WL (Westlaw-only),2019 WL 6879214,2019,"Andrews v. Earl's Restaurants USA Inc., No. 19-CV-817-PB",NOT_FOUND,mad,nhd,10848200,finding that the plaintiff’s claim failed “because no private right of action for damages exists under either the Massachusetts criminal identity theft statute or its federal law counterpart”,LIKELY_REAL,https://www.courtlistener.com/opinion/9798718/andrews-v-earls-restaurants-usa-inc/,Andrews v. Earl's Restaurants USA Inc.,,,12/3/2019,nhd,,y,,LIKELY_REAL,https://www.courtlistener.com/opinion/9798718/andrews-v-earls-restaurants-usa-inc/,Andrews v. Earl's Restaurants USA Inc.,nhd,12/3/2019,FALSE,,
WL (Westlaw-only),2019 WL 7049927,2019,"LLC v. US Dealer Licensing LLC, No. 19 C 3471",NOT_FOUND,ilnd,ilnd,10850705,"explaining that, to plead a breach of contract claim, a plaintiff “must at least place the defendant on fair notice of the contractual duty it breached” (internal quotation marks omitted)",POSSIBLE_MATCH,https://www.courtlistener.com/opinion/9675246/us-dealer-license-llc-v-us-dealer-licensing-llc/,"US Dealer License, LLC v. US Dealer Licensing LLC",,,12/23/2019,ilnd,,y,,POSSIBLE_MATCH,https://www.courtlistener.com/opinion/9675246/us-dealer-license-llc-v-us-dealer-licensing-llc/,"US Dealer License, LLC v. US Dealer Licensing LLC",ilnd,12/23/2019,FALSE,,
WL (Westlaw-only),2020 WL 1189297,2020,"Ruifang Hu v. K4 Sols., Inc., No. 18-cv-1240 (TSC)",NOT_FOUND,dcd,dcd,10851116,concluding that allegations that statements were shared with unnamed potential employers were insufficiently detailed to state a claim for defamation,POSSIBLE_MATCH,https://www.courtlistener.com/opinion/4735352/hu-v-k4-solutions-inc/,"Hu v. K4 Solutions, Inc",,,3/12/2020,dcd,,y,,POSSIBLE_MATCH,https://www.courtlistener.com/opinion/4735352/hu-v-k4-solutions-inc/,"Hu v. K4 Solutions, Inc",dcd,3/12/2020,FALSE,,
WL (Westlaw-only),2020 WL 13610742,2020,"Hutchins v. DynCorp, Int’l, Inc., Civ. A. No. 15-355",NOT_FOUND,dcd,dcd,10851364,dismissing an FCA complaint where the relators did not obtain new counsel within six months after their counsel withdrew,POSSIBLE_MATCH,https://www.courtlistener.com/opinion/4685312/hutchins-v-dyncorp-international-inc/,"Hutchins v. Dyncorp International, Inc.",,,12/9/2019,dcd,,y,,POSSIBLE_MATCH,https://www.courtlistener.com/opinion/4685312/hutchins-v-dyncorp-international-inc/,"Hutchins v. Dyncorp International, Inc.",dcd,12/9/2019,FALSE,,
WL (Westlaw-only),2020 WL 4816075,2020,Gregory W. v. Saul,NOT_FOUND,ilnd,ilnd,10845820,"“despite specifically contemplating the issue of off-task time here, the ALJ then failed to come to any conclusion regarding the off-task time he asked the VE to consider, which is the antithesis of t",POSSIBLE_MATCH,https://www.courtlistener.com/opinion/9767405/gregory-v-saul/,Gregory v. Saul,,,11/16/2020,moed,,n,,POSSIBLE_MATCH,https://www.courtlistener.com/opinion/9676154/gress-v-saul/,Gress v. Saul,ilnd,5/26/2020,TRUE,n,
WL (Westlaw-only),2020 WL 7318004,2020,"Johnson-Richardson v. Univ. of Phoenix, No. 18-cv-3016 (RDM)",NOT_FOUND,dcd,dcd,10849253,"“With respect to either individuals or corporations, service on counsel is proper only when counsel is an agent authorized to receive service.”",LIKELY_REAL,https://www.courtlistener.com/opinion/4838483/johnson-richardson-v-university-of-phoenix/,Johnson-Richardson v. University of Phoenix,,,12/11/2020,dcd,,y,,LIKELY_REAL,https://www.courtlistener.com/opinion/4838483/johnson-richardson-v-university-of-phoenix/,Johnson-Richardson v. University of Phoenix,dcd,12/11/2020,FALSE,,
WL (Westlaw-only),2021 WL 2115209,2021,"Jingjing Liu v. Mayorkas, No. 20-CV-654 (CRC)",NOT_FOUND,mad,dcd,10846939,“[I]t would be premature at this stage for the Court to accept USCIS’s factual representations about its purported rule of reason.”,POSSIBLE_MATCH,https://www.courtlistener.com/docket/67410904/16/jingjing-liu-v-alejandro-mayorkas/,Jingjing Liu v. Alejandro Mayorkas,,,,,,n,wrong docket (wrong court),POSSIBLE_MATCH,https://www.courtlistener.com/opinion/4885914/liu-v-wolf/,Liu v. Wolf,dcd,5/25/2021,TRUE,y,
WL (Westlaw-only),2021 WL 2349671,2021,RuthAnn G. v. Saul,NOT_FOUND,ilnd,innd,10845820,"“In light of Plaintiff’s allegations of eye pain, this Court finds that the ALJ erred in not explaining how she considered the functionally limiting effects of Plaintiff’s severe and non-severe impair",NOT_FOUND,https://www.courtlistener.com/docket/8509501/46/3/aposhian-v-whitaker/,Aposhian v. Whitaker,,,,,,n,wrong docket (wrong court),POSSIBLE_MATCH,https://www.courtlistener.com/opinion/9694531/vargas-v-commissioner-of-social-security/,Vargas v. Commissioner of Social Security,innd,7/22/2021,TRUE,n,
WL (Westlaw-only),2021 WL 3,2021,Tovar v. FCA US LLC,NOT_FOUND,cand,cacd,10850804,granting manufacturer’s motion in limine to preclude 4 evidence of recalls never performed on the plaintiff’s vehicle,POSSIBLE_MATCH,https://www.courtlistener.com/docket/16844457/40/jose-tovar-v-fca-us-llc/,Jose Tovar v. FCA US LLC,,,,,,n,unsure of docket but wrong document,LIKELY_REAL,https://www.courtlistener.com/docket/16844457/40/jose-tovar-v-fca-us-llc/,Jose Tovar v. FCA US LLC,,,FALSE,n,
WL (Westlaw-only),2022 WL 16696266,2022,Amy O. v. Kijakazi,NOT_FOUND,ilnd,ilnd,10848226,"“Comparing the requirements of SSR 19-4p to the ALJ’s Step Three discussion, it is clear to the Court that the ALJ did not adequately discuss all the relevant factors.”",POSSIBLE_MATCH,https://www.courtlistener.com/docket/17241186/35/jones-v-kijakazi/,Jones v. Kijakazi,,,,,,n,wrong docket (wrong court),POSSIBLE_MATCH,https://www.courtlistener.com/opinion/9681059/martinez-v-kijakazi/,Martinez v. Kijakazi,ilnd,9/29/2022,TRUE,n,
WL (Westlaw-only),2022 WL 5118214,2022,"Post v. Mark Edward Partners LLC, No. 22-cv-10148",NOT_FOUND,mad,mad,10845305,noting that “individual defendants acted as ‘primary participants’ in their decision to cease payment of Plaintiff's wages”,LIKELY_REAL,https://www.courtlistener.com/opinion/9733975/post-v-mark-edward-partners-llc/,Post v. Mark Edward Partners LLC,,,10/3/2022,mad,,y,,LIKELY_REAL,https://www.courtlistener.com/opinion/9733975/post-v-mark-edward-partners-llc/,Post v. Mark Edward Partners LLC,mad,10/3/2022,FALSE,,
WL (Westlaw-only),2013 WL 1320454,2023,"Martins v. 3PD, Inc., No. 11- 11313-DPW",NOT_FOUND,mad,mad,10847500,"“[W]hen a motion to amend comes after a timely filed motion for summary judgment, a plaintiff is required to show substantial and convincing evidence to justify a belated attempt to amend a complaint.",LIKELY_REAL,https://www.courtlistener.com/docket/4994911/70/martins-v-3pd-inc/,"Martins v. 3PD, Inc.",,,,,,y,,LIKELY_REAL,https://www.courtlistener.com/docket/4994911/70/martins-v-3pd-inc/,"Martins v. 3PD, Inc.",,,FALSE,y,
WL (Westlaw-only),2023 WL 3466327,2023,"Roe v. Mayorkas, No. 22-cv-10808-ADB",NOT_FOUND,mad,mad,10846939,“Resolving whether . . . delay is egregious requires a fact-bound analysis that the Court declines to engage in at this early stage of the litigation.” (internal quotation marks omitted),LIKELY_REAL,https://www.courtlistener.com/opinion/9734542/roe-v-mayorkas/,Roe v. Mayorkas,,,5/12/2023,mad,,y,,LIKELY_REAL,https://www.courtlistener.com/opinion/9734542/roe-v-mayorkas/,Roe v. Mayorkas,mad,5/12/2023,FALSE,,
WL (Westlaw-only),2023 WL 3773743,2023,"Ass’  Am., Inc. v. Campbell, No. 18-cv-10651-ADB",NOT_FOUND,ilnd,mad,10848812,"finding that a Massachusetts sick leave law “caus[ed] an increase in employees calling out sick” and thus “has a clear and direct impact, which is not tenuous, remote or peripheral”",POSSIBLE_MATCH,https://www.courtlistener.com/docket/5641292/32/campbell-v-campbell/,Campbell v. Campbell,,,,,,,,POSSIBLE_MATCH,https://www.courtlistener.com/opinion/9734534/air-transport-association-of-america-inc-v-healey/,Air Transport Association of America Inc. v. Healey,mad,6/2/2023,TRUE,y,
WL (Westlaw-only),2023 WL 4361131,2023,Meta Pixel 17 Healthcare Litig.,NOT_FOUND,cand,cand,10850782,“[T]he ESI protocol should 18 make clear that hyperlinked documents are not treated as conventional attachments for purposes of 19 preserving a ‘family’ relationship in production.”,NOT_FOUND,,,,,,,,,,NOT_FOUND,,,,,FALSE,,
WL (Westlaw-only),2023 WL 6388143,2023,"Henderson v. Kijakazi, Case No. 22 C 3890",NOT_FOUND,ilnd,ilnd,10848006,“The court applies a common-sense reading to the entirety of an ALJ's decision” and “reads the ALJ's decision as a whole.”,LIKELY_REAL,https://www.courtlistener.com/opinion/9682985/henderson-v-kijakazi/,Henderson v. Kijakazi,,,9/29/2023,ilnd,,y,,LIKELY_REAL,https://www.courtlistener.com/opinion/9682985/henderson-v-kijakazi/,Henderson v. Kijakazi,ilnd,9/29/2023,FALSE,,
WL (Westlaw-only),2023 WL 6388728,2023,"NAV Consulting, Inc. v. Kumawat, No. 1:22-CV-03624",NOT_FOUND,ilnd,ilnd,10850705,"“Evaluating first the two-year length of the noncompete restriction, the Court holds that—at least at the pleading stage—this time period is reasonable based on the allegations set forth in the Verifi",POSSIBLE_MATCH,https://www.courtlistener.com/opinion/9682956/nav-consulting-inc-v-kumawat/,NAV Consulting Inc. v. Kumawat,,,9/29/2023,ilnd,,y,,LIKELY_REAL,https://www.courtlistener.com/opinion/9682956/nav-consulting-inc-v-kumawat/,NAV Consulting Inc. v. Kumawat,ilnd,9/29/2023,FALSE,,
WL (Westlaw-only),2023 WL 7418353,2023,"Iqbal v. Blinken, No. 2:23-CV-01299-KJM-KJN",NOT_FOUND,mad,caed,10846939,“[T]he use of the word ‘shall’ indicates a mandatory nondiscretionary duty to review and adjudicate immigrant visa applications.”,LIKELY_REAL,https://www.courtlistener.com/opinion/9590395/iqbal-v-blinken/,Iqbal v. Blinken,,,11/9/2023,caed,,y,,LIKELY_REAL,https://www.courtlistener.com/opinion/9590395/iqbal-v-blinken/,Iqbal v. Blinken,caed,11/9/2023,FALSE,,
WL (Westlaw-only),2023 WL 8082113,2023,"Argueta v. Jaddou, No. 4:23 C 3002",NOT_FOUND,ilnd,ned,10845844,"“[C]ontrary to Plaintiffs' contention, USCIS is not required to grant deferred action and parole to waiting list members; rather, USCIS need only grant one or the other.”",LIKELY_REAL,https://www.courtlistener.com/opinion/9798234/argueta-v-jaddou/,Argueta v. Jaddou,,,11/21/2023,ned,,y,,LIKELY_REAL,https://www.courtlistener.com/opinion/9798234/argueta-v-jaddou/,Argueta v. Jaddou,ned,11/21/2023,FALSE,,
WL (Westlaw-only),2024 WL 1354496,2024,"Jones v. Cnty. of Sonoma, No. 23-CV-02730-CRB",NOT_FOUND,cand,cand,10846473,finding that “18 U.S.C. § 1503 is a criminal statute that does not provide for a private cause of action”,LIKELY_REAL,https://www.courtlistener.com/opinion/9611966/jones-v-county-of-sonoma/,Jones v. County of Sonoma,,,3/29/2024,cand,,y,,LIKELY_REAL,https://www.courtlistener.com/opinion/9611966/jones-v-county-of-sonoma/,Jones v. County of Sonoma,cand,3/29/2024,FALSE,,
WL (Westlaw-only),2024 WL 4369137,2024,"Ass’  Am., Inc. v. Moss, No. 1:23-cv- 02421-DDD-KAS",NOT_FOUND,ilnd,cod,10848812,denying a motion to dismiss plaintiff’s claim that the ADA preempted a Colorado sick leave law,POSSIBLE_MATCH,https://www.courtlistener.com/docket/5576013/28/moss-v-moss/,Moss v. Moss,,,,,,n,wrong docket (wrong docket number),POSSIBLE_MATCH,https://www.courtlistener.com/docket/65344472/59/guida-v-gaia-inc/,"Guida v. Gaia, Inc.",,,TRUE,n,
WL (Westlaw-only),2024 WL 4753799,2024,"Esghai v. United States Dep’t of State, No. 24 CIV. 2993 (PAE)",NOT_FOUND,mad,nysd,10846939,holding that plaintiff’s asserted liberty interest in his non-citizen mother’s visa application was not “deeply rooted in this Nation’s history and tradition”,LIKELY_REAL,https://www.courtlistener.com/opinion/10273400/esghai-v-us-department-of-state/,Esghai v. U.S. Department of State,,,11/12/2024,nysd,,y,,LIKELY_REAL,https://www.courtlistener.com/opinion/10273400/esghai-v-us-department-of-state/,Esghai v. U.S. Department of State,nysd,11/12/2024,FALSE,,
WL (Westlaw-only),2024 WL 5112755,2024,"Beychok v. Baffert, No. 3:24-CV-100-CHB",NOT_FOUND,mad,kywd,10848200,finding that there is “no provision for a civil cause of action or damages” under Mass. Gen. Laws ch. 271A,LIKELY_REAL,https://www.courtlistener.com/docket/68264679/59/beychok-v-baffert/,Beychok v. Baffert,,,,,,y,,LIKELY_REAL,https://www.courtlistener.com/docket/68264679/59/beychok-v-baffert/,Beychok v. Baffert,,,FALSE,y,
WL (Westlaw-only),2024 WL 68282,2024,"Sizyuk v. Purdue Univ., No. 4:20-CV-75",NOT_FOUND,ilnd,innd,10849944,"allowing claims where the plaintiff sought compensatory and punitive damages from individual state employee, not lost wages or lost benefits",LIKELY_REAL,https://www.courtlistener.com/opinion/9698193/sizyuk-v-purdue-university/,Sizyuk v. Purdue University,,,1/5/2024,innd,,y,,LIKELY_REAL,https://www.courtlistener.com/opinion/9698193/sizyuk-v-purdue-university/,Sizyuk v. Purdue University,innd,1/5/2024,FALSE,,
WL (Westlaw-only),2024 WL 68291,2024,"Arenales-Salgado--Oliveira v. Jaddou, No. 23 C 61167",NOT_FOUND,ilnd,flsd,10845844,"“[O]n its face, section 214.14(d)(2) can only be read one natural way: it mandates either advance[] parole or deferred action, but not both, leaving USCIS a choice.”",POSSIBLE_MATCH,https://www.courtlistener.com/opinion/9656253/arenales-salgado-de-oliveira-v-jaddou/,Arenales-Salgado-de-Oliveira v. Jaddou,,,1/5/2024,flsd,,y,,POSSIBLE_MATCH,https://www.courtlistener.com/opinion/9656253/arenales-salgado-de-oliveira-v-jaddou/,Arenales-Salgado-de-Oliveira v. Jaddou,flsd,1/5/2024,FALSE,,
WL (Westlaw-only),2024 WL 691412,2024,"One World, LLC v. Onoufriadis, No. 20-cv-11580-JEK",NOT_FOUND,mad,mad,10850700,finding diversity jurisdiction lacking in case between two foreign citizens and collecting cases holding the same,LIKELY_REAL,https://www.courtlistener.com/opinion/9735113/one-world-llc-v-onoufriadis/,"One World, LLC v. Onoufriadis",,,2/20/2024,mad,,y,,LIKELY_REAL,https://www.courtlistener.com/opinion/9735113/one-world-llc-v-onoufriadis/,"One World, LLC v. Onoufriadis",mad,2/20/2024,FALSE,,
WL (Westlaw-only),2025 WL 1886135,2025,"United States v. Hager, No. 21-cr-381 (TSC)",NOT_FOUND,dcd,dcd,10849233,reasoning that Knote determined that “this court lacks the authority to order the Architect of the Capitol to refund Hager’s $570”,LIKELY_REAL,https://www.courtlistener.com/opinion/10622922/united-states-v-hager/,United States v. Hager,,,7/3/2025,dcd,,y,,LIKELY_REAL,https://www.courtlistener.com/opinion/10622922/united-states-v-hager/,United States v. Hager,dcd,7/3/2025,FALSE,,
WL (Westlaw-only),2025 WL 2,2025,"Reid v. City of Oakland, No. 25-CV-00383-JST",NOT_FOUND,cand,cand,10846473,finding that California’s two-year statute of limitations 3 for personal injury action applies to claims of intentional infliction of emotional distress,LIKELY_REAL,https://www.courtlistener.com/opinion/10646042/reid-v-city-of-oakland/,Reid v. City Of Oakland,,,7/31/2025,cand,,y,,LIKELY_REAL,https://www.courtlistener.com/opinion/10646042/reid-v-city-of-oakland/,Reid v. City Of Oakland,cand,7/31/2025,FALSE,,
WL (Westlaw-only),2025 WL 2029802,2025,"Valentine v. Geo. Wash. Univ., No. 24-cv-1081 (RC)",NOT_FOUND,dcd,dcd,10851116,"“The D.C. Council has recently established a two-year statute of limitations for DCHRA claims, but that change does not apply retroactively.”",POSSIBLE_MATCH,https://www.courtlistener.com/docket/68443535/42/valentine-v-george-washington-university/,VALENTINE v. GEORGE WASHINGTON UNIVERSITY,,,,,,y,,POSSIBLE_MATCH,https://www.courtlistener.com/docket/68443535/42/valentine-v-george-washington-university/,VALENTINE v. GEORGE WASHINGTON UNIVERSITY,,,FALSE,,
WL (Westlaw-only),2025 WL 2606719,2025,"Terrell v. City of Brentwood, No. 23 25-CV-04341-LJC",NOT_FOUND,cand,cand,10846473,"finding that for Section 24 1983 claims alleging Fourth Amendment violations, “the plaintiff is placed on constructive notice 25 of the illegal conduct when the search and seizure takes place.”",LIKELY_REAL,https://www.courtlistener.com/opinion/10668304/terrell-v-city-of-brentwood/,Terrell v. City of Brentwood,,,9/8/2025,cand,,y,,LIKELY_REAL,https://www.courtlistener.com/opinion/10668304/terrell-v-city-of-brentwood/,Terrell v. City of Brentwood,cand,9/8/2025,FALSE,,
WL (Westlaw-only),2025 WL 3691864,2025,"Rose v. Slater, 26 Slater & Schulman, LLP, No. 2:25-06112 CV (ADS)",NOT_FOUND,cand,cacd,10846473,finding that 18 U.S.C. § 1512 is a criminal statute that does not create a private right of 27 action,POSSIBLE_MATCH,https://www.courtlistener.com/opinion/10772127/joseph-rose-v-slater-slater-schulman-et-al/,"Joseph Rose v. Slater, Slater & Schulman, et al.",,,1/7/2026,cacd,,y,,POSSIBLE_MATCH,https://www.courtlistener.com/opinion/10772127/joseph-rose-v-slater-slater-schulman-et-al/,"Joseph Rose v. Slater, Slater & Schulman, et al.",cacd,1/7/2026,FALSE,,
WL (Westlaw-only),2025 WL 3707333,2025,"A.N.P.S. v. Salazar, No. 25-cv-14778",NOT_FOUND,dcd,ilnd,10851374,“Before the Court is Petitioner A.N.S.P.’s petition for a writ of habeas corpus pursuant to 28 U.S.C. § 2241.”,POSSIBLE_MATCH,https://www.courtlistener.com/opinion/10297294/salazar-v-salazar/,Salazar v. Salazar,,,12/19/2024,idaho,,n,wrong case (wrong court),LIKELY_REAL,https://www.courtlistener.com/docket/71998784/20/anps-v-salazar/,A.N.P.S. v. Salazar,,,TRUE,y,
WL (Westlaw-only),2025 WL 4348642,2025,John Doe III v. Sabeti,NOT_FOUND,dcd,flmd,10851117,reconsidering initial grant to proceed pseudonymously in Torture Victim Protection Act case upon defendant appearance,POSSIBLE_MATCH,https://www.courtlistener.com/opinion/10763708/john-doe-i-john-doe-ii-and-john-doe-iii-v-parviz-sabeti/,"John Doe I, John Doe II, and John Doe III v. Parviz Sabeti",,,12/22/2025,flmd,,y,,POSSIBLE_MATCH,https://www.courtlistener.com/opinion/10763708/john-doe-i-john-doe-ii-and-john-doe-iii-v-parviz-sabeti/,"John Doe I, John Doe II, and John Doe III v. Parviz Sabeti",flmd,12/22/2025,FALSE,,
WL (Westlaw-only),2025 WL 4477145,2025,Blanca L. v. Bisignano,NOT_FOUND,ilnd,ilcd,10848226,"“In addition to the paragraph B criteria, ALJs must also consider the paragraph D criteria under Listing 11.02.”",POSSIBLE_MATCH,https://www.courtlistener.com/opinion/10782194/blanca-l-v-frank-bisignano-commissioner-of-social-security/,"Blanca L. v. Frank Bisignano, Commissioner of Social Security",,,1/30/2026,ilcd,,y,,POSSIBLE_MATCH,https://www.courtlistener.com/opinion/10782194/blanca-l-v-frank-bisignano-commissioner-of-social-security/,"Blanca L. v. Frank Bisignano, Commissioner of Social Security",ilcd,1/30/2026,FALSE,,
WL (Westlaw-only),2025 WL 896915,2025,"Creative Fin. Staffing LLC v. Kubacki, No. 22-cv-00488",NOT_FOUND,ilnd,ilnd,10850705,"“In at least some situations, Illinois courts have upheld broadly drafted non-solicitation covenants that did not limit their reach to only customers with whom the bound employee interacted.”",POSSIBLE_MATCH,https://www.courtlistener.com/docket/62634255/182/creative-financial-staffing-llc-v-kubacki/,Creative Financial Staffing LLC v. Kubacki,,,,,,y,,POSSIBLE_MATCH,https://www.courtlistener.com/docket/62634255/182/creative-financial-staffing-llc-v-kubacki/,Creative Financial Staffing LLC v. Kubacki,,,FALSE,,
WL (Westlaw-only),2026 WL 1073317,2026,"Int’l Mar. Org. No. 9189952, No. 24- 5218",NOT_FOUND,dcd,cadc,10850406,"affirming denial of private company’s motion to dismiss government’s civil forfeiture action, finding that the offense conduct of the National Iranian Oil Company (“NIOC”",NOT_FOUND,,,,,,,,,,NOT_FOUND,,,,,FALSE,,
WL (Westlaw-only),2026 WL 249805,2026,"McCabe v. Ford Motor Co., No. 23-cv-10829",NOT_FOUND,mad,mad,10850740,dismissing Chapter 93A claim where the complaint failed to “allege unique facts in support of that claim”,POSSIBLE_MATCH,https://www.courtlistener.com/opinion/10368397/mccabe-v-ford-motor-company/,McCabe v. Ford Motor Company,,,3/28/2025,mad,,y,,LIKELY_REAL,https://www.courtlistener.com/opinion/10368397/mccabe-v-ford-motor-company/,McCabe v. Ford Motor Company,mad,3/28/2025,FALSE,,
WL (Westlaw-only),2026 WL 594780,2026,Elizabeth F. v. Bisignano,NOT_FOUND,ilnd,ilnd,10845820,"remanding where “ALJ questioned the VE about the impact of being off task for 20% of the workday, apart from normal breaks,” the VE testified it would preclude all work, yet “[t]he ALJ then failed to ",POSSIBLE_MATCH,https://www.courtlistener.com/opinion/10829559/elizabeth-f-v-frank-bisignano-commissioner-of-the-social-security/,"Elizabeth F. v. Frank Bisignano, Commissioner of the Social Security Administration",,,3/3/2026,ilnd,,y,,POSSIBLE_MATCH,https://www.courtlistener.com/opinion/10829559/elizabeth-f-v-frank-bisignano-commissioner-of-the-social-security/,"Elizabeth F. v. Frank Bisignano, Commissioner of the Social Security Administration",ilnd,3/3/2026,FALSE,,
WL (Westlaw-only),2026 WL 686150,2026,"Price v. Auto. Fin. Corp., No. 25-cv-2333 (LLA)",NOT_FOUND,dcd,dcd,10849253,concluding that the D.C. Superior Court’s procedural rules governed service of process because the plaintiff attempted service before the defendant removed the case to federal court,POSSIBLE_MATCH,https://www.courtlistener.com/opinion/10807360/price-v-automotive-finance-corporation/,Price v. Automotive Finance Corporation,,,3/11/2026,dcd,,y,,POSSIBLE_MATCH,https://www.courtlistener.com/opinion/10807360/price-v-automotive-finance-corporation/,Price v. Automotive Finance Corporation,dcd,3/11/2026,FALSE,,
WL (Westlaw-only),2026 WL 913399,2026,"United States v. Wilburn, --- F.4th ---",NOT_FOUND,dcd,ca8,10848714,“There was little risk of unfair prejudice from testimony that Wilburn was on parole because the jury elsewhere received evidence that he was convicted of a felony in 2021.”,POSSIBLE_MATCH,https://www.courtlistener.com/opinion/10832483/united-states-v-robert-wilburn/,United States v. Robert Wilburn,,,4/3/2026,ca8,,y,,POSSIBLE_MATCH,https://www.courtlistener.com/opinion/10832483/united-states-v-robert-wilburn/,United States v. Robert Wilburn,ca8,4/3/2026,FALSE,,
LEXIS database ID,22 LEXIS 16120,2016,"Davis v. Fallbrook Mortg. Corp., No. 34-2014-00172768, 2016 Cal. Super.",NOT_FOUND,cand,,10845955,providing that violation of § 2105(a) does 23 not give rise to a “private right of action which gives plaintiff standing to prosecute this [cause of 24 action]”,NOT_FOUND,https://www.courtlistener.com/docket/67982231/8/united-states-of-america-ex-rel-v-first-guaranty-mortgage-corporation/,United States of America ex rel. v. First Guaranty Mortgage Corporation,,,,,,n,,NOT_FOUND,https://www.courtlistener.com/docket/67982231/8/united-states-of-america-ex-rel-v-first-guaranty-mortgage-corporation/,United States of America ex rel. v. First Guaranty Mortgage Corporation,,,FALSE,,
LEXIS database ID,2017 U.S. Dist. LEXIS 162419,2017,"Ojide v. Air France, No. 24 17-cv-3224 (KBF)",NOT_FOUND,cand,nysd,10845955,"“Plaintiffs' 25 alleged injuries in their second claim include dehydration, deprivation of food, and various forms 26 of emotional distress. None of these is a bodily injury’ as defined under Article ",LIKELY_REAL,https://www.courtlistener.com/docket/6208389/27/ojide-v-air-france/,Ojide v. Air France,,,,,,y,,LIKELY_REAL,https://www.courtlistener.com/docket/6208389/27/ojide-v-air-france/,Ojide v. Air France,,,FALSE,y,
LEXIS database ID,2021 U.S. Dist. LEXIS 20473,2021,United States v. Cincinnati Ins.,NOT_FOUND,dcd,flsd,10851364,dismissing an FCA complaint where the relator failed to hire counsel despite court warnings and two extensions of time,POSSIBLE_MATCH,https://www.courtlistener.com/opinion/10221897/united-states-v-the-cincinnati-insurance-company/,United States v. The Cincinnati Insurance Company,,,4/13/2021,vaed,,n,,POSSIBLE_MATCH,https://www.courtlistener.com/opinion/9652097/mena-catering-inc-v-scottsdale-insurance-company/,"MENA CATERING, INC. v. Scottsdale Insurance Company",flsd,1/11/2021,TRUE,n,
