"id","court","proposition","gold_name","gold_cite","model","model_id","model_response","elapsed_s","cost_usd","input_tokens","output_tokens","stderr"
"dcd-10849132-1","dcd","explaining that a court need not “accept as true the complaint’s factual allegations insofar as they contradict exhibits to the complaint”","Kaempe v. Myers","Kaempe v. Myers, 367 F.3d 958 (2004)","sonnet","","Sprewell v. Golden State Warriors, 266 F.3d 979 (9th Cir. 2001)","17.6","0.050721749999999996","3","841",""
"dcd-10850406-2","dcd","rejecting government proposal to “[a]llow[] the Government to use the remission process [provided in 21 U.S.C. § 853(i","United States v. Bailey","United States v. Bailey, 926 F. Supp. 2d 739 (2013)","sonnet","","UNKNOWN","57.4","0.1404261","11","3013",""
"dcd-10848714-4","dcd","“When evidence of such acts is intrinsic to the charged crime, it is not evidence of other acts and is thus wholly unregulated by Rule 404(b).” (cleaned up)","United States v. Moore","United States v. Moore, 651 F.3d 30 (2011)","sonnet","","United States v. Bowie, 232 F.3d 923 (D.C. Cir. 2000)","49.9","0.11610734999999998","8","2945",""
"dcd-10850406-5","dcd","holding that “[b]y its terms, [TRIA] § 201 does not provide for execution against assets that are not blocked”","Relief & Dev.","Relief & Dev., 722 F.3d 677 (2013)","sonnet","","UNKNOWN","59.5","0.1430769","11","3202",""
"dcd-10851374-6","dcd","“In the exercise of its broad power over naturalization and immigration, Congress regularly makes rules that would be unacceptable if applied to citizens.”","Mathews v. Diaz","Mathews v. Diaz, 426 U.S. 67 (1976)","sonnet","","Mathews v. Diaz, 426 U.S. 67 (U.S. 1976)","8.5","0.044725499999999994","3","250",""
"dcd-10851118-10","dcd","approving supplemental jurisdiction over an employer’s counterclaims, including breach of fiduciary duty, against an employee’s husband because those counterclaims operated as a defense to the employee’s claim","D’Onofrio v. Vacation Publ’ns, Inc.","D’Onofrio v. Vacation Publ’ns, Inc., 888 F.3d 197 (2018)","sonnet","","UNKNOWN","43.5","0.11946404999999999","11","1782",""
"dcd-10848672-11","dcd","“The policy of granting exclusive privileges in certain cases, was deemed of so much importance in a national point of view, that power was given to congress in the federal constitution.”","Shaw v. Cooper","Shaw v. Cooper, 32 U.S. 292 (1833)","sonnet","","*Grant v. Raymond*, 31 U.S. (6 Pet.) 218 (1832)","44.9","0.10078935","7","2628",""
"dcd-10849253-12","dcd","noting that the Court “must resolve any ambiguities . . . in favor of remand”","Johnson-Brown v. 2200 M St. LLC","Johnson-Brown v. 2200 M St. LLC, 257 F. Supp. 2d 175 (2003)","sonnet","","Gaus v. Miles, Inc., 980 F.2d 564 (9th Cir. 1992)","12.4","0.047868","3","462",""
"dcd-10851116-13","dcd","finding that equitable The DCHRA was recently amended to enlarge the statute of limitations to a two-year period. See § 2–1403.16(a","Irwin v. Dep’t of Veterans Affs.","Irwin v. Dep’t of Veterans Affs., 498 U.S. 89 (2010)","sonnet","","UNKNOWN","12.2","0.04356675","3","362",""
"dcd-10848672-14","dcd","affirming a district court’s finding of irreparable harm when the testimony included evidence that a patentee was “precluded from marketing to potential and existing customers that it [was] the exclusive market leader”","Celsis In Vitro, Inc. v. CellzDirect, Inc.","Celsis In Vitro, Inc. v. CellzDirect, Inc., 664 F.3d 922 (2012)","sonnet","","UNKNOWN","24.6","0.058457999999999996","3","1162",""
"dcd-10849233-16","dcd","“The abatement rule applies when a direct appeal is pending at the time of appellant’s death.” (emphasis in original)","United States v. Pogue","United States v. Pogue, 19 F.3d 663 (1994)","sonnet","","Durham v. United States, 401 U.S. 481 (1971)","17.6","0.05067674999999999","3","706",""
"dcd-10850426-18","dcd","rejecting lawsuit for lack of subject-matter jurisdiction that was a “thinly veiled and improper attempt[] to collaterally attack [a] conviction in” in a different federal district","Stone v. Holder","Stone v. Holder, 859 F. Supp. 2d 48 (2012)","sonnet","","UNKNOWN","41.0","0.1252962","11","1820",""
"dcd-10848672-19","dcd","finding that the plaintiff “diligent[ly] pursued [ ] a variety of avenues” in the three years before filing its preliminary injunction motion and therefore the court declined to find that the plaintiff unreasonably delayed its motion","Texas Child.’ Hosp. v. Burwell","Texas Child.’ Hosp. v. Burwell, 76 F. Supp. 3d 224 (2014)","sonnet","","UNKNOWN","30.6","0.11471099999999998","11","1448",""
"dcd-10851118-20","dcd","“When retained to represent a corporation, [an attorney] represents the entity, not its individual shareholders, officers, or directors.”","Egan v. McNamara","Egan v. McNamara, 467 A.2d 733 (1983)","sonnet","","In re Bevill, Bresler & Schulman Asset Management Corp., 805 F.2d 120 (3d Cir. 1986)","27.7","0.0508305","3","658",""
"dcd-10848672-21","dcd","“Because the requirement of personal jurisdiction represents first of all an individual right, it can, like other such rights, be waived.”","Guinee","Guinee, 456 U.S. 694 (1982)","sonnet","","Insurance Corp. of Ireland v. Compagnie des Bauxites de Guinee, 456 U.S. 694 (U.S. 1982)","7.0","0.04367925","3","181",""
"dcd-10851118-22","dcd","approving supplemental jurisdiction over an employer’s counterclaims, including breach of fiduciary duty, against an employee’s husband because those counterclaims operated as a defense to the employee’s claim","D’Onofrio v. Vacation Publ’ns, Inc.","D’Onofrio v. Vacation Publ’ns, Inc., 888 F.3d 197 (2018)","sonnet","","UNKNOWN","51.7","0.12305385","11","1792",""
"dcd-10849253-23","dcd","exercising supplemental jurisdiction over state law claims because they arose out of the same facts as the plaintiff’s RICO claims","Busby v. Cap. One, N.A.","Busby v. Cap. One, N.A., 759 F. Supp. 2d 81 (2011)","sonnet","","UNKNOWN","56.2","0.13437705","11","2709",""
"dcd-10848714-24","dcd","The “Sixth Amendment analysis would comprehend the entire time span from the appellees’ indictment in Superior Court to the dismissal of the federal charges against them, given that the same federal prosecutors controlled both prosecutions.”","United States v. Mills","United States v. Mills, 925 F.2d 455 (1991)","sonnet","","UNKNOWN","57.4","0.1374324","11","2853",""
"dcd-10848714-25","dcd","noting that every Circuit to face the issue has held that neither a felony nor a misdemeanor needs to have been committed in the officers’ presence to support a warrantless arrest","United States v. Gonzalez","United States v. Gonzalez, 107 F.4th 1304 (2024)","sonnet","","UNKNOWN","38.2","0.0880359","7","1764",""
"dcd-10848714-26","dcd","explaining that the exclusionary rule “applies only where it results in appreciable deterrence” (cleaned up)","Herring v. United States","Herring v. United States, 555 U.S. 135 (2009)","sonnet","","United States v. Leon, 468 U.S. 897 (U.S. 1984)","28.3","0.05891174999999999","3","1256",""
"dcd-10848714-27","dcd","upholding admission of other crimes evidence where the district court “prevented the government from soliciting testimony about particularly prejudicial details”","United States v. Straker","United States v. Straker, 800 F.3d 570 (2015)","sonnet","","UNKNOWN","23.8","0.10693574999999998","11","952",""
"dcd-10848714-29","dcd","explaining that the exclusionary rule “applies only where it results in appreciable deterrence” (cleaned up)","Herring v. United States","Herring v. United States, 555 U.S. 135 (2009)","sonnet","","Herring v. United States, 555 U.S. 135 (U.S. 2009)","25.8","0.05780924999999999","3","1315",""
"dcd-10848672-30","dcd","“When a plaintiff files an amended complaint as of right within 21 days after the filing of the motion to dismiss under Rule 12(b), (e), or (f), the amended complaint becomes the operative pleading”","Barnes v. District of Columbia","Barnes v. District of Columbia, 42 F. Supp. 3d 111 (2014)","sonnet","","UNKNOWN","23.9","0.05572425","3","979",""
"dcd-10848714-0","dcd","“The felony murder rule is too deeply rooted in Anglo-American jurisprudence to be questioned now.”","McMillan v. Gomez","McMillan v. Gomez, 19 F.3d 465 (1994)","sonnet","","Tison v. Arizona, 481 U.S. 137 (U.S. 1987)","27.8","0.0613905","3","1362",""
"dcd-10848672-3","dcd","“The amount of a bond is a determination that rests within the sound discretion of a trial court.”","Sanofi–Synthelabo v. Apotex, Inc.","Sanofi–Synthelabo v. Apotex, Inc., 470 F.3d 1368 (2006)","sonnet","","Poplar Grove Planting & Refining Co. v. Bache Halsey Stuart, Inc., 600 F.2d 1189 (5th Cir. 1979)","47.2","0.12232394999999999","11","1979",""
"dcd-10848672-7","dcd","explaining that the definiteness “requirement is not a demand for unreasonable precision” and that “verbal precision” in every case is not possible “in a patent system that actually works, in practice”","Festo Corp. v. Shoketsu Kinzoku Kogyo Kabushiki Co.","Festo Corp. v. Shoketsu Kinzoku Kogyo Kabushiki Co., 535 U.S. 722 (2014)","sonnet","","UNKNOWN","76.5","0.1620396","11","4707",""
"dcd-10848672-8","dcd","“The essential attribute of a patent grant is that it provides a right to exclude competitors from infringing the patent”","Acumed LLC v. Stryker Corp.","Acumed LLC v. Stryker Corp., 551 F.3d 1323 (2008)","sonnet","","Dawson Chemical Co. v. Rohm & Haas Co., 448 U.S. 176 (U.S. 1980)","21.0","0.05510174999999999","3","1001",""
"dcd-10849253-9","dcd","“While there is some variety in the timing and formality required for defendants to express their unanimous consent to removal, each defendant’s consent to removal must be unambiguous and independent.” (footnote omitted)","Williams v. Howard Univ.","Williams v. Howard Univ., 984 F. Supp. 27 (1997)","sonnet","","UNKNOWN","61.3","0.13498154999999998","11","2643",""
"dcd-10848714-15","dcd","reserving the question of whether “the Fourth Amendment entails an ‘in the presence’ requirement for purposes of misdemeanor arrests”","Atwater v. City of Lago Vista","Atwater v. City of Lago Vista, 532 U.S. 318 (2001)","sonnet","","Virginia v. Moore, 553 U.S. 164 (U.S. 2008)","31.7","0.06071924999999999","3","1507",""
"dcd-10849233-17","dcd","reasoning that “[t]here is no legal basis on which the state can retain a fine exacted from Libous as punishment for an offense he is now presumed not to have committed” but not discussing restitution as no restitution had not been ordered","United States v. Libous","United States v. Libous, 858 F.3d 64 (2017)","sonnet","","UNKNOWN","28.2","0.055521749999999995","3","1154",""
"dcd-10849132-28","dcd","“[T]he mere fact that the infliction of the harm is upon condition does not by any means preclude it from being a threat within the meaning of the Code.”","Postell v. United States","Postell v. United States, 282 A.2d 551 (1971)","sonnet","","Ragansky v. United States, 253 F. 643 (7th Cir. 1918)","37.4","0.11598180000000001","11","1450",""
"dcd-10851364-31","dcd","affirming the district court’s dismissal of an FCA suit for failure to prosecute, where the relator did not comply with the court’s order to hire counsel","Wojcicki v. SCANA/SCE&G","Wojcicki v. SCANA/SCE&G, 947 F.3d 240 (2020)","sonnet","","UNKNOWN","14.2","0.04533675","3","480",""
"dcd-10848672-32","dcd","finding that the plaintiff “diligent[ly] pursued [ ] a variety of avenues” in the three years before filing its preliminary injunction motion and therefore the court declined to find that the plaintiff unreasonably delayed its motion","Texas Child.’ Hosp. v. Burwell","Texas Child.’ Hosp. v. Burwell, 76 F. Supp. 3d 224 (2014)","sonnet","","UNKNOWN","40.4","0.11825805","11","1622",""
"dcd-10848714-33","dcd","appropriate safeguards to minimize the danger of unfair prejudice include a limit on what details the Government can elicit and a precautionary limiting instruction","United States v. Han","United States v. Han, 962 F.3d 568 (2020)","sonnet","","Old Chief v. United States, 519 U.S. 172 (1997)","55.7","0.13789769999999998","11","2831",""
"dcd-10851325-34","dcd","recognizing that under both South Dakota and D.C. law, the use of a credit card can constitute assent to an arbitration provision in the accompanying agreement","Samenow v. Citicorp Credit Servs., Inc.","Samenow v. Citicorp Credit Servs., Inc., 253 F. Supp. 3d 197 (2017)","sonnet","","UNKNOWN","73.8","0.17851604999999998","15","4067",""
"dcd-10851116-35","dcd","concluding the same in the context of a motion to dismiss pursuant to Rule 12(b)(6)","Brown v. Whole Foods Mkt. Grp., Inc.","Brown v. Whole Foods Mkt. Grp., Inc., 789 F.3d 146 (2015)","sonnet","","Ashcroft v. Iqbal, 556 U.S. 662 (S. Ct. 2009)","12.4","0.04694925","3","458",""
"dcd-10849233-36","dcd","reasoning that “[t]here is no legal basis on which the state can retain a fine exacted from Libous as punishment for an offense he is now presumed not to have committed” but not discussing restitution as no restitution had not been ordered","United States v. Libous","United States v. Libous, 858 F.3d 64 (2017)","sonnet","","United States v. Libous, 858 F.3d 64 (2d Cir. 2017)","47.0","0.13175235","11","2412",""
"dcd-10848714-37","dcd","“The doctrine of prosecutorial vindictiveness . . . precludes action by a prosecutor that is designed to penalize a defendant for invoking any legally protected right[.]” (cleaned up)","United States v. Safavian","United States v. Safavian, 649 F.3d 688 (2011)","sonnet","","Blackledge v. Perry, 417 U.S. 21 (U.S. 1974)","13.3","0.04900425","3","532",""
"dcd-10851325-38","dcd","“When a district court finds that a lawsuit involves an arbitrable dispute, and a party requests a stay pending arbitration, § 3 of the FAA compels the court to stay the proceeding.”","Smith v. Spizzirri","Smith v. Spizzirri, 601 U.S. 472 (2024)","sonnet","","Smith v. Spizzirri, 601 U.S. 472 (U.S. 2024)","12.6","0.044537999999999994","3","292",""
"dcd-10848672-39","dcd","explaining that “the limitation the outer surface of said sphere would not require an antecedent recitation that the sphere have an outer surface”","Bose Corp. v. JBL, Inc.","Bose Corp. v. JBL, Inc., 274 F.3d 1354 (2001)","sonnet","","UNKNOWN","16.2","0.0470205","3","461",""
"cand-10846473-0","cand","stating that “[f]ederal law 27 determines when a cause of action for a Section 1983 claim accrues and, hence, when the statute 1 knows or has reason to know of the injury that is the basis of the action.” Belanus v. Clark, 796 2 F.3d 1021, 1025 (9th Cir. 2015","Pouncil v. Tilton","Pouncil v. Tilton, 704 F.3d 568 (2012)","sonnet","","Wallace v. Kato, 549 U.S. 384 (2006)","55.9","0.13566525000000001","3","3244",""
"cand-10846521-1","cand","“We said ‘discard’ means to ‘cast aside; reject; abandon; give up.’” (quoting Ecological 23 Rts. Found., 713 F.3d at 515)","California River Watch v. City of Vacaville","California River Watch v. City of Vacaville, 39 F.4th 624 (2022)","sonnet","","UNKNOWN","20.8","0.05013300000000001","3","738",""
"cand-10846521-2","cand","“Thus, although 4 all hazardous wastes are solid wastes, not all solid wastes are hazardous wastes.”","Corp. v. EPA","Corp. v. EPA, 821 F.2d 714 (1987)","sonnet","","UNKNOWN","22.2","0.05163675","3","901",""
"cand-10847982-3","cand","plaintiff’s likelihood of success is one factor considered in 8 deciding a motion for preliminary injunction","Winter v. National Resources Defense 7 Council, Inc.","Winter v. National Resources Defense 7 Council, Inc., 555 U.S. 7 (2008)","sonnet","","Winter v. Natural Resources Defense Council, 555 U.S. 7 (U.S. 2008)","9.8","0.042209250000000004","3","275",""
"cand-10846521-4","cand","“We generally do not consider issues raised for the 11 first time during oral argument.” (cleaned up)","Pacific Pictures 10 Corp.","Pacific Pictures 10 Corp., 679 F.3d 1121 (2012)","sonnet","","UNKNOWN","26.5","0.0574605","3","1291",""
"cand-10846473-5","cand","finding that a claim for abuse of process is subject to California’s personal injury statute of limitations","Nw. Airlines, Inc. v. Camacho","Nw. Airlines, Inc. v. Camacho, 296 F.3d 787 (2002)","sonnet","","UNKNOWN","21.5","0.05084925","3","719",""
"cand-10846473-6","cand","affirming district court’s 7 dismissal of a time-barred claim without leave to amend because “any amendments would have 8 been futile”","Supply v. EOFF Elec., Inc.","Supply v. EOFF Elec., Inc., 522 F.3d 1049 (2008)","sonnet","","Cervantes v. Countrywide Home Loans, Inc., 656 F.3d 1034 (9th Cir. 2011)","58.7","0.12567825","11","2824",""
"cand-10847982-7","cand","plaintiff’s likelihood of success is one factor considered in 8 deciding a motion for preliminary injunction","Winter v. National Resources Defense 7 Council, Inc.","Winter v. National Resources Defense 7 Council, Inc., 555 U.S. 7 (2008)","sonnet","","Winter v. Natural Resources Defense Council, 555 U.S. 7 (U.S. 2008)","8.7","0.04285800000000001","3","260",""
"cand-10846473-8","cand","stating that “[f]ederal law 27 determines when a cause of action for a Section 1983 claim accrues and, hence, when the statute 1 knows or has reason to know of the injury that is the basis of the action.” Belanus v. Clark, 796 2 F.3d 1021, 1025 (9th Cir. 2015","Pouncil v. Tilton","Pouncil v. Tilton, 704 F.3d 568 (2012)","sonnet","","Wallace v. Kato, 549 U.S. 384 (2007)","23.0","0.056388","3","1203",""
"cand-10846473-9","cand","noting that “California has the 2 “discovery rule” of tolling, “which postpones accrual of a cause of action until the plaintiff 3 discovers, or has reason to discover, the cause of action.","City of Los Angeles","City of Los Angeles, 471 F. App’x 620 (2012)","sonnet","","Lukovsky v. City & County of San Francisco, 535 F.3d 1044 (9th Cir. 2008)","45.3","0.109845","11","1848",""
"cand-10846972-10","cand","holding that, in the Ninth Circuit, “‘serious questions going to the merits’ and a 25 hardship balance that tips sharply toward the plaintiff can support issuance of an injunction, 26 assuming the other two elements of the Winter test are also met”","Alliance For The Wild Rockies v. Cottrell","Alliance For The Wild Rockies v. Cottrell, 632 F.3d 1127 (2011)","sonnet","","Alliance for the Wild Rockies v. Cottrell, 632 F.3d 1127 (9th Cir. 2011)","10.9","0.0433155","3","339",""
"cand-10846521-11","cand","“Thus, although 4 all hazardous wastes are solid wastes, not all solid wastes are hazardous wastes.”","Corp. v. EPA","Corp. v. EPA, 821 F.2d 714 (1987)","sonnet","","UNKNOWN","22.5","0.056751750000000004","3","1242",""
"cand-10846473-12","cand","affirming district court’s 7 dismissal of a time-barred claim without leave to amend because “any amendments would have 8 been futile”","Supply v. EOFF Elec., Inc.","Supply v. EOFF Elec., Inc., 522 F.3d 1049 (2008)","sonnet","","","120","0","0","0","TIMEOUT"
"cand-10847998-13","cand","observing that the district court’s case 6 || management order permitting “limited discovery from an Internet Service Provider to establish a 7 || potential infringer’s identity” was “a sensible way to manage its dockets ... .”","USA), Inc. v. 5 Turchin","USA), Inc. v. 5 Turchin, 896 F.3d 1033 (2018)","sonnet","","UNKNOWN","19.8","0.0509655","3","851",""
"cand-10847998-14","cand","observing that the district court’s case 6 || management order permitting “limited discovery from an Internet Service Provider to establish a 7 || potential infringer’s identity” was “a sensible way to manage its dockets ... .”","USA), Inc. v. 5 Turchin","USA), Inc. v. 5 Turchin, 896 F.3d 1033 (2018)","sonnet","","UNKNOWN","30.7","0.05702549999999999","3","1255",""
"cand-10846521-15","cand","“[The] court should 10 || grant leave to amend... unless it determines that the pleading could not possibly be cured by the 11 allegation of other facts.” (quotation marks and citation omitted)","Lopez v. Smith","Lopez v. Smith, 203 F.3d 1122 (2000)","sonnet","","Lopez v. Smith, 203 F.3d 1122 (9th Cir. 2000)","18.0","0.048183000000000004","3","608",""
"cand-10845955-16","cand","stating that Rule 15(d) “cannot be used to introduce a ‘separate, distinct and new 7 cause of action’”","Planned Parenthood v. Neely","Planned Parenthood v. Neely, 130 F.3d 400 (1997)","sonnet","","UNKNOWN","25.9","0.05953425","3","1237",""
"cand-10846521-17","cand","“[The] court should 10 || grant leave to amend... unless it determines that the pleading could not possibly be cured by the 11 allegation of other facts.” (quotation marks and citation omitted)","Lopez v. Smith","Lopez v. Smith, 203 F.3d 1122 (2000)","sonnet","","Lopez v. Smith, 203 F.3d 1122 (9th Cir. 2000)","12.5","0.04445925","3","418",""
"cand-10846521-18","cand","“Threadbare recitals of the 18 elements of a cause of action, supported by mere conclusory statements, do not suffice, . . . [and] 19 we are not bound to accept as true a legal conclusion couched as a factual allegation.” (cleaned 20 up)","Ashcroft v. Iqbal","Ashcroft v. Iqbal, 556 U.S. 662 (2009)","sonnet","","Ashcroft v. Iqbal, 556 U.S. 662 (U.S. 2009)","7.4","0.0407805","3","168",""
"cand-10845955-19","cand","“Where, as here, there is no applicable 26 federal statute governing personal jurisdiction, the district court applies the law of the state in 27 which the district court sits.”","Schwarzenegger v. Fred 25 Martin Motor Co.","Schwarzenegger v. Fred 25 Martin Motor Co., 374 F.3d 797 (2004)","sonnet","","Schwarzenegger v. Fred Martin Motor Co., 374 F.3d 797 (9th Cir. 2004)","12.0","0.04413675","3","399",""
"cand-10846473-20","cand","“ ‘Different theories supporting the 7 same claim for relief must be brought in the initial action.’ [citation omitted] ... Permitting these 8 later-filed claims to proceed would create incentive for plaintiffs to hold back claims and have a 9 second adjudication.”","Mpoyo v. Litton 6 Electro-Optical Sys.","Mpoyo v. Litton 6 Electro-Optical Sys., 430 F.3d 985 (2005)","sonnet","","UNKNOWN","25.3","0.0575805","3","1289",""
"cand-10846473-21","cand","noting that “California has the 2 “discovery rule” of tolling, “which postpones accrual of a cause of action until the plaintiff 3 discovers, or has reason to discover, the cause of action.","City of Los Angeles","City of Los Angeles, 471 F. App’x 620 (2012)","sonnet","","UNKNOWN","34.8","0.064188","3","1748",""
"cand-10845955-22","cand","stating that, for a corporation, 16 the paradigm forum for the exercise of general jurisdiction is its place of incorporation and its 17 principal place of business","Daimler AG v. Bauman","Daimler AG v. Bauman, 571 U.S. 117 (2014)","sonnet","","Daimler AG v. Bauman, 571 U.S. 117 (U.S. 2014)","8.9","0.0415305","3","168",""
"cand-10846473-23","cand","providing that a court “may take notice of proceedings in other courts ... if 11 those proceedings have a direct relation to matters at issue”","Bias v. Moynihan","Bias v. Moynihan, 508 F.3d 1212 (2007)","sonnet","","St. Louis Baptist Temple, Inc. v. Federal Deposit Insurance Corp., 605 F.2d 1169 (10th Cir. 1979)","8.6","0.041958","3","256",""
"cand-10847998-24","cand","observing that the district court’s case 6 || management order permitting “limited discovery from an Internet Service Provider to establish a 7 || potential infringer’s identity” was “a sensible way to manage its dockets ... .”","USA), Inc. v. 5 Turchin","USA), Inc. v. 5 Turchin, 896 F.3d 1033 (2018)","sonnet","","UNKNOWN","25.7","0.0531105","3","994",""
"cand-10845955-25","cand","stating that, for a corporation, 16 the paradigm forum for the exercise of general jurisdiction is its place of incorporation and its 17 principal place of business","Daimler AG v. Bauman","Daimler AG v. Bauman, 571 U.S. 117 (2014)","sonnet","","Daimler AG v. Bauman, 571 U.S. 117 (U.S. 2014)","8.9","0.04243425","3","154",""
"cand-10846521-26","cand","“Thus, although 4 all hazardous wastes are solid wastes, not all solid wastes are hazardous wastes.”","Corp. v. EPA","Corp. v. EPA, 821 F.2d 714 (1987)","sonnet","","UNKNOWN","19.9","0.0508155","3","788",""
"cand-10847982-27","cand","plaintiff’s likelihood of success is one factor considered in 8 deciding a motion for preliminary injunction","Winter v. National Resources Defense 7 Council, Inc.","Winter v. National Resources Defense 7 Council, Inc., 555 U.S. 7 (2008)","sonnet","","Winter v. Natural Resources Defense Council, Inc., 555 U.S. 7 (U.S. 2008)","10.5","0.041834249999999996","3","250",""
"cand-10846521-28","cand","“Threadbare recitals of the 18 elements of a cause of action, supported by mere conclusory statements, do not suffice, . . . [and] 19 we are not bound to accept as true a legal conclusion couched as a factual allegation.” (cleaned 20 up)","Ashcroft v. Iqbal","Ashcroft v. Iqbal, 556 U.S. 662 (2009)","sonnet","","Ashcroft v. Iqbal, 556 U.S. 662 (U.S. 2009)","7.6","0.0408555","3","173",""
"cand-10846473-29","cand","finding that a claim for abuse of process is subject to California’s personal injury statute of limitations","Nw. Airlines, Inc. v. Camacho","Nw. Airlines, Inc. v. Camacho, 296 F.3d 787 (2002)","sonnet","","UNKNOWN","23.9","0.05042175","3","823",""
"cand-10846473-30","cand","“ ‘Different theories supporting the 7 same claim for relief must be brought in the initial action.’ [citation omitted] ... Permitting these 8 later-filed claims to proceed would create incentive for plaintiffs to hold back claims and have a 9 second adjudication.”","Mpoyo v. Litton 6 Electro-Optical Sys.","Mpoyo v. Litton 6 Electro-Optical Sys., 430 F.3d 985 (2005)","sonnet","","UNKNOWN","28.1","0.057040499999999994","3","1253",""
"cand-10847982-31","cand","plaintiff’s likelihood of success is one factor considered in 8 deciding a motion for preliminary injunction","Winter v. National Resources Defense 7 Council, Inc.","Winter v. National Resources Defense 7 Council, Inc., 555 U.S. 7 (2008)","sonnet","","Winter v. Natural Resources Defense Council, 555 U.S. 7 (U.S. 2008)","12.2","0.04238925","3","287",""
"cand-10845955-32","cand","stating that, for a corporation, 16 the paradigm forum for the exercise of general jurisdiction is its place of incorporation and its 17 principal place of business","Daimler AG v. Bauman","Daimler AG v. Bauman, 571 U.S. 117 (2014)","sonnet","","Daimler AG v. Bauman, 571 U.S. 117 (U.S. 2014)","26.2","0.044163","3","211",""
"cand-10846972-33","cand","holding that, in the Ninth Circuit, “‘serious questions going to the merits’ and a 25 hardship balance that tips sharply toward the plaintiff can support issuance of an injunction, 26 assuming the other two elements of the Winter test are also met”","Alliance For The Wild Rockies v. Cottrell","Alliance For The Wild Rockies v. Cottrell, 632 F.3d 1127 (2011)","sonnet","","Alliance for the Wild Rockies v. Cottrell, 632 F.3d 1127 (9th Cir. 2011)","12.4","0.0445005","3","418",""
"cand-10845955-34","cand","stating that Rule 15(d) “cannot be used to introduce a ‘separate, distinct and new 7 cause of action’”","Planned Parenthood v. Neely","Planned Parenthood v. Neely, 130 F.3d 400 (1997)","sonnet","","UNKNOWN","20.2","0.05253300000000001","3","961",""
"cand-10846473-35","cand","“ ‘Different theories supporting the 7 same claim for relief must be brought in the initial action.’ [citation omitted] ... Permitting these 8 later-filed claims to proceed would create incentive for plaintiffs to hold back claims and have a 9 second adjudication.”","Mpoyo v. Litton 6 Electro-Optical Sys.","Mpoyo v. Litton 6 Electro-Optical Sys., 430 F.3d 985 (2005)","sonnet","","UNKNOWN","25.7","0.055135500000000004","3","1126",""
"cand-10846473-36","cand","finding that a claim for abuse of process is subject to California’s personal injury statute of limitations","Nw. Airlines, Inc. v. Camacho","Nw. Airlines, Inc. v. Camacho, 296 F.3d 787 (2002)","sonnet","","UNKNOWN","21.0","0.04892175","3","723",""
"cand-10846473-37","cand","noting that “California has the 2 “discovery rule” of tolling, “which postpones accrual of a cause of action until the plaintiff 3 discovers, or has reason to discover, the cause of action.","City of Los Angeles","City of Los Angeles, 471 F. App’x 620 (2012)","sonnet","","Lukovsky v. City and County of San Francisco, 535 F.3d 1044 (9th Cir. 2008)","31.3","0.06139425","3","1547",""
"cand-10845955-38","cand","stating that Rule 15(d) “cannot be used to introduce a ‘separate, distinct and new 7 cause of action’”","Planned Parenthood v. Neely","Planned Parenthood v. Neely, 130 F.3d 400 (1997)","sonnet","","UNKNOWN","76.9","0.15719339999999998","11","4050",""
"cand-10846521-39","cand","“We generally do not consider issues raised for the 11 first time during oral argument.” (cleaned up)","Pacific Pictures 10 Corp.","Pacific Pictures 10 Corp., 679 F.3d 1121 (2012)","sonnet","","UNKNOWN","43.6","0.0916245","7","1977",""
"txsd-10850665-0","txsd","“To adequately plead an adverse employment action, . . . plaintiff need only show that she was discriminated against, because of a protected characteristic, with respect to hiring, firing, compensation, or the ‘terms, conditions, or privileges of employment’”","Hamilton v. Dallas Cnty.","Hamilton v. Dallas Cnty., 79 F.4th 494 (2023)","sonnet","","Muldrow v. City of St. Louis, 601 U.S. 346 (U.S. 2024)","49.4","0.07419300000000001","3","2399",""
"txsd-10851577-1","txsd","stating that testimony of hours worked based on personal knowledge is sufficient evidence under Anderson","Anderson v. Mt. Clemens Pottery Co.","Anderson v. Mt. Clemens Pottery Co., 328 U.S. 680 (1985)","sonnet","","I was unable to verify a specific case through the available tools (permissions were not granted). Based on my knowledge, I cannot confirm a citation with sufficient accuracy for legal purposes.

UNKNOWN","73.7","0.1537044","11","3685",""
"txsd-10850738-2","txsd","“Procedural perfection in administrative proceedings is not required. This court will not vacate a judgment unless the substantial rights of a party have been affected.”","Mays v. Bowen","Mays v. Bowen, 837 F.2d 1362 (1988)","sonnet","","Shinseki v. Sanders, 556 U.S. 396 (U.S. 2009)","18.2","0.051494250000000005","3","891",""
"txsd-10850738-3","txsd","holding that if the claimant cannot afford or obtain prescribed treatment or medication, the condition may still be disabling","Lovelace v. Bowen","Lovelace v. Bowen, 813 F.2d 55 (1987)","sonnet","","Gamble v. Chater, 68 F.3d 319 (9th Cir. 1995)","25.2","0.05564925","3","1112",""
"txsd-10851577-4","txsd","stating that testimony of hours worked based on personal knowledge is sufficient evidence under Anderson","Anderson v. Mt. Clemens Pottery Co.","Anderson v. Mt. Clemens Pottery Co., 66 S.Ct. 1187 (1985)","sonnet","","UNKNOWN","29.1","0.0579405","3","1325",""
"txsd-10851577-5","txsd","stating that testimony of hours worked based on personal knowledge is sufficient evidence under Anderson","Beliz v. W.H. McLeod & Sons Packing Co.","Beliz v. W.H. McLeod & Sons Packing Co., 765 F.2d 1317 (1985)","sonnet","","Brock v. Seto, 790 F.2d 1446 (9th Cir. 1986)","28.0","0.059650499999999995","3","1439",""
"txsd-10850875-6","txsd","There is simply “no principle of law or equity which sanctions the rejection by a federal court of the salutary principle of res judicata.”","Heiser v. Woodruff","Heiser v. Woodruff, 327 U.S. 726 (1946)","sonnet","","Federated Department Stores, Inc. v. Moitie, 452 U.S. 394 (U.S. 1981)","22.9","0.05673675","3","1241",""
"txsd-10851577-7","txsd","stating that testimony of hours worked based on personal knowledge is sufficient evidence under Anderson","Anderson v. Mt. Clemens Pottery Co.","Anderson v. Mt. Clemens Pottery Co., 328 U.S. 680 (1985)","sonnet","","Anderson v. Mt. Clemens Pottery Co., 328 U.S. 680 (1946)","32.4","0.0625155","3","1630",""
"txsd-10850738-8","txsd","“[T]his court’s review is restricted to points of error and argument specifically raised and discussed in briefs submitted after the administrative transcript is filed.”","Nehlig v. Comm’r of Soc. Sec. Admin.","Nehlig v. Comm’r of Soc. Sec. Admin., 40 F. Supp. 2d 841 (1999)","sonnet","","UNKNOWN","50.6","0.12452445000000002","11","2014",""
"txsd-10851577-9","txsd","stating that testimony of hours worked based on personal knowledge is sufficient evidence under Anderson","Anderson v. Mt. Clemens Pottery Co.","Anderson v. Mt. Clemens Pottery Co., 90 L.Ed. 1515 (1985)","sonnet","","Tyson Foods, Inc. v. Bouaphakeo, 577 U.S. 442 (2016)","86.8","0.11201549999999999","3","4930",""
"txsd-10850900-10","txsd","“Under [Section 2675(b)], claimants under the FTCA cannot claim more than asked for in their administrative claims unless it is justified by newly discovered evidence.”","Dickerson v. United States","Dickerson v. United States, 280 F.3d 470 (2002)","sonnet","","UNKNOWN","20.2","0.051966750000000006","3","921",""
"txsd-10850738-11","txsd","holding that plaintiff who exhausted administrative remedies was not also required to exhaust issues in a request for review by the Appeals Council","Sims v. Apfel","Sims v. Apfel, 530 U.S. 103 (2000)","sonnet","","Sims v. Apfel, 530 U.S. 103 (U.S. 2000)","11.3","0.046698","3","382",""
"txsd-10850738-12","txsd","holding that plaintiff who exhausted administrative remedies was not also required to exhaust issues in a request for review by the Appeals Council","Sims v. Apfel","Sims v. Apfel, 530 U.S. 103 (2000)","sonnet","","Sims v. Apfel, 530 U.S. 103 (U.S. 2000)","11.0","0.04227675","3","278",""
"txsd-10851548-13","txsd","“a [p]etitioner must satisfy the Younger abstention hurdles before [a court] may give habeas relief”","Kolski v. Watkins","Kolski v. Watkins, 544 F.2d 762 (1977)","sonnet","","UNKNOWN","45.7","0.06794175","3","1798",""
"txsd-10850780-14","txsd","“[A]n independent school district is more like a city or county than it is like an arm of the State of Texas and is amenable to suit in federal court under the Eleventh Amendment.”","Sch. Dist. v. McKinney","Sch. Dist. v. McKinney, 936 S.W.2d 279 (1996)","sonnet","","UNKNOWN","64.9","0.09906300000000001","3","4060",""
"txsd-10850738-15","txsd","holding that plaintiff who exhausted administrative remedies was not also required to exhaust issues in a request for review by the Appeals Council","Sims v. Apfel","Sims v. Apfel, 530 U.S. 103 (2000)","sonnet","","Sims v. Apfel, 530 U.S. 103 (U.S. 2000)","11.5","0.04320675","3","340",""
"txsd-10850738-16","txsd","holding that plaintiff who exhausted administrative remedies was not also required to exhaust issues in a request for review by the Appeals Council","Sims v. Apfel","Sims v. Apfel, 530 U.S. 103 (2000)","sonnet","","Sims v. Apfel, 530 U.S. 103 (U.S. 2000)","13.7","0.043071750000000006","3","331",""
"txsd-10850780-17","txsd","“[A]n independent school district is more like a city or county than it is like an arm of the State of Texas and is amenable to suit in federal court under the Eleventh Amendment.”","Sch. Dist. v. McKinney","Sch. Dist. v. McKinney, 936 S.W.2d 279 (1996)","sonnet","","I was unable to access the legal research tools to verify a citation. Based on my training knowledge, the proposition closely mirrors the reasoning in *Mt. Healthy City School Dist. Bd. of Ed. v. Doyle*, 429 U.S. 274 (1977), but that case involved an Ohio district, not Texas specifically. I cannot confirm a Texas-specific case citation with sufficient confidence.

UNKNOWN","93.3","0.16431405","11","5183",""
"txsd-10851577-18","txsd","stating that testimony of hours worked based on personal knowledge is sufficient evidence under Anderson","Anderson v. Mt. Clemens Pottery Co.","Anderson v. Mt. Clemens Pottery Co., 66 S.Ct. 1187 (1985)","sonnet","","UNKNOWN","28.9","0.0572955","3","1282",""
"txsd-10851548-19","txsd","“a [p]etitioner must satisfy the Younger abstention hurdles before [a court] may give habeas relief”","Kolski v. Watkins","Kolski v. Watkins, 544 F.2d 762 (1977)","sonnet","","UNKNOWN","30.3","0.06086925","3","1459",""
"txsd-10850046-20","txsd","“[T]he focus [in a failure to train claim] must be on the adequacy of the training program in relation to the tasks the particular officers must perform.”","Snyder v. Trepagnier","Snyder v. Trepagnier, 142 F.3d 791 (1998)","sonnet","","City of Canton v. Harris, 489 U.S. 378 (U.S. 1989)","10.7","0.0427755","3","251",""
"txsd-10850900-21","txsd","first quoting Brady v. Klentzman, 515 S.W.3d 878, 887 (Tex. 2017); and then quoting Waste Mgmt. of Tex., Inc. v. Tex. Disposal Sys. Landfill, Inc., 434 S.W.3d 142, 153 (Tex. 2014)","Anderson v. Durant","Anderson v. Durant, 550 S.W.3d 605 (2018)","sonnet","","UNKNOWN","5.2","0.0384255","3","5",""
"txsd-10850900-22","txsd","“Under [Section 2675(b)], claimants under the FTCA cannot claim more than asked for in their administrative claims unless it is justified by newly discovered evidence.”","Dickerson v. United States","Dickerson v. United States, 280 F.3d 470 (2002)","sonnet","","UNKNOWN","40.0","0.06733049999999999","3","1887",""
"txsd-10850046-23","txsd","“[T]he focus [in a failure to train claim] must be on the adequacy of the training program in relation to the tasks the particular officers must perform.”","Snyder v. Trepagnier","Snyder v. Trepagnier, 142 F.3d 791 (1998)","sonnet","","City of Canton v. Harris, 489 U.S. 378 (U.S. 1989)","10.5","0.0437055","3","313",""
"txsd-10850738-24","txsd","“Procedural perfection in administrative proceedings is not required. This court will not vacate a judgment unless the substantial rights of a party have been affected.”","Mays v. Bowen","Mays v. Bowen, 837 F.2d 1362 (1988)","sonnet","","Shinseki v. Sanders, 556 U.S. 396 (U.S. 2009)","12.6","0.04301175","3","380",""
"txsd-10851548-25","txsd","“a [p]etitioner must satisfy the Younger abstention hurdles before [a court] may give habeas relief”","Kolski v. Watkins","Kolski v. Watkins, 544 F.2d 762 (1977)","sonnet","","UNKNOWN","36.4","0.0673455","3","1949",""
"txsd-10851548-26","txsd","stating that when a state prisoner does not seek direct review, the conviction becomes final for purposes of § 2244 at “the expiration of the time for seeking such review”","Roberts v. Cockrell","Roberts v. Cockrell, 319 F.3d 690 (2003)","sonnet","","Gonzalez v. Thaler, 565 U.S. 134 (U.S. 2012)","12.4","0.045243","3","473",""
"txsd-10850046-27","txsd","“[T]he focus [in a failure to train claim] must be on the adequacy of the training program in relation to the tasks the particular officers must perform.”","Snyder v. Trepagnier","Snyder v. Trepagnier, 142 F.3d 791 (1998)","sonnet","","City of Canton v. Harris, 489 U.S. 378 (1989)","10.7","0.04430175","3","411",""
"txsd-10851577-28","txsd","“After a default judgment, the plaintiff’s well-pleaded factual allegations are taken as true, except regarding damages.”","United States v. Shipco Gen., Inc.","United States v. Shipco Gen., Inc., 814 F.2d 1011 (1987)","sonnet","","Greyhound Exhibitgroup, Inc. v. E.L.U.L. Realty Corp., 973 F.2d 155 (2d Cir. 1992)","24.2","0.05502675","3","1070",""
"txsd-10850725-29","txsd","explaining that “$§1225(b)(1) and 1225(b)(2) thus mandate detention of applicants for admission until certain proceedings have concluded”","Jennings v. Rodriquez","Jennings v. Rodriquez, 583 U.S. 281 (2018)","sonnet","","Jennings v. Rodriguez, 583 U.S. 281 (2018)","10.4","0.04503675","3","460",""
"txsd-10851548-30","txsd","“As the Fifth Circuit has explained, usually ‘custody’ signifies incarceration or supervised release, but in general it encompasses most restrictions on liberty resulting from a criminal conviction.”","Maleng v. Cook","Maleng v. Cook, 490 U.S. 488 (2013)","sonnet","","UNKNOWN","17.3","0.047598","3","630",""
"txsd-10850780-31","txsd","“[A]n independent school district is more like a city or county than it is like an arm of the State of Texas and is amenable to suit in federal court under the Eleventh Amendment.”","Sch. Dist. v. McKinney","Sch. Dist. v. McKinney, 936 S.W.2d 279 (1996)","sonnet","","Mt. Healthy City School District Board of Education v. Doyle, 429 U.S. 274 (U.S. 1977)","41.4","0.072288","3","2275",""
"txsd-10851548-32","txsd","“Under the rule set out by [Younger], federal courts must refrain from considering requests for injunctive relief based upon constitutional challenges to state criminal proceedings pending at the time the federal action is instituted.”","Tex. Ass’  Bus. v. Earle","Tex. Ass’  Bus. v. Earle, 388 F.3d 515 (2004)","sonnet","","Younger v. Harris, 401 U.S. 37 (U.S. 1971)","10.4","0.0409305","3","184",""
"txsd-10851577-33","txsd","stating that testimony of hours worked based on personal knowledge is sufficient evidence under Anderson","Anderson v. Mt. Clemens Pottery Co.","Anderson v. Mt. Clemens Pottery Co., 66 S.Ct. 1187 (1985)","sonnet","","UNKNOWN","48.8","0.07468050000000001","3","2441",""
"txsd-10851577-34","txsd","stating that testimony of hours worked based on personal knowledge is sufficient evidence under Anderson","Anderson v. Mt. Clemens Pottery Co.","Anderson v. Mt. Clemens Pottery Co., 328 U.S. 680 (1985)","sonnet","","UNKNOWN","29.2","0.05990925","3","1398",""
"txsd-10850738-35","txsd","“Without such a showing [that the claimant’s symptoms wax and wane], the claimant’s ability to maintain employment is subsumed in the RFC determination.”","Perez v. Barnhart","Perez v. Barnhart, 415 F.3d 457 (2005)","sonnet","","Frank v. Barnhart, 326 F.3d 618 (5th Cir. 2003)","15.6","0.048153","3","667",""
"txsd-10850665-36","txsd","“To adequately plead an adverse employment action, . . . plaintiff need only show that she was discriminated against, because of a protected characteristic, with respect to hiring, firing, compensation, or the ‘terms, conditions, or privileges of employment’”","Hamilton v. Dallas Cnty.","Hamilton v. Dallas Cnty., 79 F.4th 494 (2023)","sonnet","","Muldrow v. City of St. Louis, 601 U.S. 346 (U.S. 2024)","13.0","0.04798425","3","461",""
"txsd-10850780-37","txsd","“[A]n independent school district is more like a city or county than it is like an arm of the State of Texas and is amenable to suit in federal court under the Eleventh Amendment.”","Sch. Dist. v. McKinney","Sch. Dist. v. McKinney, 936 S.W.2d 279 (1996)","sonnet","","UNKNOWN","29.6","0.061397999999999994","3","1549",""
"txsd-10850738-38","txsd","holding that the ALJ erred “[b]y failing to make the specific determination required by Singletary”","Cline v. Astrue","Cline v. Astrue, 577 F. Supp. 2d 835 (2008)","sonnet","","UNKNOWN","14.9","0.04534425","3","483",""
"txsd-10851548-39","txsd","“As the Fifth Circuit has explained, usually ‘custody’ signifies incarceration or supervised release, but in general it encompasses most restrictions on liberty resulting from a criminal conviction.”","Maleng v. Cook","Maleng v. Cook, 490 U.S. 488 (2013)","sonnet","","UNKNOWN","17.8","0.04892175","3","660",""
"ilnd-10848848-0","ilnd","“[r]efusal to defend is unjustifiable unless it is clear from the face of the underlying complaint that the facts alleged do not fall potentially within the policy’s coverage”","Outboard Marine Corp. v. Liberty Mut. Ins. Co.","Outboard Marine Corp. v. Liberty Mut. Ins. Co., 607 N.E.2d 1204 (1992)","sonnet","","UNKNOWN","41.7","0.06615299999999999","3","1867",""
"ilnd-10846556-1","ilnd","holding that screening of in forma pauperis complaint under Rule 12(b)(6) standard should not be conflated with standard for frivolousness","Neitzke v. Williams","Neitzke v. Williams, 490 U.S. 319 (1989)","sonnet","","Neitzke v. Williams, 490 U.S. 319 (U.S. 1989)","11.1","0.044050500000000006","3","395",""
"ilnd-10846556-2","ilnd","noting that it is self-contradictory to grant leave to appeal in forma pauperis when the same complaint was dismissed for being frivolous","Tolefree v. Cudahy","Tolefree v. Cudahy, 49 F.3d 1243 (1995)","sonnet","","UNKNOWN","52.9","0.09998685","7","2551",""
"ilnd-10848183-3","ilnd","“[J]ust because the staff declined to provide him with his desired prescription [] medicine . . . does not mean that the course of treatment was objectively unreasonable.”","Williams v. Ortiz","Williams v. Ortiz, 937 F.3d 936 (2019)","sonnet","","UNKNOWN","79.6","0.1521354","11","4000",""
"ilnd-10848812-4","ilnd","“Where a plaintiff states a plausible claim for relief under one discernable legal theory, we start and end there.”","Signal Funding, LLC v. Sugar Felsenthal Grais & Helsinger LLP","Signal Funding, LLC v. Sugar Felsenthal Grais & Helsinger LLP, 136 F.4th 718 (2025)","sonnet","","UNKNOWN","34.0","0.09751125","9","1401",""
"ilnd-10848183-5","ilnd","“We routinely have rejected claims, however, where a prisoner's claim is based on a preference for one medication over another unless there is evidence of a substantial departure from acceptable professional judgment.”","Lockett v. Bonson","Lockett v. Bonson, 937 F.3d 1016 (2019)","sonnet","","UNKNOWN","25.8","0.05618175","3","1202",""
"ilnd-10846556-6","ilnd","noting that it is self-contradictory to grant leave to appeal in forma pauperis when the same complaint was dismissed for being frivolous","Tolefree v. Cudahy","Tolefree v. Cudahy, 49 F.3d 1243 (1995)","sonnet","","UNKNOWN","33.1","0.0632655","3","1618",""
"ilnd-10848812-7","ilnd","contrasting the standard for resolving a motion to dismiss with the standard on summary judgment","Bennett v. Schmidt","Bennett v. Schmidt, 153 F.3d 516 (1998)","sonnet","","UNKNOWN","23.3","0.053943","3","1058",""
"ilnd-10848848-8","ilnd","“[r]efusal to defend is unjustifiable unless it is clear from the face of the underlying complaint that the facts alleged do not fall potentially within the policy’s coverage”","Outboard Marine Corp. v. Liberty Mut. Ins. Co.","Outboard Marine Corp. v. Liberty Mut. Ins. Co., 607 N.E.2d 1204 (1992)","sonnet","","UNKNOWN","27.2","0.055173","3","1135",""
"ilnd-10850705-9","ilnd","“In certain circumstances, maintaining stability within an employer’s workforce can be a legitimate business interest and thus the basis for a restrictive covenant.”","Instant Tech., LLC v. DeFazio","Instant Tech., LLC v. DeFazio, 40 F. Supp. 3d 989 (2014)","sonnet","","UNKNOWN","30.3","0.059204249999999986","3","1406",""
"ilnd-10849944-10","ilnd","sovereign immunity barred due process and academic freedom claims brought under § 1983 by a terminated former professor against university officials","Omosegbon v. Wells","Omosegbon v. Wells, 335 F.3d 668 (2003)","sonnet","","UNKNOWN","33.9","0.06228299999999999","3","1612",""
"ilnd-10848848-11","ilnd","“[r]efusal to defend is unjustifiable unless it is clear from the face of the underlying complaint that the facts alleged do not fall potentially within the policy’s coverage”","Outboard Marine Corp. v. Liberty Mut. Ins. Co.","Outboard Marine Corp. v. Liberty Mut. Ins. Co., 607 N.E.2d 1204 (1992)","sonnet","","UNKNOWN","38.6","0.066438","3","1886",""
"ilnd-10848809-12","ilnd","where that party has failed to create a genuine dispute, the fact is deemed admitted","Keeton v. Morningstar, Inc.","Keeton v. Morningstar, Inc., 667 F.3d 877 (2012)","sonnet","","Giannullo v. City of New York, 322 F.3d 139 (2d Cir. 2003)","22.1","0.05036925","3","820",""
"ilnd-10848183-13","ilnd","recognizing that there is no Monell claim without the aid of an underlying constitutional violation","Avina v. Bohlen","Avina v. Bohlen, 882 F.3d 674 (2018)","sonnet","","City of Los Angeles v. Heller, 475 U.S. 796 (U.S. 1986)","11.5","0.04205175","3","265",""
"ilnd-10848183-14","ilnd","a prisoner’s “disagreement with medical professionals about his needs . . . does not state a cognizable Eighth Amendment claim”","Ciarpaglini v. Saini","Ciarpaglini v. Saini, 352 F.3d 328 (2003)","sonnet","","UNKNOWN","39.9","0.06920175","3","2073",""
"ilnd-10848848-15","ilnd","observing that an “insurer that breaches its duty to defend and abandons its insured is estopped from later invoking policy defenses to indemnity”","Assurance Co., R.R.G. v. First Am. Title Ins. Co.","Assurance Co., R.R.G. v. First Am. Title Ins. Co., 853 F.3d 876 (2017)","sonnet","","UNKNOWN","40.6","0.06827925","3","2009",""
"ilnd-10848848-16","ilnd","noting that Illinois law only requires that the “underlying complaint allege[] facts within or potentially within policy coverage”","Gen. Agents Ins. Co.  Am. v. Midwest Sporting Goods Co.","Gen. Agents Ins. Co.  Am. v. Midwest Sporting Goods Co., 828 N.E.2d 1092 (2005)","sonnet","","","120","0","0","0","TIMEOUT"
"ilnd-10848809-17","ilnd","where that party has failed to create a genuine dispute, the fact is deemed admitted","Keeton v. Morningstar, Inc.","Keeton v. Morningstar, Inc., 667 F.3d 877 (2012)","sonnet","","Celotex Corp. v. Catrett, 477 U.S. 317 (1986)","36.6","0.06664424999999999","3","1905",""
"ilnd-10845820-18","ilnd","“An administrative law judge may not ask a vocational expert a hypothetical question based on substantial evidence and then ignore unfavorable answers.”","Campbell v. Bowen","Campbell v. Bowen, 822 F.2d 1518 (1987)","sonnet","","UNKNOWN","42.7","0.07559924999999999","3","2499",""
"ilnd-10848848-19","ilnd","noting that Illinois law only requires that the “underlying complaint allege[] facts within or potentially within policy coverage”","Gen. Agents Ins. Co.  Am. v. Midwest Sporting Goods Co.","Gen. Agents Ins. Co.  Am. v. Midwest Sporting Goods Co., 828 N.E.2d 1092 (2005)","sonnet","","UNKNOWN","42.5","0.0685905","3","1975",""
"ilnd-10848183-20","ilnd","“Normally, when all federal claims are dismissed before trial, the district court should relinquish jurisdiction over pendent state-law claims rather than resolving them on the merits.” (quotation marks omitted)","Miller v. Herman","Miller v. Herman, 600 F.3d 726 (2010)","sonnet","","United Mine Workers of America v. Gibbs, 383 U.S. 715 (U.S. 1966)","19.0","0.0497055","3","710",""
"ilnd-10845844-21","ilnd","“[W]e have held that worry and anxiety are not the kind of concrete injury essential to standing.”","Baysal v. Midvale Indem. Co.","Baysal v. Midvale Indem. Co., 78 F.4th 976 (2023)","sonnet","","UNKNOWN","27.1","0.05793675","3","1265",""
"ilnd-10848183-22","ilnd","“[W]hen a prisoner chooses not to receive treatment . . . the doctor is not deliberately indifferent.”","Blankenship v. Birch","Blankenship v. Birch, 590 F. App’x 629 (2014)","sonnet","","UNKNOWN","32.8","0.06850425","3","2027",""
"ilnd-10848183-23","ilnd","a medical professional is “entitled to deference in treatment decisions unless ‘no minimally competent medical professional would have so responded under these circumstances’ ” (quoting Collignon v. Milwaukee County, 163 F.3d 982, 988 (7th Cir.1998)","Sain v. Wood","Sain v. Wood, 512 F.3d 886 (2008)","sonnet","","The research tools weren't authorized. Answering from legal knowledge:

Greeno v. Daley, 414 F.3d 645 (7th Cir. 2005)","55.5","0.12693045","11","2820",""
"ilnd-10846556-24","ilnd","noting that it is self-contradictory to grant leave to appeal in forma pauperis when the same complaint was dismissed for being frivolous","Tolefree v. Cudahy","Tolefree v. Cudahy, 49 F.3d 1243 (1995)","sonnet","","UNKNOWN","29.0","0.057576749999999996","3","1297",""
"ilnd-10848183-25","ilnd","“Normally, when all federal claims are dismissed before trial, the district court should relinquish jurisdiction over pendent state-law claims rather than resolving them on the merits.” (quotation marks omitted)","Miller v. Herman","Miller v. Herman, 600 F.3d 726 (2010)","sonnet","","United Mine Workers v. Gibbs, 383 U.S. 715 (U.S. 1966)","14.8","0.04584675","3","511",""
"ilnd-10848183-26","ilnd","prison doctors “may choose from a range of acceptable courses” without running afoul of the Eighth Amendment","Walker v. Wexford Health Sources, Inc.","Walker v. Wexford Health Sources, Inc., 940 F.3d 954 (2019)","sonnet","","UNKNOWN","46.0","0.09443010000000002","7","2254",""
"ilnd-10848865-27","ilnd","“A release extinguishes a cause of action whereas a covenant not to sue affects only the right to bring suit and not the cause of action itself.”","Pate v. City of Sesser","Pate v. City of Sesser, 393 N.E.2d 1146 (1979)","sonnet","","UNKNOWN","44.6","0.06835050000000001","3","2015",""
"ilnd-10848865-28","ilnd","ambiguities in contract create question of fact that cannot be resolved on a motion to dismiss","Echo, Inc. v. Whitson Co., Inc.","Echo, Inc. v. Whitson Co., Inc., 121 F.3d 1099 (1997)","sonnet","","Eternity Global Master Fund Ltd. v. Morgan Guar. Trust Co. of N.Y., 375 F.3d 168 (2d Cir. 2004)","36.9","0.06366675","3","1706",""
"ilnd-10848183-29","ilnd","prison doctors “may choose from a range of acceptable courses” without running afoul of the Eighth Amendment","Walker v. Wexford Health Sources, Inc.","Walker v. Wexford Health Sources, Inc., 940 F.3d 954 (2019)","sonnet","","Chance v. Armstrong, 143 F.3d 698 (2d Cir. 1998)","41.2","0.07131299999999999","3","2215",""
"ilnd-10845820-30","ilnd","“Having found that one or more of Golembiewski's impairments was “severe,” the ALJ needed to consider the aggregate effect of this entire constellation of ailments– including those impairments that in isolation are not severe.”","Golembiewski v. Barnhart","Golembiewski v. Barnhart, 322 F.3d 912 (2003)","sonnet","","Golembiewski v. Barnhart, 322 F.3d 912 (7th Cir. 2003)","17.2","0.04644675","3","550",""
"ilnd-10846556-31","ilnd","noting that it is self-contradictory to grant leave to appeal in forma pauperis when the same complaint was dismissed for being frivolous","Tolefree v. Cudahy","Tolefree v. Cudahy, 49 F.3d 1243 (1995)","sonnet","","UNKNOWN","25.7","0.0551805","3","1079",""
"ilnd-10845844-32","ilnd","“Standing is lacking if it is merely ‘speculative’—as opposed to ‘likely’—that the plaintiff's injury would be redressed by a favorable decision.”","Helmstetter","Helmstetter, 44 F.4th 676 (2022)","sonnet","","Lujan v. Defenders of Wildlife, 504 U.S. 555 (U.S. 1992)","8.2","0.04085925","3","181",""
"ilnd-10848403-33","ilnd","“An employee who does not have a similar disciplinary history and performance record as the plaintiff is not similarly situated.”","Simpson v. Franciscan All., Inc.","Simpson v. Franciscan All., Inc., 827 F.3d 656 (2016)","sonnet","","Mitchell v. Toledo Hospital, 964 F.2d 577 (6th Cir. 1992)","56.0","0.127476","11","2973",""
"ilnd-10845820-34","ilnd","“Having found that one or more of Golembiewski's impairments was “severe,” the ALJ needed to consider the aggregate effect of this entire constellation of ailments– including those impairments that in isolation are not severe.”","Golembiewski v. Barnhart","Golembiewski v. Barnhart, 322 F.3d 912 (2003)","sonnet","","Golembiewski v. Barnhart, 322 F.3d 912 (7th Cir. 2003)","14.9","0.044151750000000003","3","397",""
"ilnd-10848183-35","ilnd","“[W]hen a prisoner chooses not to receive treatment . . . the doctor is not deliberately indifferent.”","Blankenship v. Birch","Blankenship v. Birch, 590 F. App’x 629 (2014)","sonnet","","UNKNOWN","110.2","0.22236824999999996","16","5787",""
"ilnd-10848812-36","ilnd","contrasting the standard for resolving a motion to dismiss with the standard on summary judgment","Bennett v. Schmidt","Bennett v. Schmidt, 153 F.3d 516 (1998)","sonnet","","Neitzke v. Williams, 490 U.S. 319 (U.S. 1989)","28.0","0.05759174999999999","3","1243",""
"ilnd-10848809-37","ilnd","inference of causality permitted where employee was discharged immediately after handing his supervisor a note detailing allegations of discrimination","Loudermilk v. Best Pallet Co.","Loudermilk v. Best Pallet Co., 636 F.3d 312 (2011)","sonnet","","UNKNOWN","29.0","0.055015499999999995","3","1128",""
"ilnd-10848812-38","ilnd","contrasting the standard for resolving a motion to dismiss with the standard on summary judgment","Bennett v. Schmidt","Bennett v. Schmidt, 153 F.3d 516 (1998)","sonnet","","Neitzke v. Williams, 490 U.S. 319 (U.S. 1989)","45.4","0.09913575","7","2612",""
"ilnd-10848183-39","ilnd","“[W]hen a prisoner chooses not to receive treatment . . . the doctor is not deliberately indifferent.”","Blankenship v. Birch","Blankenship v. Birch, 590 F. App’x 629 (2014)","sonnet","","UNKNOWN","37.9","0.09012105","7","1965",""
"mad-10850740-0","mad","first citing Sawtelle v. Farrell, 70 F.3d 1381, 1385 (1st Cir. 1995); and then citing C.W. Downer & Co. v. Bioriginal Food & Sci. Corp., 771 F.3d 59, 65 (1st Cir. 2014)","Baskin-Robbins Franchising LLC v. Alpenrose Dairy, Inc.","Baskin-Robbins Franchising LLC v. Alpenrose Dairy, Inc., 825 F.3d 28 (2016)","sonnet","","UNKNOWN","16.3","0.050208","3","733",""
"mad-10847516-1","mad","applying Massachusetts law sand finding continuity of shareholders factor not satisfied where defendant “paid cash for the assets of [the purported predecessor entity], and thus no shares exchanged hands”","Goguen v. Textron, Inc.","Goguen v. Textron, Inc., 476 F. Supp. 2d 5 (2007)","sonnet","","UNKNOWN","59.2","0.11386455000000001","11","2469",""
"mad-10845261-2","mad","“[L]abeling an inmate a snitch has the potential for great harm and may violate constitutional guarantees.”","Benefield v. McDowall","Benefield v. McDowall, 241 F.3d 1267 (2001)","sonnet","","Valandingham v. Bojorquez, 866 F.2d 1135 (9th Cir. 1989)","12.4","0.0464805","3","426",""
"mad-10850751-3","mad","noting that “a court can sua sponte order a transfer even absent a motion from either party”","Co. v. U.S. Env’t Prot. Agency","Co. v. U.S. Env’t Prot. Agency, 407 F.3d 1 (2005)","sonnet","","Costlow v. Weeks, 790 F.2d 1486 (9th Cir. 1986)","19.4","0.050706749999999995","3","709",""
"mad-10848188-4","mad","finding that, unless there is a showing that a credit card issuer operated as a consumer reporting agency governed by § 1681i, a cause of action against a furnisher under § 1681i is improper","Anthony v. GE Capital Retail Bank","Anthony v. GE Capital Retail Bank, 321 F. Supp. 3d 469 (2017)","sonnet","","UNKNOWN","24.3","0.049593","3","761",""
"mad-10846960-5","mad","“[A]n amended complaint normally is treated as completely replacing the former pleading, even the residual claim for damages disappeared . . . when the district court granted the motion to amend.”","Cicchetti v. Lucy","Cicchetti v. Lucy, 514 F.2d 362 (1975)","sonnet","","UNKNOWN","72.0","0.17110499999999995","15","3322",""
"mad-10850740-6","mad","referring to the “unreasonable and unjust” condition as “more demanding” than a mere inquiry into “contacts” or “convenience” (citing Carnival Cruise Lines, Inc. v. Shute, 499 U.S. 585, 595 (1991))","Huffington v. T.C. Grp., LLC","Huffington v. T.C. Grp., LLC, 637 F.3d 18 (2011)","sonnet","","UNKNOWN","29.4","0.059260499999999994","3","1401",""
"mad-10847545-7","mad","“Motions to dismiss habeas petitions pursuant to Fed. R. Civ. P. 12(b)(6) are not inconsistent with habeas rules.”","Delgado v. Dennehy","Delgado v. Dennehy, 503 F. Supp. 2d 411 (2007)","sonnet","","UNKNOWN","110.9","0.18592214999999998","15","5481",""
"mad-10848200-8","mad","a “complaint should at least set forth minimal facts as to who did what to whom, when, where, and why—although why, when why means the actor’s state of mind, can be averred generally”","Acción v. Hernandez","Acción v. Hernandez, 367 F.3d 61 (2004)","sonnet","","Educadores PuertorriqueÃ±os en AcciÃ³n v. HernÃ¡ndez, 367 F.3d 61 (1st Cir. 2004)","33.4","0.06878925","3","2041",""
"mad-10847545-9","mad","“It is well-accepted that federal courts may take judicial notice of proceedings in other courts if those proceedings have relevance to the matters at hand.” (quoting Law Offices of David Efron v. Matthews & Fullmer Law Firm, 782 F.3d 46, 56 n.7 (1st Cir. 2015))","Wiener v. MIB Grp., Inc.","Wiener v. MIB Grp., Inc., 86 F.4th 76 (2023)","sonnet","","Opoka v. INS, 94 F.3d 392 (7th Cir. 1996)","16.7","0.049791749999999996","3","633",""
"mad-10846960-10","mad","“[Plaintiffs] waited until they lost before asking for certification. This is almost always fatal unless the court sees strong policy reasons to insist on certification itself.”","Fuller","Fuller, 642 F.3d 240 (2011)","sonnet","","UNKNOWN","36.9","0.06452174999999999","3","1701",""
"mad-10850708-11","mad","continued threats to collect upon and enforce a legally enforceable debt, including threatened home foreclosure, insufficient to state a claim of IIED","Koufos v. U.S. Bank, N.A.","Koufos v. U.S. Bank, N.A., 939 F.Supp.2d 40 (2013)","sonnet","","UNKNOWN","60.8","0.13404359999999998","11","2607",""
"mad-10850740-12","mad","first citing Sawtelle v. Farrell, 70 F.3d 1381, 1385 (1st Cir. 1995); and then citing C.W. Downer & Co. v. Bioriginal Food & Sci. Corp., 771 F.3d 59, 65 (1st Cir. 2014)","Baskin-Robbins Franchising LLC v. Alpenrose Dairy, Inc.","Baskin-Robbins Franchising LLC v. Alpenrose Dairy, Inc., 825 F.3d 28 (2016)","sonnet","","UNKNOWN","17.6","0.047039250000000005","3","580",""
"mad-10850794-13","mad","“Article III requires a plaintiff to first answer a basic question: ‘What’s it to you?’”","Hippocratic Med.","Hippocratic Med., 602 U.S. 367 (2024)","sonnet","","*Lujan v. Defenders of Wildlife*, 504 U.S. 555 (U.S. 1992)","16.4","0.04565175","3","504",""
"mad-10845261-14","mad","“It is obvious that branding [the prisoner plaintiff] a sex offender could make him a target of prison violence.”","Dongarra v. Smith","Dongarra v. Smith, 27 F.4th 174 (2022)","sonnet","","UNKNOWN","38.5","0.064788","3","1779",""
"mad-10848009-15","mad","rejecting tolling argument where challenged “terms” and “implications of [contractual] burdens were apparent” at signing","Latson v. Plaza Home Mortg., Inc.","Latson v. Plaza Home Mortg., Inc., 708 F.3d 324 (2013)","sonnet","","UNKNOWN","25.1","0.050957999999999996","3","857",""
"mad-10848009-16","mad","explaining that holdover tenant became tenant at will “upon the terms of the expired, written lease” (citing Boudreau v. Johnson, 134 N.E. 359, 361 (Mass. 1922))","Addis v. Steele","Addis v. Steele, 648 N.E.2d 773 (1995)","sonnet","","UNKNOWN","55.0","0.1277808","15","1745",""
"mad-10846939-17","mad","“[The rule of reason] cannot be decided in the abstract, by reference to some number of months or years beyond which agency inaction is presumed to be unlawful but will depend in large part . . . upon the complexity of the task at hand, the significance (and permanence","Mashpee Wampanoag Tribal Council, Inc. v. Norton","Mashpee Wampanoag Tribal Council, Inc. v. Norton, 336 F.3d 1094 (2003)","sonnet","","Telecommunications Research & Action Center v. FCC, 750 F.2d 70 (D.C. Cir. 1984)","15.1","0.04817925","3","605",""
"mad-10850708-18","mad","dismissing a claim for breach of the implied covenant of good faith and fair dealing where plaintiffs failed to allege that defendants were under any obligation to modify their mortgage terms","George v. Stonebridge Mortg. Co., LLC","George v. Stonebridge Mortg. Co., LLC, 988 F.Supp.2d 142 (2013)","sonnet","","UNKNOWN","29.3","0.05481675","3","1112",""
"mad-10850708-19","mad","noting that a plaintiff “may not speculate about future business relationships when alleging this tort”","Singh v. Blue Cross/Blue Shield of Massachusetts, Inc.","Singh v. Blue Cross/Blue Shield of Massachusetts, Inc., 308 F.3d 25 (2002)","sonnet","","UNKNOWN","13.7","0.0450255","3","463",""
"mad-10850740-20","mad","referring to the “unreasonable and unjust” condition as “more demanding” than a mere inquiry into “contacts” or “convenience” (citing Carnival Cruise Lines, Inc. v. Shute, 499 U.S. 585, 595 (1991))","Huffington v. T.C. Grp., LLC","Huffington v. T.C. Grp., LLC, 637 F.3d 18 (2011)","sonnet","","UNKNOWN","27.5","0.0567555","3","1234",""
"mad-10845305-21","mad","“The transmission of information into Massachusetts by way of the mails, the internet, or the telephone is decidedly a contact for . . . the relatedness analysis.”","LaVallee v. Parrot-Ice Drink Prods. of Am., Inc.","LaVallee v. Parrot-Ice Drink Prods. of Am., Inc., 193 F. Supp. 2d 296 (2002)","sonnet","","UNKNOWN","105.3","0.20454599999999998","15","5710",""
"mad-10850740-22","mad","finding that choice-of-law provisions are enforced in Massachusetts courts if enforcement is fair and reasonable","Stagecoach Transp., Inc. v. Shuttle, Inc.","Stagecoach Transp., Inc. v. Shuttle, Inc., 741 N.E.2d 862 (2001)","sonnet","","UNKNOWN","35.4","0.064773","3","1721",""
"mad-10848188-23","mad","finding that § 1681i “by its express terms, limits the duty to conduct a reasonable investigation to consumer reporting agencies.”","Langan v. United Servs. Auto. Assoc.","Langan v. United Servs. Auto. Assoc., 69 F. Supp. 3d 965 (2014)","sonnet","","UNKNOWN","30.3","0.061266749999999995","3","1544",""
"mad-10848009-24","mad","rejecting tolling argument where challenged “terms” and “implications of [contractual] burdens were apparent” at signing","Latson v. Plaza Home Mortg., Inc.","Latson v. Plaza Home Mortg., Inc., 708 F.3d 324 (2013)","sonnet","","UNKNOWN","23.2","0.049788","3","779",""
"mad-10847516-25","mad","noting that the Supreme Judicial Court “recognized” these factors in Attorney General v. M.C.K., Inc., 432 Mass. 546, 555 & n.19, 736 N.E.2d 373, 380–81 & n.19 (2000)","Lipsitt v. Plaud","Lipsitt v. Plaud, 994 N.E.2d 777 (2013)","sonnet","","UNKNOWN","5.6","0.03920925","3","5",""
"mad-10848009-26","mad","interpreting debt subordination agreement and explaining that “property interests should not be analyzed differently as a result of a party’s involvement in a bankruptcy case” (citing Butner v. United States, 440 U.S. 48, 55 (1979))","In Bank of New England Corp.)","In Bank of New England Corp.), 364 F.3d 355 (2004)","sonnet","","UNKNOWN","68.8","0.13175535","15","1755",""
"mad-10850740-27","mad","noting that in evaluating a Rule 12(b)(6) motion, courts “can consider (a) ‘implications from documents’ attached to or fairly ‘incorporated into the complaint,’ (b) ‘facts’ susceptible to ‘judicial notice,’ and (c","Schatz v. Republican State Leadership Comm.","Schatz v. Republican State Leadership Comm., 669 F.3d 50 (2012)","sonnet","","Haley v. City of Boston, 657 F.3d 39 (1st Cir. 2011)","27.3","0.05689425000000001","3","1112",""
"mad-10850740-28","mad","referring to the “unreasonable and unjust” condition as “more demanding” than a mere inquiry into “contacts” or “convenience” (citing Carnival Cruise Lines, Inc. v. Shute, 499 U.S. 585, 595 (1991))","Huffington v. T.C. Grp., LLC","Huffington v. T.C. Grp., LLC, 637 F.3d 18 (2011)","sonnet","","UNKNOWN","25.5","0.0515955","3","890",""
"mad-10850740-29","mad","“[A] mere breach of a legal obligation under commercial law, without more, does not amount to an unfair and deceptive act under [Chapter 93A].” (citing Whitinsville Plaza, Inc. v. Kotseas, 390 N.E.2d 243 (Mass. 1979))","Framingham Auto Sales, Inc. v. Workers’ Credit Union","Framingham Auto Sales, Inc. v. Workers’ Credit Union, 671 N.E.2d 963 (1996)","sonnet","","Quaker State Oil Refining Corp. v. Garrity Oil Co., 884 F.2d 1510 (1st Cir. 1989)","17.0","0.04798425","3","647",""
"mad-10850708-30","mad","dismissing a claim for breach of the implied covenant of good faith and fair dealing where plaintiffs failed to allege that defendants were under any obligation to modify their mortgage terms","George v. Stonebridge Mortg. Co., LLC","George v. Stonebridge Mortg. Co., LLC, 988 F.Supp.2d 142 (2013)","sonnet","","UNKNOWN","38.2","0.06615675","3","1868",""
"mad-10850740-31","mad","finding that choice-of-law provisions are enforced in Massachusetts courts if enforcement is fair and reasonable","Stagecoach Transp., Inc. v. Shuttle, Inc.","Stagecoach Transp., Inc. v. Shuttle, Inc., 741 N.E.2d 862 (2001)","sonnet","","UNKNOWN","38.5","0.06683925","3","1917",""
"mad-10847545-32","mad","“It is well-accepted that federal courts may take judicial notice of proceedings in other courts if those proceedings have relevance to the matters at hand.” (quoting Law Offices of David Efron v. Matthews & Fullmer Law Firm, 782 F.3d 46, 56 n.7 (1st Cir. 2015))","Wiener v. MIB Grp., Inc.","Wiener v. MIB Grp., Inc., 86 F.4th 76 (2023)","sonnet","","St. Louis Baptist Temple, Inc. v. Federal Deposit Insurance Corp., 605 F.2d 1169 (10th Cir. 1979)","22.2","0.048655500000000004","3","499",""
"mad-10846939-33","mad","explaining that the zone of interests test must be treated procedurally like any other “non- jurisdictional issue”","Certified Pub. Accts. v. I.R.S.","Certified Pub. Accts. v. I.R.S., 804 F.3d 1193 (2015)","sonnet","","Lexmark International, Inc. v. Static Control Components, Inc., 572 U.S. 118 (U.S. 2014)","11.2","0.04261425","3","301",""
"mad-10845261-34","mad","“It is obvious that branding [the prisoner plaintiff] a sex offender could make him a target of prison violence.”","Dongarra v. Smith","Dongarra v. Smith, 27 F.4th 174 (2022)","sonnet","","UNKNOWN","42.0","0.06293925","3","1465",""
"mad-10850794-35","mad","“Article III requires a plaintiff to first answer a basic question: ‘What’s it to you?’”","Hippocratic Med.","Hippocratic Med., 602 U.S. 367 (2024)","sonnet","","Lujan v. Defenders of Wildlife, 504 U.S. 555 (U.S. 1992)","11.1","0.042381749999999996","3","286",""
"mad-10850708-36","mad","finding no duty of care existed between plaintiff-borrower and defendants, including Wells Fargo, the loan servicer","Keenan v. Wells Fargo Bank, N.A.","Keenan v. Wells Fargo Bank, N.A., 246 F. Supp. 3d 518 (2017)","sonnet","","UNKNOWN","25.9","0.053699250000000004","3","1040",""
"mad-10848200-37","mad","a “complaint should at least set forth minimal facts as to who did what to whom, when, where, and why—although why, when why means the actor’s state of mind, can be averred generally”","Acción v. Hernandez","Acción v. Hernandez, 367 F.3d 61 (2004)","sonnet","","The CourtListener tool requires permission that wasn't granted. Based on my training knowledge, I'm not confident enough in a specific citation to avoid providing an incorrect one.

UNKNOWN","54.9","0.1174182","8","3182",""
"mad-10846565-38","mad","“It is well-accepted that federal courts may take judicial notice of proceedings in other courts if those proceedings have relevance to the matters at hand.” (quoting Law Offs. of David Efron v. Matthews & Fullmer L. Firm, 782 F.3d 46, 56 n.7 (1st Cir. 2015))","Wiener v. MIB Grp., Inc.","Wiener v. MIB Grp., Inc., 86 F.4th 76 (2023)","sonnet","","Opoka v. INS, 94 F.3d 392 (7th Cir. 1996)","13.2","0.04568174999999999","3","491",""
"mad-10848009-39","mad","explaining that holdover tenant became tenant at will “upon the terms of the expired, written lease” (citing Boudreau v. Johnson, 134 N.E. 359, 361 (Mass. 1922))","Addis v. Steele","Addis v. Steele, 648 N.E.2d 773 (1995)","sonnet","","UNKNOWN","44.8","0.1369212","15","1484",""
