"id","source","proposition","gold_name","gold_cite","model_response","extracted_case_name","extracted_citation","extracted_year","real","real_status","name_match","matched_cl_name","matched_cluster_id","right_case","supports","support_rationale","support_cost_usd","model_cost_usd"
"lepard-1490680_42","lepard","The warrant authorized entrance to “J. R. Simplot Company” on “Highway 19”, and authorized inspection with respect to all “pertinent” facilities to determine whether Simplot was “complying with the... Act.","Marshall v. Barlow’s, Inc.","Marshall v. Barlow’s, Inc., 436 U.S. 307 (1978)","UNKNOWN","","","","N","","N","","","N","","model returned UNKNOWN","0.0","0.05158905"
"lepard-11598083_14","lepard","Kraemer for services actually performed by nurse Laurel, yet they still attempt to argue that their unspecific allegations re garding the Wound Healing Clinic should stand. The Court will address plaintiffs’ inability to make specific allegations in Section D. below. Plaintiff Schuhardt’s Retaliation Claim The FCA prohibits employment discrimination “","Eberhardt v. Integrated Design & Construction, Inc.","Eberhardt v. Integrated Design & Construction, Inc., 167 F.3d 861 (1999)","UNKNOWN","","","","N","","N","","","N","","model returned UNKNOWN","0.0","0.052732799999999996"
"lepard-11644379_27","lepard","1064, 110 S.Ct. 884, 107 L.Ed.2d 1012 (1990). If, however, substantial evidence is presented opposed to the motion, and this evidence is of such quality and weight that reasonable and fair-minded persons in the exercise of impartial judgment might reach different conclusions, the motion must be denied. Nevertheless, a jury question does not exist because of the presence of a “mere scintilla of evidence”; rather, “","Carter v. City of Miami","Carter v. City of Miami, 870 F.2d 578 (1989)","Boeing Co. v. Shipman, 411 F.2d 365 (5th Cir. 1969)","Boeing Co. v. Shipman","411 F.2d 365","1969","Y","VERIFIED","Y","The Boeing Company v. Daniel C. Shipman","284955","N","Green","The Boeing v. Shipman opinion directly establishes the 'substantial evidence' standard quoted in the proposition, including the language about reasonable and fair-minded persons reaching different conclusions and the rejection of the mere scintilla standard.","0.058733549999999995","0.06360779999999999"
"lepard-11735156_8","lepard","However, the absence of federal preemption does not in itself validate state statutes regulating the field. In the case of Hines v. Davidowitz, the Supreme Court was faced with issues similar to those raised by the case at bar. In attempting to determine whether the federal statute had preempted the state statute, the Court stated: “There is not — and from the very nature of the problem there cannot be— any rigid formula or rule which can be used as a universal pattern to determine the meaning and purpose of every act of Congress.","Perez. v. Campbell","Perez. v. Campbell, 402 U.S. 637 (1971)","Hines v. Davidowitz, 312 U.S. 52 (U.S. 1941)","Hines v. Davidowitz","312 U.S. 52","1941","Y","VERIFIED","Y","Hines v. Davidowitz","103438","N","Green","The exact quoted passage ('There is not â€” and from the very nature of the problem there cannot be â€” any rigid formula or rule which can be used as a universal pattern to determine the meaning and purpose of every act of Congress') appears verbatim in the opinion excerpt.","0.0540123","0.04085655"
"lepard-857722_31","lepard","The subjective component “requires a showing that the defendant ‘had the necessary level of culpability, shown by actions characterized by “wantonness” in light of the particular circumstances surrounding the challenged conduct.’ ” In excessive force cases, “wanton” conduct involves force that is applied “","Blyden v. Mancusi","Blyden v. Mancusi, 186 F.3d 252 (1999)","Wilson v. Seiter, 501 U.S. 294 (1991)","Wilson v. Seiter","501 U.S. 294","1991","Y","VERIFIED","Y","Wilson v. Seiter","112626","N","Yellow","Wilson v. Seiter establishes that 'wantonness' is context-dependent and discusses its meaning in prison conditions/medical care cases, but it is not an excessive force case; the proposition's specific application to excessive force overstates what this case held, as the relevant excessive force standard (maliciously and sadistically) derives from Whitley v. Albers, which Wilson v. Seiter merely cites.","0.06948105","0.0499428"
"lepard-1490680_60","lepard","437 (D.C., D.ID 1977). The Supreme Court, in affirming the lower court decision, held that the Fourth Amendment prohibits nonconsensual inspections in the work areas of business for the purpose of safeguarding employees against hazards; however, probable cause, in the criminal law sense, is not required as a basis for the issuance of a warrant. The probable cause which justifies the issuance of a warrant for the purpose of conducting an administrative search may be based not only on evidence of an existing violation of a statute or regulation, but may also be found on a showing that “reasonable legislative or administrative standards for conducting an... inspection are satisfied with respect to a particular [establishment].”","Marshall v. Barlow’s, Inc.","Marshall v. Barlow’s, Inc., 436 U.S. 307 (1978)","Marshall v. Barlow's, Inc., 436 U.S. 307 (U.S. 1978)","Marshall v. Barlow's, Inc.","436 U.S. 307","1978","Y","VERIFIED","Y","Marshall v. Barlow's, Inc.","109866","Y","Green","The opinion text explicitly affirms the lower court (424 F. Supp. 437), holds that the Fourth Amendment requires a warrant for nonconsensual OSHA inspections, states that '[p]robable cause in the criminal law sense is not required,' and quotes verbatim the Camara language about 'reasonable legislative or administrative standards' satisfying probable cause for administrative search warrants.","0.0659223","0.03761655"
"lepard-11652681_0","lepard","” Summary judgment will not lie if the evidence is such that a reasonable jury could return a verdict for the nonmoving party. In order for the moving party to prevail, it must demonstrate to the court that “","Florida Power & Light Co. v. Allis Chalmers Corp.","Florida Power & Light Co. v. Allis Chalmers Corp., 893 F.2d 1313 (1990)","Anderson v. Liberty Lobby, Inc., 477 U.S. 242 (U.S. 1986)","Anderson v. Liberty Lobby, Inc.","477 U.S. 242","1986","Y","VERIFIED","Y","Anderson v. Liberty Lobby, Inc.","111719","N","Green","The excerpt contains the exact language of the proposition: 'summary judgment will not lie if the dispute about a material fact is genuine, that is, if the evidence is such that a reasonable jury could return a verdict for the nonmoving party,' and the case directly establishes this standard for Rule 56 motions.","0.05855729999999999","0.039469050000000006"
"lepard-219616_28","lepard","at 17. Cf. Walczak, 142 F.3d at 129 (“Deference is particularly appropriate when... the state hearing officer’s] review has been thorough and careful.","Walczak v. Florida Union Free School District","Walczak v. Florida Union Free School District, 142 F.3d 119 (1998)","Walczak v. Florida Union Free School District, 142 F.3d 119 (2d Cir. 1998)","Walczak v. Florida Union Free School District","142 F.3d 119","1998","Y","VERIFIED","N","Robert Walczak and Karen Walczak v. Florida Union Free School District and Maureen Flaherty","753719","Y","Yellow","The case and citation are on-point for IDEA deference doctrine, and the excerpt is consistent with the proposition (noting the administrative record was 'exhaustive' and officers 'carefully analyzed all relevant materials'), but the specific quoted language about deference being 'particularly appropriate' when review is 'thorough and careful' does not appear in the provided excerpt, which is truncated before reaching the cited page 129.","0.07124355","0.04213155"
"lepard-11714932_2","lepard","However, given “the need to allow some latitude for honest mistakes that are made by officers in the dangerous and difficult process of making arrests and executing-search warrants,” Garrison, 480 U.S. at 87, 107 S.Ct. 1013, we believe that these specific undisputed facts establish as a matter of law that Tou’s “","Hill v. California","Hill v. California, 401 U.S. 797 (1971)","Maryland v. Garrison, 480 U.S. 79 (U.S. 1987)","Maryland v. Garrison","480 U.S. 79","1987","Y","VERIFIED","Y","Maryland v. Garrison","111823","N","Green","The excerpt contains the exact quoted language about 'latitude for honest mistakes...in the dangerous and difficult process of making arrests and executing search warrants' at page 87, directly supporting the proposition's citation.","0.05531355","0.0408678"
"lepard-1729737_29","lepard","And the Fourth Circuit, like nearly every other federal circuit, has avoided other potential Suspension Clause challenges to the limitations period by extending the filing deadline for Bilodeau— and other prisoners convicted before AED-PA’s enactment — to April 23, 1997, a full year after AEDPA had already taken effect. See Brown, 150 F.3d at 375. Therefore, since AEDPA still allows a reasonable amount of time for state prisoners to test the legality of their detention, and since Congress and the courts have both fashioned exceptions for those who have legitimate, legally recognized reasons for having missed the one year filing deadline, this Court finds that the time restriction placed on state prisoners does not rise to the level of a Suspension Clause violation. The Supreme Court has also recognized that Congress, not the courts, normally makes “","Felker v. Turpin","Felker v. Turpin, 518 U.S. 651 (1996)","Brown v. Angelone, 150 F.3d 370 (4th Cir. 1998)","Brown v. Angelone","150 F.3d 370","1998","Y","VERIFIED","Y","Michael Dwayne Brown v. Ronald Angelone, Jesse James Pritchard, Jr. v. Ronald Angelone, Director","756458","N","Green","Brown v. Angelone directly held that pre-AEDPA prisoners had until April 23, 1997 to file habeas petitions, and the Fourth Circuit aligned with sister circuits on this one-year grace period, precisely as the proposition states.","0.061474799999999996","0.03770655"
"lepard-11638484_57","lepard","” Accordingly, the jurisdictional inquiry is two-fold: first, the court looks to the law of the forum state— here, New York — to determine whether it may exert personal jurisdiction over the foreign defendant; if so, the court then considers whether subjecting the defendant to personal jurisdiction comports with the requirements of due process. The New York long-arm statute confers personal jurisdiction over a foreign defendant that “","Bank Brussels Lambert v. Fiddler Gonzalez & Rodriguez","Bank Brussels Lambert v. Fiddler Gonzalez & Rodriguez, 171 F.3d 779 (1999)","Chloe v. Queen Bee of Beverly Hills, LLC, 616 F.3d 158 (2d Cir. 2010)","Chloe v. Queen Bee of Beverly Hills, LLC","616 F.3d 158","2010","Y","VERIFIED","Y","Chloé v. Queen Bee of Beverly Hills, LLC","152515","N","Green","The opinion explicitly articulates the identical two-step framework: first apply New York's long-arm statute, then analyze due process compliance, and quotes N.Y. C.P.L.R. Â§ 302(a) specifying when a court may exercise jurisdiction over a non-domiciliary.","0.06226229999999999","0.057675300000000006"
"lepard-11723119_72","lepard","It is the intent of this ordinance to provide for such control. Finally, the zoning, size, and height restrictions are themselves constitutional because they are content-neutral “time, place, and manner” restrictions that are “justified without reference to the content of the regulated speech,... serve a significant govern mental interest, and... leave open ample alternative channels for communication of the information.","Metromedia, Inc. v. City of San Diego","Metromedia, Inc. v. City of San Diego, 453 U.S. 490 (1981)","Ward v. Rock Against Racism, 491 U.S. 781 (U.S. 1989)","Ward v. Rock Against Racism","491 U.S. 781","1989","Y","VERIFIED","Y","Ward v. Rock Against Racism","112315","N","Green","Ward v. Rock Against Racism directly establishes the three-part time, place, and manner testâ€”content-neutral, serves a significant governmental interest, and leaves open ample alternative channelsâ€”using nearly identical language to the proposition.","0.0555048","0.051285300000000006"
"lepard-1564344_20","lepard","Under that Act, “when a federal employee is named in a tort suit, the Attorney General or his designee may certify that the employee was ‘acting within the scope of his office or employment at the time of the incident out of which the claim arose.","Gutierrez de Martinez v. Lamagno","Gutierrez de Martinez v. Lamagno, 515 U.S. 417 (1995)","Gutierrez de Martinez v. Lamagno, 515 U.S. 417 (U.S. 1995)","Martinez v. Lamagno","515 U.S. 417","1995","Y","VERIFIED","Y","Gutierrez De Martinez v. Lamagno","117955","Y","Green","The opinion excerpt directly quotes the Westfall Act provision at 28 U.S.C. Â§2679(d)(1) stating the Attorney General certifies the employee 'was acting within the scope of his office or employment at the time of the incident out of which the claim arose,' which is precisely the proposition stated.","0.05631105","0.043541550000000005"
"lepard-327080_29","lepard","Similarly, the main purposes of RCRA are to reduce “the generation of hazardous waste and to ensure the proper treatment, storage, and disposal of that waste which is nonetheless generated, ‘so as to'minimize the present and future threat to human health and the environment.","Meghrig v. KFC Western, Inc.","Meghrig v. KFC Western, Inc., 516 U.S. 479 (1996)","Meghrig v. KFC Western, Inc., 516 U.S. 479 (1996)","Meghrig v. KFC Western, Inc.","516 U.S. 479","1996","Y","VERIFIED","Y","Meghrig v. KFC Western, Inc.","118007","Y","Green","The opinion explicitly states RCRA's primary purpose is 'to reduce the generation of hazardous waste and to ensure the proper treatment, storage, and disposal of that waste which is nonetheless generated, so as to minimize the present and future threat to human health and the environment,' quoting 42 U.S.C. 6902(b), which is exactly the proposition asserted.","0.05760105","0.04415655"
"lepard-11572535_9","lepard","v. Reeves Brothers, Inc., 260 F.3d 1343, 1348 (Fed.Cir.2001) (arguments made by the patentee during prosecution of the patent limit the scope of the invention). The prosecution history and patent specification are to be applied to narrow the scope of a claim where the patentee argued a narrow claim construction to obtain allowance of the claim by the Patent Office. Even where the ordinary meaning of the claim is clear, it is well-established that “[tjhe prosecution history limits the interpretation of claim terms so as to exclude any interpretation that was disclaimed during prosecution.","Elkay Manufacturing Co. v. Ebco Manufacturing Co.","Elkay Manufacturing Co. v. Ebco Manufacturing Co., 192 F.3d 973 (1999)","Southwall Technologies, Inc. v. Cardinal IG Co., 54 F.3d 1570 (Fed. Cir. 1995)","Southwall Technologies, Inc. v. Cardinal IG Co.","54 F.3d 1570","1995","Y","VERIFIED","Y","Southwall Technologies, Inc. v. Cardinal Ig Company","696248","N","Green","The excerpt from Southwall explicitly states 'The prosecution history limits the interpretation of claim terms so as to exclude any interpretation that was disclaimed during prosecution,' directly supporting the proposition.","0.05718105","0.04225155"
"lepard-11679553_7","lepard","Defendants argue that Congress’ purpose in enacting the PLRA was to curtail frivolous prisoner litigation, and that reading the statute to bar certain claims by current but not former prisoners is not faithful to congressional intent because, under our interpretation today, some claims “for mental or emotional injury suffered while in custody” can be brought “","Davis v. District of Columbia","Davis v. District of Columbia, 158 F.3d 1342 (1998)","UNKNOWN","","","","N","","N","","","N","","model returned UNKNOWN","0.0","0.0611478"
"lepard-11585652_2","lepard","631, 645, 130 S.Ct. 2549, 177 L.Ed.2d 130 (2010). See, e.g., Spitsyn v. Moore, 345 F.3d 796, 799 (9th Cir.2003) (“","Miles v. Prunty","Miles v. Prunty, 187 F.3d 1104 (1999)","UNKNOWN","","","","N","","N","","","N","","model returned UNKNOWN","0.0","0.036904049999999994"
"lepard-11735156_14","lepard","at 67, 61 S.Ct. at 404; Pertuso, 233 F.3d at 425-26. The Court will address each of these alternatives in turn. As noted above, the Bankruptcy Code was enacted pursuant to the authority that the Constitution grants to Congress to enact “","Perez. v. Campbell","Perez. v. Campbell, 402 U.S. 637 (1971)","UNKNOWN","","","","N","","N","","","N","","model returned UNKNOWN","0.0","0.03688905"
"lepard-1490680_42","lepard","§ 7403(a)(3). This lack of congruence between the legislative history of the Clean Water Act and the provisions of the Clean Air Act makes the relevance of the legislative history of the Clean Water Act questionable. Postenactment statements should be used only sparingly as determinative of legislative intent because of the basic unreliability of statements made with nothing at stake regarding the earlier legislation. On June 3,1970, the Committee on Interstate and Foreign Commerce of the House of Representatives reported out its version of the amendments to the Clean Air Act, which limited entries to “","Marshall v. Barlow’s, Inc.","Marshall v. Barlow’s, Inc., 436 U.S. 307 (1978)","UNKNOWN","","","","N","","N","","","N","","model returned UNKNOWN","0.0","0.0511053"
"lepard-11716177_65","lepard","Standing doctrine also serves to improve judicial decision-making by ensuring that a concrete case informs the court of the consequences of its decisions, and by ensuring that the party bringing the case has “","O’Shea v. Littleton","O’Shea v. Littleton, 414 U.S. 488 (1974)","Baker v. Carr, 369 U.S. 186 (1962)","Baker v. Carr","369 U.S. 186","1962","Y","VERIFIED","Y","Baker v. Carr","106366","N","Red","Baker v. Carr addresses legislative apportionment justiciability and subject-matter jurisdiction, not the rationale for standing doctrine as a tool to improve judicial decision-making; the excerpt only notes in passing that plaintiffs have standing, without discussing standing's purpose.","0.06225105","0.05546655"
"lepard-1493881_53","lepard","Thus, we conclude that Concrete Works has standing to challenge the constitutionality of Denver’s race- and gender-conscious contract program. C. The Fourteenth Amendment provides that “No State shall... deny to any person within its jurisdiction the equal protection of the laws.","City of Richmond v. J. A. Croson Co.","City of Richmond v. J. A. Croson Co., 488 U.S. 469 (1989)","Concrete Works of Colorado, Inc. v. City & County of Denver, 321 F.3d 950 (10th Cir. 2003)","Concrete Works  Colorado, Inc. v. City & County of Denver","321 F.3d 950","2003","Y","VERIFIED","Y","Concrete Works of Colorado, Inc. v. City & County of Denver","163083","N","Green","The excerpt explicitly confirms CWC's standing to challenge Denver's M/WBE ordinance and quotes the Fourteenth Amendment equal protection clause verbatim, directly supporting both elements of the proposition.","0.0625248","0.0423828"
"lepard-857722_19","lepard","147, 161, 102 S.Ct. 2364, 72 L.Ed.2d 740 (1982); In re Visa Check/Mastermoney Antitrust Litig., 280 F.3d 124, 134 (2d Cir.2001). The four prerequisites set forth in Rule 23(a) are as follows: (1) the class is so numerous that joinder of all members is impracticable, (2) there are questions of law or fact common to the class, (3) the claims or defenses of the representative parties are typical of the claims or defenses of the class, and (4) the representative parties will fairly and adequately protect the interests of the class. In addition, the plaintiffs must establish in this case that a class action may be maintained under Rule 23(b), which requires a finding “","Blyden v. Mancusi","Blyden v. Mancusi, 186 F.3d 252 (1999)","Wal-Mart Stores, Inc. v. Dukes, 564 U.S. 338 (U.S. 2011)","Wal-Mart Stores, Inc. v. Dukes","564 U.S. 338","2011","Y","VERIFIED","Y","Wal-Mart Stores, Inc. v. Dukes","219618","N","Yellow","The Wal-Mart excerpt does quote and discuss the four Rule 23(a) prerequisites verbatim, but the proposition appears to be a string citation from a brief or opinion reciting standard class certification law, while Wal-Mart is primarily about the commonality requirement's demanding standardâ€”it does not straightforwardly 'support' the neutral recitation of the four prerequisites as the proposition frames it.","0.0575523","0.0378903"
"lepard-11576949_17","lepard","775, 807, 118 S.Ct. 2275, 141 L.Ed.2d 662 (1998). However, when the supervisor takes no tangible employment action, the employer can raise an affirmative defense to liability. To raise this affirmative defense, the employer must prove by a preponderance of the evidence that (1) “","Caridad v. Metro-North Commuter Railroad","Caridad v. Metro-North Commuter Railroad, 191 F.3d 283 (1999)","UNKNOWN","","","","N","","N","","","N","","model returned UNKNOWN","0.0","0.0369453"
"lepard-11852631_28","lepard","A decision is considered final if it “ends the litigation on the merits and leaves nothing for the court to do but execute the judgment,” id. at 646 (citations omitted), whereas an interlocutory order “","Fleet Data Processing Corp. v. Branch (In re Bank of New England Corp.)","Fleet Data Processing Corp. v. Branch (In re Bank of New England Corp.), 218 B.R. 643 (1998)","Catlin v. United States, 324 U.S. 229 (1945)","Catlin v. United States","324 U.S. 229","1945","Y","VERIFIED","Y","Catlin v. United States","104095","N","Green","The exact quoted languageâ€”'ends the litigation on the merits and leaves nothing for the court to do but execute the judgment'â€”appears verbatim in Catlin, paragraph 5, directly defining 'final decision' under Section 128 of the Judicial Code.","0.06192105","0.0502803"
"lepard-1366667_7","lepard","154, 178, 117 S.Ct. 1154, 137 L.Ed.2d 281 (1997). This finality requirement permits an agency to apply its expertise and correct its errors, and it precludes courts from engaging in piecemeal review. In reviewing the agency’s final decision, the court may set aside the ruling only if it is “","Texas Oil & Gas Ass'n v. United States Environmental Protection Agency","Texas Oil & Gas Ass'n v. United States Environmental Protection Agency, 161 F.3d 923 (1998)","Bennett v. Spear, 520 U.S. 154 (1997)","Bennett v. Spear","520 U.S. 154","1997","Y","VERIFIED","Y","Bennett v. Spear","118096","N","Yellow","Bennett v. Spear does address APA final agency action and the arbitrary-and-capricious standard, but its primary holding concerns standing/zone-of-interests; the specific rationale about finality permitting agency error-correction and preventing piecemeal review is not articulated in the excerpted text, making the citation only partially on-point for that proposition.","0.0738873","0.0511278"
"lepard-11638484_35","lepard","Rasor dated June 1, 2001 (the “Rasor Affidavit”). In addition, the plaintiffs seek damages in excess of $75,000. Accordingly, diversity jurisdiction exists with respect to the Holl-ingsworth Estate. Personal Jurisdiction “","Bank Brussels Lambert v. Fiddler Gonzalez & Rodriguez","Bank Brussels Lambert v. Fiddler Gonzalez & Rodriguez, 171 F.3d 779 (1999)","St. Paul Mercury Indemnity Co. v. Red Cab Co., 303 U.S. 283 (U.S. 1938)","St. Paul Mercury Indemnity Co. v. Red Cab Co.","303 U.S. 283","1938","Y","VERIFIED","Y","Saint Paul Mercury Indemnity Co. v. Red Cab Co.","102976","N","Yellow","Saint Paul Mercury establishes the 'legal certainty' standard for amount-in-controversy and that the sum claimed by plaintiff controls if made in good faith, which supports relying on a >$75,000 damages claim for diversity jurisdiction, but the case does not address diversity jurisdiction based on an affidavit or the Hollingsworth Estate specifically.","0.05785605","0.04394655"
"lepard-268608_3","lepard","277, 297 n. 24, 103 S.Ct. 3001, 77 L.Ed.2d 637 (stating that Court does not raise general validity of life sentences without parole, but only considers issue before it, which is “whether, in the circumstances of [the] case and in light of the constitutional principal of proportionality, the sentence imposed on [the] petitioner violates the Eighth Amendment”). While we do not mean to suggest that the decision in Robtoy was erroneous, that decision is not enough, in itself, to establish that a contrary rule would constitute an “","Green v. French","Green v. French, 143 F.3d 865 (1998)","UNKNOWN","","","","N","","N","","","N","","model returned UNKNOWN","0.0","0.03715155"
"lepard-11574055_13","lepard","We conclude below that it does. B. A plaintiff may bring a Section 1983 claim alleging that public officials, acting in their official capacity, took action with the intent to retaliate against, obstruct, or chill the plaintiffs First Amendment rights. To bring a First Amendment retaliation claim, the plaintiff must,allege that (1) it engaged in constitutionally protected activity; (2) the defendant’s actions would “","Mendocino Environmental Center v. Mendocino County","Mendocino Environmental Center v. Mendocino County, 192 F.3d 1283 (1999)","Thaddeus-X v. Blatter, 175 F.3d 378 (6th Cir. 1999)","Thaddeus-X v. Blatter","175 F.3d 378","1999","Y","VERIFIED","Y","Thaddeus-X and Earnest Bell, Jr. v. Blatter","763587","N","Green","Thaddeus-X directly establishes the Section 1983 First Amendment retaliation framework, confirming that government officials who retaliate against plaintiffs for exercising constitutional rights are liable under Â§ 1983, and the opinion explicitly articulates the element that the plaintiff engaged in constitutionally protected conduct as the first prong of the retaliation test.","0.0633573","0.05579655"
"lepard-11638484_35","lepard","310, 316, 66 S.Ct. 154, 90 L.Ed. 95 (1945) (internal quotation marks omitted); see [CASE], [CASE], 784 (2d Cir.1999) (where the defendants have moved to dismiss for lack of personal jurisdiction, “","Bank Brussels Lambert v. Fiddler Gonzalez & Rodriguez","Bank Brussels Lambert v. Fiddler Gonzalez & Rodriguez, 171 F.3d 779 (1999)","UNKNOWN","","","","N","","N","","","N","","model returned UNKNOWN","0.0","0.036919049999999995"
"lepard-1564297_100","lepard","A small business concern “shall be deemed to be one which is independently owned and operated and which is not dominant in its field of operation” and which has annual receipts and a number of employees below a certain threshold established by SBA regulations. “","Adarand Constructors, Inc. v. Pena","Adarand Constructors, Inc. v. Pena, 515 U.S. 200 (1995)","UNKNOWN","","","","N","","N","","","N","","model returned UNKNOWN","0.0","0.045176549999999996"
"lepard-1512303_21","lepard","In exercising their powers and duties, section 3.4 of the Trust Agreement required the Trustees to act “solely in the interest of the plan participants and other persons entitled to benefits [thereunder],” for the exclusive purpose of “providing benefits to participants” and “","Central States, Southeast & Southwest Areas Pension Fund v. Central Transport, Inc.","Central States, Southeast & Southwest Areas Pension Fund v. Central Transport, Inc., 472 U.S. 559 (1985)","UNKNOWN","","","","N","","N","","","N","","model returned UNKNOWN","0.0","0.0455028"
"lepard-1519407_27","lepard","28 U.S.C. § 2412(b). Under American common law, the prevailing rule is that litigants must bear their own attorney's fees regardless of the litigation’s outcome. One recognized exception to this so-called “American Rule” is when the “losing party has ‘acted in bad faith, vexatiously, wantonly, or for oppressive reasons.","F. D. Rich Co. v. United States ex rel. Industrial Lumber Co.","F. D. Rich Co. v. United States ex rel. Industrial Lumber Co., 417 U.S. 116 (1974)","Alyeska Pipeline Service Co. v. Wilderness Society, 421 U.S. 240 (U.S. 1975)","Alyeska Pipeline Service Co. v. Wilderness Society","421 U.S. 240","1975","Y","VERIFIED","Y","Alyeska Pipeline Service Co. v. Wilderness Society","109246","N","Green","The excerpt explicitly states the American Rule and identifies the bad faith exception using the exact quoted language: 'acted in bad faith, vexatiously, wantonly, or for oppressive reasons.'","0.05703105","0.0431628"
"lepard-11716177_64","lepard","at 105, 103 S.Ct. 1660. “[p]ast exposure to illegal conduct does not in itself show a present case or controversy regarding injunctive relief... if unaccompanied by any continuing, present adverse effects.","O’Shea v. Littleton","O’Shea v. Littleton, 414 U.S. 488 (1974)","City of Los Angeles v. Lyons, 461 U.S. 95 (U.S. 1983)","City  Los Angeles v. Lyons","461 U.S. 95","1983","Y","VERIFIED","Y","City of Los Angeles v. Lyons","110916","N","Yellow","The quoted language appears in the Lyons opinion (around *102â€“103), but it is Lyons quoting O'Shea v. Littleton, 414 U.S. 488, 495â€“496; the pin cite 'at 105' is off, and the proposition slightly misattributes original authorship to Lyons rather than O'Shea.","0.0766623","0.04246155"
"lepard-11651497_8","lepard","Gehl Group v. Koby, 63 F.3d 1528, 1533 (10th Cir.1995). To demonstrate that the law was clearly established, Smith must show that the alleged unlawfulness of Cochran’s conduct was apparent in light of preexisting law. “","United States v. Lanier","United States v. Lanier, 520 U.S. 259 (1997)","Anderson v. Creighton, 483 U.S. 635 (1987)","Anderson v. Creighton","483 U.S. 635","1987","Y","VERIFIED","Y","Anderson v. Creighton","111953","N","Green","Anderson v. Creighton explicitly states 'in the light of pre-existing law the unlawfulness must be apparent,' which is the precise standard the proposition attributes to it.","0.054578549999999997","0.04249155"
"lepard-11567270_9","lepard","(Id. ¶ 45; Def.’s Statement of Facts ¶ 49.) Waffle House denies the facts alleged by the Plaintiffs. II. Summary Judgment Standard Summary judgment is appropriate where “","Herzog v. Castle Rock Entertainment","Herzog v. Castle Rock Entertainment, 193 F.3d 1241 (1999)","Anderson v. Liberty Lobby, Inc., 477 U.S. 242 (U.S. 1986)","Anderson v. Liberty Lobby, Inc.","477 U.S. 242","1986","Y","VERIFIED","Y","Anderson v. Liberty Lobby, Inc.","111719","N","Green","Anderson v. Liberty Lobby directly establishes the summary judgment standard under Rule 56â€”no genuine issue of material fact and moving party entitled to judgment as a matter of lawâ€”which is the exact standard the proposition quotes.","0.055223549999999996","0.043260299999999995"
"lepard-11619384_15","lepard","11, 106 S.Ct. 1348, 1356 n. 11, 89 L.Ed.2d 538 (1986) (quoting Fed. In addition, the Court must “read the pleadings of a pro se plaintiff liberally and interpret them ‘to raise the strongest arguments that they suggest.","McPherson v. Coombe","McPherson v. Coombe, 174 F.3d 276 (1999)","Haines v. Kerner, 404 U.S. 519 (U.S. 1972)","Haines v. Kerner","404 U.S. 519","1972","Y","VERIFIED","Y","Haines v. Kerner","108432","N","Yellow","Haines v. Kerner establishes the 'less stringent standards' rule for pro se pleadings, which supports liberal construction, but the specific 'strongest arguments' language in the proposition comes from a different source, not this case.","0.04164105","0.04396155"
"lepard-268773_6","lepard","602965/97 (Sup.Ct.N.Y. March 6, 1998). On April 24, 1998, plaintiffs brought the present action seeking to recover the money they claim is owed as a result of their arranging for celebrities to appear at the October 25 store opening celebration. Under Rule 12(b)(6) Dismissal of a complaint pursuant to Rule 12(b)(6) is proper “","Thomas v. City of New York","Thomas v. City of New York, 143 F.3d 31 (1998)","Bell Atlantic Corp. v. Twombly, 550 U.S. 544 (U.S. 2007)","Bell Atlantic Corp. v. Twombly","550 U.S. 544","2007","Y","VERIFIED","Y","Bell Atlantic Corp. v. Twombly","145730","N","Yellow","Twombly establishes the 12(b)(6) plausibility pleading standard referenced in the proposition, but the proposition's fragmentary quote cuts off before stating the actual standard, and the case arises in a Sherman Act antitrust context wholly unrelated to the celebrity-booking contract dispute described.","0.0580248","0.0374253"
"lepard-11592391_8","lepard","Importantly, § 1334(b) confers original but not exclusive jurisdiction to the federal courts ""for proceedings either 'arising under title 11,' 'arising in... cases under title 11,' or'related to... cases under title 11.' ""","Continental National Bank v. Sanchez","Continental National Bank v. Sanchez, 170 F.3d 1340 (1999)","Celotex Corp. v. Edwards, 514 U.S. 300 (U.S. 1995)","Celotex Corp. v. Edwards","514 U.S. 300","1995","Y","VERIFIED","Y","Celotex Corp. v. Edwards","117920","N","Green","The opinion text quotes Â§ 1334(b) verbatim and explicitly confirms it confers original but not exclusive jurisdiction over proceedings 'arising under title 11,' 'arising in,' or 'related to' cases under title 11.","0.0572073","0.04801905000000001"
"lepard-1540643_6","lepard","§ 2412(d)(2)(A)(ii). A claimant corporation, the net worth of which is less than $7,000,000, and who employs less than 500 people, at the time of suit, may file an application for attorney fees and costs under the EAJA. The EAJA also provides that the party seeking an award of fees must submit to the cornet an application that “shows... the amount sought, including an itemized statement from any attorney or expert witness representing or appearing [on] behalf of the party stating the actual time expended and the rate at which fees and other expenses were computed.","Bazalo v. West","Bazalo v. West, 150 F.3d 1380 (1998)","UNKNOWN","","","","N","","N","","","N","","model returned UNKNOWN","0.0","0.0519753"
"lepard-1738195_4","lepard","Explanatory Notes for HTSUS heading 7318. The phrases “screws for wood” and “self-tapping (Parker) screws” in the Explanatory Notes each suggest a use for the screws, but the Explanatory Notes also offer physical characteristics for each type of screw and no language suggests that the subheadings are controlled by use. Although neither provision is controlled by use, use may still be implicated in the court’s interpretive analysis because, in limited circumstances, the intended use of the, product may be implicated by the tariff terms. The court defines those terms relying upon its own understanding of the terms and may “","Carl Zeiss, Inc. v. United States","Carl Zeiss, Inc. v. United States, 195 F.3d 1375 (1999)","UNKNOWN","","","","N","","N","","","N","","model returned UNKNOWN","0.0","0.0568878"
"lepard-1494463_48","lepard","at 565-66, 109 S.Ct. 757. After another court, trying a different group of defendants, had ruled that the rigged bids were part and parcel of a single conspiracy, the Broce defendants mounted a collateral attack on their second conviction. The Supreme Court concluded that “","United States v. Broce","United States v. Broce, 488 U.S. 563 (1989)","United States v. Broce, 488 U.S. 563 (1989)","United States v. Broce","488 U.S. 563","1989","Y","VERIFIED","Y","United States v. Broce","112177","Y","Green","The excerpt at pages 565-68 directly confirms the described sequence: the Beachner court (different defendants) found a single overarching conspiracy, the Broce defendants then collaterally attacked their second conviction relying on Beachner II, and the Supreme Court held that challenge was foreclosed by their guilty pleas.","0.06340604999999999","0.039750299999999995"
"lepard-1564497_35","lepard","O’Quinn & Assoc., LLP, 523 Fed.Appx. 761, 764 (2d Cir.2013). The Second Circuit has directed courts to classify arbitration clauses as either broad or narrow. Clauses requiring arbitration of disputes “","Vimar Seguros y Reaseguros, S. A. v. M/V Sky Reefer","Vimar Seguros y Reaseguros, S. A. v. M/V Sky Reefer, 515 U.S. 528 (1995)","Collins & Aikman Products Co. v. Building Systems, Inc., 58 F.3d 16 (2d Cir. 1995)","Aikman Products Co. v. Building Systems, Inc.","58 F.3d 16","1995","Y","VERIFIED","N","Collins & Aikman Products Co. v. Building Systems, Inc. And U.S. Commercial Floor System","698355","N","Green","The excerpt from Collins & Aikman explicitly establishes the broad/narrow arbitration clause distinction and identifies 'any claim or controversy arising out of or relating to this agreement' as the paradigm of a broad clause, directly supporting the proposition.","0.05733855","0.0458553"
"lepard-1720089_31","lepard","We possess appellate jurisdiction pursuant to 28 U.S.C. § 1291. III. Standard of Review Summary judgment is appropriate “","Thaddeus-X v. Blatter","Thaddeus-X v. Blatter, 175 F.3d 378 (1999)","UNKNOWN","","","","N","","N","","","N","","model returned UNKNOWN","0.0","0.0523053"
"lepard-348819_5","lepard","They also claim to have been injured in the same way—by the deprivation of their property without due process. The questions common to the proposed classes include: 1) whether the District had a custom, practice or policy of failing to check the incarceration status of any individual to whom a notice was being sent; 2) whether the District’s practice of failing to send notices to incarcerated persons at their place of incarceration violated plaintiffs’ due process rights; 3) whether the District had a custom, practice or policy of failing to conduct any follow up on returned undelivered notices; 4) whether the District’s practice of failing to conduct any follow up on undelivered mail receipts violated plaintiffs’ due process rights; and 5) whether the District’s failure to either return property or begin a forfeiture proceeding violated plaintiffs’ rights. The Court is satisfied that Plaintiffs have met their burden to establish that these common questions of law and fact exist in this case. Typicality Rule 23(a)(3) requires a finding that “","Pigford v. Glickman","Pigford v. Glickman, 182 F.R.D. 341 (1998)","UNKNOWN","","","","N","","N","","","N","","model returned UNKNOWN","0.0","0.052215300000000006"
"lepard-1564297_56","lepard","See 14 C.F.R. § 93.319(f). 2097, 2112-13, 132 L.Ed.2d 158 (1995), in which the Supreme Court held that “all racial classifications... must be analyzed by a reviewing court under strict scrutiny.","Adarand Constructors, Inc. v. Pena","Adarand Constructors, Inc. v. Pena, 515 U.S. 200 (1995)","Adarand Constructors, Inc. v. PeÃ±a, 515 U.S. 200 (U.S. 1995)","Adarand Constructors, Inc. v. PeÃ±a","515 U.S. 200","1995","Y","VERIFIED","N","Adarand Constructors, Inc. v. Pena","117947","N","Green","Adarand Constructors, Inc. v. Pena, 515 U.S. 200 directly held that all racial classifications imposed by the federal government must be analyzed under strict scrutiny, which is precisely the proposition stated.","0.05659605","0.04012905"
"lepard-11651497_8","lepard","2727, 73 L.Ed.2d 396(1982). Once a defendant raises the qualified immunity defense, the plaintiff must come forward with facts or allegations sufficient to show both that the defendant’s alleged conduct violated the law and that [the] law was clearly established when the alleged violation occurred. Qualified immunity shields public officials performing discretionary functions from civil damages, so long as their conduct does not violate clearly established statutory or constitutional rights of which an objectively prudent person would be aware. Essentially, “[qualified immunity seeks to ensure that defendants ‘reasonably can anticipate when their conduct may give rise to liability,’ by attaching liability only if ‘[t]he contours of the right [violated are] sufficiently clear that a reasonable official would understand that what he is doing violates that right.","United States v. Lanier","United States v. Lanier, 520 U.S. 259 (1997)","Harlow v. Fitzgerald, 457 U.S. 800, 102 S.Ct. 2727, 73 L.Ed.2d 396 (U.S. 1982)","Harlow v. Fitzgerald","457 U.S. 800","1982","Y","VERIFIED","Y","Harlow v. Fitzgerald","110763","N","Green","Harlow v. Fitzgerald is the foundational case establishing the objective qualified immunity standard described in the proposition, shielding officials performing discretionary functions unless they violate clearly established statutory or constitutional rights of which a reasonable person would have known.","0.06263355","0.0380103"
"lepard-1564216_4","lepard","Murphy later filed an amended return in which she sought a refund of the $20,665 based upon § 104(a)(2) of the IRC, which provides that “gross income does not include... damages... received... on account of personal physical injuries or physical sickness.","Commissioner v. Schleier","Commissioner v. Schleier, 515 U.S. 323 (1995)","Murphy v. IRS, 460 F.3d 79 (D.C. Cir. 2006)","Murphy v. IRS","460 F.3d 79","2006","Y","VERIFIED","N","Murphy v. Internal Revenue Service","8439402","N","Green","The opinion excerpt explicitly states that Murphy filed an amended return seeking a refund of the $20,665 based upon Â§ 104(a)(2) of the IRC and quotes the exact statutory language cited in the proposition.","0.057882300000000005","0.0476103"
"lepard-11716177_64","lepard","1917, 1924, 48 L.Ed.2d 450 (1976). Because the plaintiff must establish that a favorable decision will be likely to redress his injury, the form of relief sought is often critical in determining whether the plaintiff has standing. Thus, as numerous Supreme Court decisions illustrate, a given plaintiff may have standing to sue for damages yet lack standing to seek injunctive relief. While a § 1983 plaintiff’s allegation that he has suffered from unconstitutional practices may be sufficient to establish standing to sue for damages, “","O’Shea v. Littleton","O’Shea v. Littleton, 414 U.S. 488 (1974)","City of Los Angeles v. Lyons, 461 U.S. 95 (1983)","City  Los Angeles v. Lyons","461 U.S. 95","1983","Y","VERIFIED","Y","City of Los Angeles v. Lyons","110916","N","Green","Lyons directly holds that past unconstitutional conduct may support standing for damages while being insufficient to establish standing for injunctive relief, which is precisely the proposition stated.","0.05545605","0.05320905"
"lepard-11651497_15","lepard","And because (as we held in Bennett IT) the facts alleged by Bennett disclose no basis from which to conclude that David posed an immediate threat to anyone but himself, we conclude that this case is one in which the “general constitutional rule already identified in decisional law... applies] with obvious clarity to the specific conduct in question” (Id.).","United States v. Lanier","United States v. Lanier, 520 U.S. 259 (1997)","United States v. Lanier, 520 U.S. 259 (Supreme Court 1997)","United States v. Lanier","520 U.S. 259","1997","Y","VERIFIED","Y","United States v. Lanier","118098","Y","Yellow","Lanier does articulate the 'general constitutional rule applies with obvious clarity' standard, but the case concerns criminal liability under 18 U.S.C. Â§ 242, not civil qualified immunity in a use-of-force/immediate-threat context; the specific quoted passage does not appear in the provided excerpt (likely in truncated text), and the proposition's application to an 'immediate threat' factual analysis goes beyond what Lanier itself addressed.","0.07905105","0.050681550000000006"
"lepard-11735156_12","lepard","Finally, plaintiffs allege that the federal Petroleum Marketing Practices Act (“PMPA”), 15 U.S.C. § 2801 et seq., preempts the Ethanol Blending Statute because it allows a franchiser to terminate a franchise agreement if the franchisee engaged in adulteration or misbranding of the supplier’s product. First, “determining whether a federal statute preempts a state statute... is a constitutional question.","Perez. v. Campbell","Perez. v. Campbell, 402 U.S. 637 (1971)","UNKNOWN","","","","N","","N","","","N","","model returned UNKNOWN","0.0","0.051169049999999994"
"freshdc-10846210-0","freshdc","noting that by “using motions pages as a proxy,” the district court “properly apportioned” fees between parties","Turner v. D.C. Bd. of Elections & Ethics","Turner v. D.C. Bd. of Elections & Ethics, 354 F.3d 890 (2004)","UNKNOWN","","","","N","","N","","","N","","model returned UNKNOWN","0.0","0.04272405"
"freshdc-10846302-1","freshdc","“As a court of limited jurisdiction, we begin, and end, with an examination of our jurisdiction.”","Kokkonen v. Guardian Life Ins. Co. of Am.","Kokkonen v. Guardian Life Ins. Co. of Am., 511 U.S. 375 (2004)","Steel Co. v. Citizens for a Better Environment, 523 U.S. 83 (U.S. 1998)","Better Environment","523 U.S. 83","1998","Y","VERIFIED","Y","Steel Co. v. Citizens for a Better Environment","2620886","N","Green","Steel Co. expressly rejects 'hypothetical jurisdiction' and holds that jurisdiction must be established as a threshold matter before reaching the merits, directly supporting the proposition that a court beginsâ€”and endsâ€”with jurisdictional examination.","0.062404799999999996","0.0515028"
"freshdc-10847369-2","freshdc","“[A] reason cannot be proved to be ‘a pretext for discrimination’ unless it is shown both that the reason was false, and that discrimination was the real reason.” (quoting Tex. Dep’t of Cmty. Affs. v. Burdine, 450 U.S. 248, 253 (1981))","St. Mary’ Honor Ctr. v. Hicks","St. Mary’ Honor Ctr. v. Hicks, 509 U.S. 502 (1993)","St. Mary's Honor Center v. Hicks, 509 U.S. 502 (U.S. 1993)","St. Mary' Honor Center v. Hicks","509 U.S. 502","1993","Y","VERIFIED","Y","St. Mary's Honor Center v. Hicks","112901","Y","Yellow","Hicks does contain the quoted two-part pretext language ('false' + 'discrimination was the real reason'), but that formulation is Hicks's own holding, not a direct quotation from Burdine 450 U.S. at 253; Burdine at 253 merely says the plaintiff must show the reasons 'were not its true reasons, but were a pretext for discrimination,' so the parenthetical attribution to Burdine overstates the source.","0.08847854999999999","0.03736155"
"freshdc-10846361-3","freshdc","“[I]f subject-matter jurisdiction turns on contested facts, the trial judge may be authorized to review the evidence and resolve the dispute on her own.”","Arbaugh v. Y & H Corp.","Arbaugh v. Y & H Corp., 546 U.S. 500 (2006)","Williamson v. Tucker, 645 F.2d 404 (5th Cir. 1981)","Williamson v. Tucker","645 F.2d 404","1981","Y","VERIFIED","N","John D. Williamson, Plaintiffs-Appellants-Cross v. Gordon G. Tucker, Defendants-Appellees-Cross","389145","N","Yellow","The excerpt discusses the procedural distinction between Rule 12(b)(1) jurisdictional dismissals and Rule 56 summary judgment, and raises the question of whether the district court resolved disputed factual issues, but it never affirmatively states the principle that a trial judge is authorized to independently weigh evidence and resolve contested jurisdictional factsâ€”that holding, if present, would appear in a later portion of the opinion not included in the excerpt.","0.06762855","0.0592803"
"freshdc-10846361-4","freshdc","explaining that plaintiffs must demonstrate standing for each claim they press, each form of relief they seek, and each defendant they name","Murthy v. Missouri","Murthy v. Missouri, 603 U.S. 43 (2024)","TransUnion LLC v. Ramirez, 594 U.S. 413 (2021)","TransUnion LLC v. Ramirez","594 U.S. 413","2021","Y","VERIFIED","Y","TransUnion LLC v. Ramirez","4894912","N","Yellow","The excerpt supports the 'each claim' dimensionâ€”the Court separately analyzes standing for the reasonable-procedures claim versus the formatting claimsâ€”but the excerpt does not address the 'each form of relief' or 'each defendant' components of the proposition, making the citation an overstatement of what the case expressly holds.","0.0666798","0.0471378"
"freshdc-10846361-5","freshdc","“Title VII does more than merely exclude an alien employed overseas from protection; it affirmatively grants protection only to ‘a citizen of the United States.’” (quoting 42 U.S.C. § 2000e(f))","Shekoyan v. Sibley Int’l","Shekoyan v. Sibley Int’l, 409 F.3d 414 (2005)","UNKNOWN","","","","N","","N","","","N","","model returned UNKNOWN","0.0","0.052702799999999994"
"freshdc-10847189-6","freshdc","“There is little question that disclosing the identity of targets of law-enforcement investigations can subject those identified to embarrassment and potentially more serious reputational harm.”","Behalf  Judiciary Comm. v. DOJ","Behalf  Judiciary Comm. v. DOJ, 823 F.2d 574 (1987)","United States Department of Justice v. Reporters Committee for Freedom of the Press, 489 U.S. 749 (S. Ct. 1989)","Freedom of the Press","489 U.S. 749","1989","Y","VERIFIED","Y","United States Department of Justice v. Reporters Committee for Freedom of the Press","112224","N","Yellow","The case addresses privacy interests in law enforcement records under FOIA Exemption 7(C) and supports the general notion that disclosure of such records can harm individuals, but the excerpt does not contain language specifically about 'targets of investigations' facing 'embarrassment' or 'reputational harm,' making the proposition a broader characterization than what the provided text directly holds.","0.07198979999999999","0.06151155"
"freshdc-10846210-7","freshdc","lowering a fee award where, had the case gone to summary judgment, briefing would have involved “straightforward issues”","Rooths v. District of Columbia","Rooths v. District of Columbia, 802 F. Supp. 2d 56 (2011)","UNKNOWN","","","","N","","N","","","N","","model returned UNKNOWN","0.0","0.0416328"
"freshdc-10847189-8","freshdc","“A party opposing a summary judgment motion who does not address an argument advanced in the motion is deemed to have conceded the argument.”","Hairston v. Boardman","Hairston v. Boardman, 915 F. Supp. 2d 155 (2013)","Resolution Trust Corp. v. Dunmar Corp., 43 F.3d 587 (11th Cir. 1995)","Resolution Trust Corp. v. Dunmar Corp.","43 F.3d 587","1995","Y","VERIFIED","Y","Resolution Trust Corp. v. Dunmar Corp.","7031119","N","Red","The excerpt addresses the D'Oench doctrine barring oral-agreement claims against federal deposit insurers; the only abandonment language ('has not been pursued on appeal and thus is deemed abandoned') concerns arguments dropped on appeal, not arguments unaddressed in opposition to a summary judgment motion.","0.07768604999999999","0.051345299999999996"
"freshdc-10846361-9","freshdc","“[A]n official- capacity suit is, in all respects other than name, to be treated as a suit against the [United States]”","Kentucky v. Graham","Kentucky v. Graham, 473 U.S. 159 (1985)","Kentucky v. Graham, 473 U.S. 159 (U.S. 1985)","Kentucky v. Graham","473 U.S. 159","1985","Y","VERIFIED","Y","Kentucky v. Graham","111500","Y","Yellow","The quoted language appears verbatim in the opinion (p. 166, citing Brandon v. Holt), but the proposition omits the qualifier 'as a suit against the entity' and substitutes 'the United States' â€” Kentucky v. Graham addresses suits against state/local government entities, not the United States specifically.","0.058321050000000006","0.040515300000000004"
"freshdc-10847840-10","freshdc","“When [plaintiff] filed his Complaint, his purpose was for his allegations to be the basis of a potential trial,” and “there is a strong presumption for public access weighing in favor of unsealing the Complaint.”","Durham v. Prospect Waterproofing, Inc.","Durham v. Prospect Waterproofing, Inc., 818 F. Supp. 2d 64 (2011)","UNKNOWN","","","","N","","N","","","N","","model returned UNKNOWN","0.0","0.047805299999999995"
"freshdc-10846244-11","freshdc","holding that the officer’s question, “you ain’t got no guns on you, do ya?” did not transform police encounter into a seizure","United States v. Bryant","United States v. Bryant, 111 F.4th 105 (2024)","*United States v. Mendenhall*, 446 U.S. 544 (U.S. 1980)","States v. Mendenhall*","446 U.S. 544","1980","Y","VERIFIED","Y","United States v. Mendenhall","110264","N","Red","Mendenhall addresses whether DEA agents asking for ID at an airport constitutes a seizure under the Fourth Amendment; it contains no holding or passage about a gun-question inquiry, which is the specific fact pattern the proposition describes.","0.0598398","0.0371478"
"freshdc-10847369-12","freshdc","“[E]ven if some intent to avoid the FMLA’s consequences is evidenced—a finding of willfulness will not necessarily Page 31 of 34 follow where the employer tried to comport with the law and tenable reasoning undergirded its conduct.”","Bass v. Potter","Bass v. Potter, 522 F.3d 1098 (2008)","UNKNOWN","","","","N","","N","","","N","","model returned UNKNOWN","0.0","0.04519155"
"freshdc-10846361-13","freshdc","analogizing to Arbaugh and holding that just as a defendant’s status as an employer under § 2000e is not a jurisdictional question, so too an employee’s status under § 2000e-16(a)","Gray v. LaHood","Gray v. LaHood, 917 F. Supp. 2d 120 (2013)","UNKNOWN","","","","N","","N","","","N","","model returned UNKNOWN","0.0","0.056576549999999996"
"freshdc-10846361-14","freshdc","analogizing to Arbaugh and holding that just as a defendant’s status as an employer under § 2000e is not a jurisdictional question, so too an employee’s status under § 2000e-16(a)","Gray v. LaHood","Gray v. LaHood, 917 F. Supp. 2d 120 (2013)","UNKNOWN","","","","N","","N","","","N","","model returned UNKNOWN","0.0","0.062111549999999995"
"freshdc-10846361-15","freshdc","analogizing to Arbaugh and holding that just as a defendant’s status as an employer under § 2000e is not a jurisdictional question, so too an employee’s status under § 2000e-16(a)","Gray v. LaHood","Gray v. LaHood, 917 F. Supp. 2d 120 (2013)","UNKNOWN","","","","N","","N","","","N","","model returned UNKNOWN","0.0","0.04618155"
"freshdc-10847369-16","freshdc","dismissing a hostile work environment claim which amounted to a collection of ordinary workplace difficulties","Massaquoi v. District of Columbia","Massaquoi v. District of Columbia, 81 F. Supp. 3d 44 (2015)","Baskerville v. Culligan International Co., 50 F.3d 428 (7th Cir. 1995)","Baskerville v. Culligan International Co.","50 F.3d 428","1995","Y","VERIFIED","Y","Valerie A. Baskerville v. Culligan International Company","691992","N","Yellow","Baskerville dismissed a hostile work environment claim based on vulgar/boorish but non-severe conduct, not 'ordinary workplace difficulties' broadlyâ€”the case is specifically about sexual harassment threshold, which partially but not precisely matches the stated proposition.","0.0522048","0.0470478"
"freshdc-10847369-17","freshdc","dismissing plaintiff’s hostile work environment claim because he “offer[ed] nothing to support a claim that any of [supervisor]’s conduct was linked to his age”","McKeithan v. Boarman","McKeithan v. Boarman, 803 F. Supp. 2d 63 (2011)","UNKNOWN","","","","N","","N","","","N","","model returned UNKNOWN","0.0","0.04278030000000001"
"freshdc-10846361-18","freshdc","explaining that the FTCA “retains sovereign immunity for . . . ‘[a]ny claim arising in a foreign country’” (quoting 28 U.S.C. § 2680(k))","Sosa v. Alvarez-Machain","Sosa v. Alvarez-Machain, 542 U.S. 692 (2013)","Smith v. United States, 507 U.S. 197 (U.S. 1993)","Smith v. United States","507 U.S. 197","1993","Y","VERIFIED","Y","Smith v. United States","112827","N","Green","The excerpt directly quotes 28 U.S.C. Â§ 2680(k)'s foreign-country exception and holds that it bars FTCA claims arising outside U.S. territory, confirming the proposition that the FTCA retains sovereign immunity for '[a]ny claim arising in a foreign country.'","0.0524673","0.0509478"
"freshdc-10847364-19","freshdc","“Rule 4(c)(2) is violated when a plaintiff personally attempts to serve a defendant—including the United States—by mail.”","Olson v. FEC","Olson v. FEC, 256 F.R.D. 8 (2009)","Constien v. United States, 628 F.3d 1207 (10th Cir. 2010)","Constien v. United States","628 F.3d 1207","2010","Y","VERIFIED","Y","Constien v. United States","180769","N","Green","The opinion explicitly states Rule 4(c)(2) requires a non-party to serve process and that '[e]ven when service is effected by use of the mail, only a nonparty can place the summons and complaint in the mail,' in a case where the United States was the defendant.","0.0611073","0.0477678"
"freshdc-10847189-20","freshdc","“A party opposing a summary judgment motion who does not address an argument advanced in the motion is deemed to have conceded the argument.”","Hairston v. Boardman","Hairston v. Boardman, 915 F. Supp. 2d 155 (2013)","UNKNOWN","","","","N","","N","","","N","","model returned UNKNOWN","0.0","0.0591453"
"freshdc-10847841-21","freshdc","finding agency’s appeal procedure contemplated appeals of inaction and therefore plaintiff was subject to administrative-exhaustion requirement in suit over agency delay","Mdewakanton Sioux Indians  Minn. v. Zinke","Mdewakanton Sioux Indians  Minn. v. Zinke, 264 F. Supp. 3d 116 (2017)","UNKNOWN","","","","N","","N","","","N","","model returned UNKNOWN","0.0","0.0589503"
"freshdc-10846361-22","freshdc","underscoring that sovereign immunity bars suits for money damages against federal officers acting in their official capacities","Clark v. Libr. of Cong.","Clark v. Libr. of Cong., 750 F.2d 89 (1984)","Kentucky v. Graham, 473 U.S. 159 (U.S. 1985)","Kentucky v. Graham","473 U.S. 159","1985","Y","VERIFIED","Y","Kentucky v. Graham","111500","N","Yellow","Graham addresses Eleventh Amendment immunity for state officials in official-capacity suits, not federal officers, and its core holding concerns attorney's fees under Â§1988 rather than sovereign immunity bars on money damages per seâ€”though the excerpt does confirm the relevant immunity principle.","0.05805104999999999","0.042934049999999994"
"freshdc-10846244-23","freshdc","concluding that no seizure occurred where one officer approached the defendant and “politely asked him a series of questions” while another officer “remained several feet away”","United States v. Lloyd","United States v. Lloyd, 868 F.2d 447 (1989)","United States v. Mendenhall, 446 U.S. 544 (U.S. 1980)","United States v. Mendenhall","446 U.S. 544","1980","Y","VERIFIED","Y","United States v. Mendenhall","110264","N","Yellow","Mendenhall does hold that no seizure occurred when agents approached and questioned the respondent in an airport concourse, supporting the general principle, but the specific factual characterizationâ€”one officer 'politely asked a series of questions' while another 'remained several feet away'â€”does not appear in the opinion and may be drawn from a different case, making the attribution imprecise.","0.0664098","0.0371478"
"freshdc-10847189-24","freshdc","“There is little question that disclosing the identity of targets of law-enforcement investigations can subject those identified to embarrassment and potentially more serious reputational harm.”","Behalf  Judiciary Comm. v. DOJ","Behalf  Judiciary Comm. v. DOJ, 823 F.2d 574 (1987)","UNKNOWN","","","","N","","N","","","N","","model returned UNKNOWN","0.0","0.053801550000000004"
"freshdc-10847369-25","freshdc","dismissing plaintiff’s hostile work environment claim because he “offer[ed] nothing to support a claim that any of [supervisor]’s conduct was linked to his age”","McKeithan v. Boarman","McKeithan v. Boarman, 803 F. Supp. 2d 63 (2011)","UNKNOWN","","","","N","","N","","","N","","model returned UNKNOWN","0.0","0.0367653"
"freshdc-10846089-26","freshdc","explaining that an entity within D.C. government may be sued only if it is statutorily a separate legal entity","Roberson v. D.C. Bd. of Higher Educ.","Roberson v. D.C. Bd. of Higher Educ., 359 A.2d 28 (1976)","Bradshaw v. District of Columbia, 43 F.3d 712 (D.C. Cir. 1995)","Bradshaw v. District of Columbia","43 F.3d 712","1995","N","POSSIBLE_MATCH","N","Autek Systems Corp. v. United States","685586","N","","","0.0","0.03717404999999999"
"freshdc-10846361-27","freshdc","explaining that the Supreme Court’s “approach to Fifth Amendment equal protection claims has always been precisely the same as to equal protection claims under the Fourteenth Amendment”","Weinberger v. Wiesenfeld","Weinberger v. Wiesenfeld, 420 U.S. 636 (1975)","Adarand Constructors, Inc. v. PeÃ±a, 515 U.S. 200 (U.S. 1995)","Adarand Constructors, Inc. v. PeÃ±a","515 U.S. 200","1995","Y","VERIFIED","N","Adarand Constructors, Inc. v. Pena","117947","N","Red","The excerpt explicitly states the opposite â€” that '[o]ur cases have accorded varying degrees of significance to the difference in the language of those two Clauses' and traces a history where the Fifth Amendment was not treated as carrying an equal protection guarantee identical to the Fourteenth Amendment; Adarand moves toward aligning the standards prospectively rather than affirming they were always the same.","0.062251049999999995","0.052864049999999996"
"freshdc-10846361-28","freshdc","explaining that the Supreme Court’s “approach to Fifth Amendment equal protection claims has always been precisely the same as to equal protection claims under the Fourteenth Amendment”","Weinberger v. Wiesenfeld","Weinberger v. Wiesenfeld, 420 U.S. 636 (1975)","Adarand Constructors, Inc. v. PeÃ±a, 515 U.S. 200 (U.S. 1995)","Adarand Constructors, Inc. v. PeÃ±a","515 U.S. 200","1995","Y","VERIFIED","N","Adarand Constructors, Inc. v. Pena","117947","N","Red","Adarand explicitly recounts that through the 1940s the Court held the Fifth Amendment 'contains no equal protection clause,' documenting a historical divergence rather than uniform equivalence; the case revisits and changes the standard going forward, contradicting any claim that the approaches 'have always been precisely the same.'","0.06307605","0.05419905"
"freshdc-10847289-29","freshdc","“[S]peculative and unsubstantiated claims of harm to [plaintiff’s] reputational . . . interests are insufficient to justify proceeding anonymously[.]”","Consumer Fin. Prot. Bureau","Consumer Fin. Prot. Bureau, 195 F. Supp. 3d 9 (2016)","UNKNOWN","","","","N","","N","","","N","","model returned UNKNOWN","0.0","0.060082800000000006"
"freshdc-10846302-30","freshdc","“As a court of limited jurisdiction, we begin, and end, with an examination of our jurisdiction.”","Kokkonen v. Guardian Life Ins. Co. of Am.","Kokkonen v. Guardian Life Ins. Co. of Am., 511 U.S. 375 (2004)","UNKNOWN","","","","N","","N","","","N","","model returned UNKNOWN","0.0","0.0477528"
"freshdc-10846361-31","freshdc","explaining that the Supreme Court’s “approach to Fifth Amendment equal protection claims has always been precisely the same as to equal protection claims under the Fourteenth Amendment”","Weinberger v. Wiesenfeld","Weinberger v. Wiesenfeld, 420 U.S. 636 (1975)","Weinberger v. Wiesenfeld, 420 U.S. 636 (U.S. 1975)","Weinberger v. Wiesenfeld","420 U.S. 636","1975","Y","VERIFIED","Y","Weinberger v. Wiesenfeld","109218","Y","Yellow","Wiesenfeld applies Fifth Amendment equal protection analysis using Fourteenth Amendment precedents (e.g., Reed v. Reed), implicitly treating the standards as equivalent, but the opinion never explicitly states that the Court's approach to Fifth Amendment equal protection 'has always been precisely the same' as Fourteenth Amendment equal protection â€” that specific doctrinal formulation is not found in this excerpt.","0.06546855","0.03718905"
"freshdc-10846302-32","freshdc","“As a court of limited jurisdiction, we begin, and end, with an examination of our jurisdiction.”","Kokkonen v. Guardian Life Ins. Co. of Am.","Kokkonen v. Guardian Life Ins. Co. of Am., 511 U.S. 375 (2004)","UNKNOWN","","","","N","","N","","","N","","model returned UNKNOWN","0.0","0.05304779999999999"
"freshdc-10847840-33","freshdc","“When [plaintiff] filed his Complaint, his purpose was for his allegations to be the basis of a potential trial,” and “there is a strong presumption for public access weighing in favor of unsealing the Complaint.”","Durham v. Prospect Waterproofing, Inc.","Durham v. Prospect Waterproofing, Inc., 818 F. Supp. 2d 64 (2011)","Lugosch v. Pyramid Co. of Onondaga, 435 F.3d 110 (2d Cir. 2006)","Lugosch v. Pyramid Co. of Onondaga","435 F.3d 110","2006","Y","VERIFIED","Y","Lugosch v. Pyramid Co. of Onondaga","793012","N","Yellow","Lugosch establishes a general presumption of public access to judicial documents under the common law and First Amendment, which partially supports the unsealing argument, but the case concerns summary judgment materials rather than complaints, and the excerpt contains no language about a plaintiff's intent or purpose in filing a complaint.","0.06570480000000001","0.0514803"
"freshdc-10846089-34","freshdc","denying motion to dismiss hostile work environment claim where plaintiff alleged, among other things, that he was subjected to “threats of discipline based on false accusations”","Wise v. Ferriero","Wise v. Ferriero, 842 F. Supp. 2d 120 (2012)","UNKNOWN","","","","N","","N","","","N","","model returned UNKNOWN","0.0","0.0439203"
"freshdc-10846361-35","freshdc","“[A] pro se complaint, however inartfully pleaded, must be held to less stringent standards than formal pleadings drafted by lawyers.” (quoting Estelle v. Gamble, 429 U.S. 97, 106 (1976))","Erickson v. Pardus","Erickson v. Pardus, 551 U.S. 89 (2007)","Haines v. Kerner, 404 U.S. 519 (U.S. 1972)","Haines v. Kerner","404 U.S. 519","1972","Y","VERIFIED","Y","Haines v. Kerner","108432","N","Green","Haines v. Kerner is the originating source of the 'less stringent standards' language for pro se complaints that Estelle v. Gamble later quoted verbatim, and the identical passage appears in the excerpt.","0.04155105","0.03724905"
"freshdc-10847840-36","freshdc","“When [plaintiff] filed his Complaint, his purpose was for his allegations to be the basis of a potential trial,” and “there is a strong presumption for public access weighing in favor of unsealing the Complaint.”","Durham v. Prospect Waterproofing, Inc.","Durham v. Prospect Waterproofing, Inc., 818 F. Supp. 2d 64 (2011)","UNKNOWN","","","","N","","N","","","N","","model returned UNKNOWN","0.0","0.0471753"
"freshdc-10846361-37","freshdc","explaining that the FTCA “retains sovereign immunity for . . . ‘[a]ny claim arising in a foreign country’” (quoting 28 U.S.C. § 2680(k))","Sosa v. Alvarez-Machain","Sosa v. Alvarez-Machain, 542 U.S. 692 (2013)","Smith v. United States, 507 U.S. 197 (U.S. 1993)","Smith v. United States","507 U.S. 197","1993","Y","VERIFIED","Y","Smith v. United States","112827","N","Green","The excerpt directly quotes and applies 28 U.S.C. Â§ 2680(k)'s foreign-country exception, confirming the FTCA retains sovereign immunity for '[a]ny claim arising in a foreign country,' which is precisely what the proposition states.","0.052332300000000005","0.042727799999999996"
"freshdc-10846089-38","freshdc","ruling that plaintiffs need not “demonstrate that all of the relevant aspects of [their] employment situation were nearly identical to those of the comparators” at dismissal stage (cleaned up)","Joyner v. Morrison & Foerster LLP","Joyner v. Morrison & Foerster LLP, 140 F.4th 523 (2025)","UNKNOWN","","","","N","","N","","","N","","model returned UNKNOWN","0.0","0.05107155"
"freshdc-10847189-39","freshdc","“There is little question that disclosing the identity of targets of law-enforcement investigations can subject those identified to embarrassment and potentially more serious reputational harm.”","Behalf  Judiciary Comm. v. DOJ","Behalf  Judiciary Comm. v. DOJ, 823 F.2d 574 (1987)","U.S. Dep't of Justice v. Reporters Comm. for Freedom of the Press, 489 U.S. 749 (U.S. 1989)","Freedom of the Press","489 U.S. 749","1989","Y","VERIFIED","Y","United States Department of Justice v. Reporters Committee for Freedom of the Press","112224","N","Yellow","The case broadly supports privacy interests in law-enforcement records and the harm of disclosure, but the excerpt does not contain the specific language about 'embarrassment and potentially more serious reputational harm' from disclosing 'targets of investigations'; the case addresses rap-sheet compilation privacy under FOIA Exemption 7(C), a narrower and distinct framing from the proposition's broader claim.","0.0786948","0.05161155"
"freshdc-10847841-40","freshdc","finding agency’s appeal procedure contemplated appeals of inaction and therefore plaintiff was subject to administrative-exhaustion requirement in suit over agency delay","Mdewakanton Sioux Indians  Minn. v. Zinke","Mdewakanton Sioux Indians  Minn. v. Zinke, 264 F. Supp. 3d 116 (2017)","UNKNOWN","","","","N","","N","","","N","","model returned UNKNOWN","0.0","0.0558603"
"freshdc-10846361-41","freshdc","explaining that the FTCA “retains sovereign immunity for . . . ‘[a]ny claim arising in a foreign country’” (quoting 28 U.S.C. § 2680(k))","Gross v. Dev. Alts., Inc.","Gross v. Dev. Alts., Inc., 946 F. Supp. 2d 120 (2013)","Smith v. United States, 507 U.S. 197 (U.S. 1993)","Smith v. United States","507 U.S. 197","1993","Y","VERIFIED","Y","Smith v. United States","112827","N","Green","The excerpt directly quotes and applies 28 U.S.C. Â§ 2680(k)'s foreign-country exception, holding it bars FTCA claims arising in Antarctica and thus confirming the statute retains sovereign immunity for '[a]ny claim arising in a foreign country.'","0.0523623","0.0422178"
"freshdc-10847189-42","freshdc","“[T]his court has found that individuals have an obvious privacy interest cognizable under Exemption 7(C) in keeping secret the fact that they were subjects of a law enforcement investigation.”","Nation Mag., Washington Bureau v. U.S. Customs Serv.","Nation Mag., Washington Bureau v. U.S. Customs Serv., 71 F.3d 885 (1995)","SafeCard Services, Inc. v. SEC, 926 F.2d 1197 (D.C. Cir. 1991)","SafeCard Services, Inc. v. SEC","926 F.2d 1197","1991","Y","VERIFIED","N","Safecard Services, Inc. v. Securities and Exchange Commission","556586","N","Yellow","The excerpt confirms the court affirmed an Exemption 7(C) personal privacy ruling in a law enforcement investigation context, consistent with the proposition, but the excerpt is truncated before reaching the 7(C) analysis section and does not contain the specific passage articulating an 'obvious privacy interest in keeping secret the fact that they were subjects of a law enforcement investigation.'","0.07356105","0.046309050000000004"
"freshdc-10847369-43","freshdc","“[A] suspension without pay that is never served does not constitute an adverse employment action.”","Whittaker v. N. Ill. Univ.","Whittaker v. N. Ill. Univ., 424 F.3d 640 (2005)","UNKNOWN","","","","N","","N","","","N","","model returned UNKNOWN","0.0","0.07558155"
"freshdc-10846361-44","freshdc","explaining that the FTCA “retains sovereign immunity for . . . ‘[a]ny claim arising in a foreign country’” (quoting 28 U.S.C. § 2680(k))","Gross v. Dev. Alts., Inc.","Gross v. Dev. Alts., Inc., 946 F. Supp. 2d 120 (2013)","Sosa v. Alvarez-Machain, 542 U.S. 692 (U.S. 2004)","Sosa v. Alvarez-Machain","542 U.S. 692","2004","Y","VERIFIED","Y","Sosa v. Alvarez-Machain","137006","N","Green","The opinion explicitly quotes and applies Â§ 2680(k)'s foreign-country exception, holding that the FTCA retains sovereign immunity for claims arising in a foreign country and rejecting the headquarters doctrine that would have circumvented that bar.","0.06123855","0.0446178"
"freshdc-10847369-45","freshdc","“mere fact” of age differential between plaintiff and selectee is insufficient to support inference that adverse action was motivated by age","Goss v. George Wash. Univ.","Goss v. George Wash. Univ., 942 F. Supp. 659 (1996)","UNKNOWN","","","","N","","N","","","N","","model returned UNKNOWN","0.0","0.06078404999999999"
"freshdc-10847840-46","freshdc","“The more relevant a pleading is to the central claims of the litigation, the stronger the presumption of unsealing the pleading becomes.”","Grover v. Related Cos.","Grover v. Related Cos., 4 F. Supp. 3d 21 (2013)","Lugosch v. Pyramid Co. of Onondaga, 435 F.3d 110 (2d Cir. 2006)","Lugosch v. Pyramid Co. of Onondaga","435 F.3d 110","2006","Y","VERIFIED","Y","Lugosch v. Pyramid Co. of Onondaga","793012","N","Yellow","Lugosch recognizes that the strength of the presumption of access scales with how substantially a document affects litigants' rights, but the case frames this as relevance to the *judicial function* (not merely relevance to the central claims), and the presumption is one of *access* subject to countervailing factorsâ€”not a direct presumption of unsealing as the proposition implies.","0.0770523","0.0436578"
"freshdc-10847369-47","freshdc","“[A] suspension without pay that is never served does not constitute an adverse employment action.”","Whittaker v. N. Ill. Univ.","Whittaker v. N. Ill. Univ., 424 F.3d 640 (2005)","UNKNOWN","","","","N","","N","","","N","","model returned UNKNOWN","0.0","0.04951155"
"freshdc-10846361-48","freshdc","explaining that the FTCA “retains sovereign immunity for . . . ‘[a]ny claim arising in a foreign country’” (quoting 28 U.S.C. § 2680(k))","Gross v. Dev. Alts., Inc.","Gross v. Dev. Alts., Inc., 946 F. Supp. 2d 120 (2013)","Smith v. United States, 507 U.S. 197 (1993)","Smith v. United States","507 U.S. 197","1993","Y","VERIFIED","Y","Smith v. United States","112827","N","Green","The excerpt directly quotes 28 U.S.C. Â§ 2680(k)'s '[a]ny claim arising in a foreign country' language and applies it to bar an FTCA claim, confirming the statute retains sovereign immunity for such claims.","0.0523023","0.0448878"
"freshdc-10847369-49","freshdc","“[A] suspension without pay that is never served does not constitute an adverse employment action.”","Whittaker v. N. Ill. Univ.","Whittaker v. N. Ill. Univ., 424 F.3d 640 (2005)","UNKNOWN","","","","N","","N","","","N","","model returned UNKNOWN","0.0","0.049931550000000005"
